Ruta,Descripcion,ID_Estacion_Origen,Hora_Salida,Intervalo_Minutos
G45,San Mateo,62013,05:00:00,0.0
G45,San Mateo,62013,05:10:00,10.0
G45,San Mateo,62013,05:20:00,10.0
G45,San Mateo,62013,05:30:00,10.0
G45,San Mateo,62013,05:40:00,10.0
G45,San Mateo,62013,05:50:00,10.0
G45,San Mateo,62013,06:00:00,10.0
G45,San Mateo,62013,06:10:00,10.0
G45,San Mateo,62013,06:20:00,10.0
G45,San Mateo,62013,06:30:00,10.0
G45,San Mateo,62013,06:40:00,10.0
G45,San Mateo,62013,06:50:00,10.0
G45,San Mateo,62013,07:00:00,10.0
G45,San Mateo,62013,07:12:45,12.8
G45,San Mateo,62013,07:25:30,12.8
G45,San Mateo,62013,07:36:30,11.0
G45,San Mateo,62013,07:46:30,10.0
G45,San Mateo,62013,07:53:30,7.0
G45,San Mateo,62013,08:00:00,6.5
G45,San Mateo,62013,16:30:00,510.0
G45,San Mateo,62013,16:40:00,10.0
G45,San Mateo,62013,16:50:00,10.0
G45,San Mateo,62013,17:00:00,10.0
G45,San Mateo,62013,17:10:00,10.0
G45,San Mateo,62013,17:20:00,10.0
G45,San Mateo,62013,17:30:00,10.0
G45,San Mateo,62013,17:40:00,10.0
G45,San Mateo,62013,17:50:00,10.0
G45,San Mateo,62013,18:00:00,10.0
G45,San Mateo,62013,18:10:00,10.0
G45,San Mateo,62013,18:20:00,10.0
G45,San Mateo,62013,18:30:00,10.0
G45,San Mateo,62013,18:40:00,10.0
G45,San Mateo,62013,18:50:00,10.0
G45,San Mateo,62013,19:00:00,10.0
G45,San Mateo,62013,19:10:00,10.0
G45,San Mateo,62013,19:20:00,10.0
G45,San Mateo,62013,19:30:00,10.0
G45,San Mateo,62013,19:40:00,10.0
G45,San Mateo,62013,19:50:00,10.0
G45,San Mateo,62013,20:00:00,10.0
G45,San Mateo,62013,20:10:00,10.0
G45,San Mateo,62013,20:20:00,10.0
G45,San Mateo,62013,20:32:00,12.0
G45,San Mateo,62013,20:45:30,13.5
G45,San Mateo,62013,20:59:30,14.0
G45,San Mateo,62013,21:11:00,11.5
G45,San Mateo,62013,21:18:15,7.2
G45,San Mateo,62013,21:30:00,11.8
M47,Museo Nacional,73512,04:30:00,0.0
M47,Museo Nacional,73512,04:35:00,5.0
M47,Museo Nacional,73512,04:40:00,5.0
M47,Museo Nacional,73512,04:45:00,5.0
M47,Museo Nacional,73512,04:50:00,5.0
M47,Museo Nacional,73512,04:55:00,5.0
M47,Museo Nacional,73512,05:00:00,5.0
M47,Museo Nacional,73512,05:05:00,5.0
M47,Museo Nacional,73512,05:10:00,5.0
M47,Museo Nacional,73512,05:15:00,5.0
M47,Museo Nacional,73512,05:20:00,5.0
M47,Museo Nacional,73512,05:25:00,5.0
M47,Museo Nacional,73512,05:30:00,5.0
M47,Museo Nacional,73512,05:34:30,4.5
M47,Museo Nacional,73512,05:39:00,4.5
M47,Museo Nacional,73512,05:43:30,4.5
M47,Museo Nacional,73512,05:48:00,4.5
M47,Museo Nacional,73512,05:52:00,4.0
M47,Museo Nacional,73512,05:56:00,4.0
M47,Museo Nacional,73512,06:00:00,4.0
M47,Museo Nacional,73512,06:03:15,3.2
M47,Museo Nacional,73512,06:06:30,3.2
M47,Museo Nacional,73512,06:09:45,3.2
M47,Museo Nacional,73512,06:13:00,3.2
M47,Museo Nacional,73512,06:16:15,3.2
M47,Museo Nacional,73512,06:19:30,3.2
M47,Museo Nacional,73512,06:22:45,3.2
M47,Museo Nacional,73512,06:26:00,3.2
M47,Museo Nacional,73512,06:29:15,3.2
M47,Museo Nacional,73512,06:32:30,3.2
M47,Museo Nacional,73512,06:36:00,3.5
M47,Museo Nacional,73512,06:39:30,3.5
M47,Museo Nacional,73512,06:43:00,3.5
M47,Museo Nacional,73512,06:46:30,3.5
M47,Museo Nacional,73512,06:50:00,3.5
M47,Museo Nacional,73512,06:53:30,3.5
M47,Museo Nacional,73512,06:57:00,3.5
M47,Museo Nacional,73512,07:00:30,3.5
M47,Museo Nacional,73512,07:04:00,3.5
M47,Museo Nacional,73512,07:07:30,3.5
M47,Museo Nacional,73512,07:11:00,3.5
M47,Museo Nacional,73512,07:14:30,3.5
M47,Museo Nacional,73512,07:18:00,3.5
M47,Museo Nacional,73512,07:21:30,3.5
M47,Museo Nacional,73512,07:25:00,3.5
M47,Museo Nacional,73512,07:28:30,3.5
M47,Museo Nacional,73512,07:32:00,3.5
M47,Museo Nacional,73512,07:35:30,3.5
M47,Museo Nacional,73512,07:39:00,3.5
M47,Museo Nacional,73512,07:42:30,3.5
M47,Museo Nacional,73512,07:46:00,3.5
M47,Museo Nacional,73512,07:49:30,3.5
M47,Museo Nacional,73512,07:53:00,3.5
M47,Museo Nacional,73512,07:56:30,3.5
M47,Museo Nacional,73512,08:00:00,3.5
M47,Museo Nacional,73512,08:04:00,4.0
M47,Museo Nacional,73512,08:08:00,4.0
M47,Museo Nacional,73512,08:12:00,4.0
M47,Museo Nacional,73512,08:16:00,4.0
M47,Museo Nacional,73512,08:20:00,4.0
M47,Museo Nacional,73512,08:24:00,4.0
M47,Museo Nacional,73512,08:28:00,4.0
M47,Museo Nacional,73512,08:32:00,4.0
M47,Museo Nacional,73512,08:36:00,4.0
M47,Museo Nacional,73512,08:40:00,4.0
M47,Museo Nacional,73512,08:44:00,4.0
M47,Museo Nacional,73512,08:48:00,4.0
M47,Museo Nacional,73512,08:52:00,4.0
M47,Museo Nacional,73512,08:56:00,4.0
M47,Museo Nacional,73512,09:00:00,4.0
M47,Museo Nacional,73512,09:04:00,4.0
M47,Museo Nacional,73512,09:08:00,4.0
M47,Museo Nacional,73512,09:12:00,4.0
M47,Museo Nacional,73512,09:16:00,4.0
M47,Museo Nacional,73512,09:20:30,4.5
M47,Museo Nacional,73512,09:25:00,4.5
M47,Museo Nacional,73512,09:29:30,4.5
M47,Museo Nacional,73512,09:34:00,4.5
M47,Museo Nacional,73512,09:39:00,5.0
M47,Museo Nacional,73512,09:44:00,5.0
M47,Museo Nacional,73512,09:49:00,5.0
M47,Museo Nacional,73512,09:54:15,5.2
M47,Museo Nacional,73512,09:59:30,5.2
M47,Museo Nacional,73512,10:04:45,5.2
M47,Museo Nacional,73512,10:10:30,5.8
M47,Museo Nacional,73512,10:16:15,5.8
M47,Museo Nacional,73512,10:22:00,5.8
M47,Museo Nacional,73512,10:27:45,5.8
M47,Museo Nacional,73512,10:33:30,5.8
M47,Museo Nacional,73512,10:39:45,6.2
M47,Museo Nacional,73512,10:46:00,6.2
M47,Museo Nacional,73512,10:52:45,6.8
M47,Museo Nacional,73512,10:59:30,6.8
M47,Museo Nacional,73512,11:06:15,6.8
M47,Museo Nacional,73512,11:13:00,6.8
M47,Museo Nacional,73512,11:19:45,6.8
M47,Museo Nacional,73512,11:26:45,7.0
M47,Museo Nacional,73512,11:33:45,7.0
M47,Museo Nacional,73512,11:40:45,7.0
M47,Museo Nacional,73512,11:47:45,7.0
M47,Museo Nacional,73512,11:54:45,7.0
M47,Museo Nacional,73512,12:01:45,7.0
M47,Museo Nacional,73512,12:08:45,7.0
M47,Museo Nacional,73512,12:15:45,7.0
M47,Museo Nacional,73512,12:22:45,7.0
M47,Museo Nacional,73512,12:29:45,7.0
M47,Museo Nacional,73512,12:36:45,7.0
M47,Museo Nacional,73512,12:43:45,7.0
M47,Museo Nacional,73512,12:50:45,7.0
M47,Museo Nacional,73512,12:57:45,7.0
M47,Museo Nacional,73512,13:04:45,7.0
M47,Museo Nacional,73512,13:11:45,7.0
M47,Museo Nacional,73512,13:18:45,7.0
M47,Museo Nacional,73512,13:25:45,7.0
M47,Museo Nacional,73512,13:32:45,7.0
M47,Museo Nacional,73512,13:39:45,7.0
M47,Museo Nacional,73512,13:46:45,7.0
M47,Museo Nacional,73512,13:53:45,7.0
M47,Museo Nacional,73512,14:00:45,7.0
M47,Museo Nacional,73512,14:07:45,7.0
M47,Museo Nacional,73512,14:14:45,7.0
M47,Museo Nacional,73512,14:21:45,7.0
M47,Museo Nacional,73512,14:28:45,7.0
M47,Museo Nacional,73512,14:35:45,7.0
M47,Museo Nacional,73512,14:42:45,7.0
M47,Museo Nacional,73512,14:49:45,7.0
M47,Museo Nacional,73512,14:56:45,7.0
M47,Museo Nacional,73512,15:03:45,7.0
M47,Museo Nacional,73512,15:10:45,7.0
M47,Museo Nacional,73512,15:17:45,7.0
M47,Museo Nacional,73512,15:24:45,7.0
M47,Museo Nacional,73512,15:31:45,7.0
M47,Museo Nacional,73512,15:36:45,5.0
M47,Museo Nacional,73512,15:41:45,5.0
M47,Museo Nacional,73512,15:46:45,5.0
M47,Museo Nacional,73512,15:51:45,5.0
M47,Museo Nacional,73512,15:56:45,5.0
M47,Museo Nacional,73512,16:01:45,5.0
M47,Museo Nacional,73512,16:06:45,5.0
M47,Museo Nacional,73512,16:11:45,5.0
M47,Museo Nacional,73512,16:16:45,5.0
M47,Museo Nacional,73512,16:21:45,5.0
M47,Museo Nacional,73512,16:26:45,5.0
M47,Museo Nacional,73512,16:31:45,5.0
M47,Museo Nacional,73512,16:39:00,7.2
M47,Museo Nacional,73512,16:46:15,7.2
M47,Museo Nacional,73512,16:53:30,7.2
M47,Museo Nacional,73512,17:00:45,7.2
M47,Museo Nacional,73512,17:08:00,7.2
M47,Museo Nacional,73512,17:15:15,7.2
M47,Museo Nacional,73512,17:22:30,7.2
M47,Museo Nacional,73512,17:29:45,7.2
M47,Museo Nacional,73512,17:37:00,7.2
M47,Museo Nacional,73512,17:44:45,7.8
M47,Museo Nacional,73512,17:52:30,7.8
M47,Museo Nacional,73512,18:00:15,7.8
M47,Museo Nacional,73512,18:08:15,8.0
M47,Museo Nacional,73512,18:16:15,8.0
M47,Museo Nacional,73512,18:24:15,8.0
M47,Museo Nacional,73512,18:32:15,8.0
M47,Museo Nacional,73512,18:40:15,8.0
M47,Museo Nacional,73512,18:48:15,8.0
M47,Museo Nacional,73512,18:56:15,8.0
M47,Museo Nacional,73512,19:04:15,8.0
M47,Museo Nacional,73512,19:12:15,8.0
M47,Museo Nacional,73512,19:20:15,8.0
M47,Museo Nacional,73512,19:28:15,8.0
M47,Museo Nacional,73512,19:36:15,8.0
M47,Museo Nacional,73512,19:44:15,8.0
M47,Museo Nacional,73512,19:52:15,8.0
M47,Museo Nacional,73512,20:00:15,8.0
M47,Museo Nacional,73512,20:08:15,8.0
M47,Museo Nacional,73512,20:16:15,8.0
M47,Museo Nacional,73512,20:24:15,8.0
M47,Museo Nacional,73512,20:32:15,8.0
M47,Museo Nacional,73512,20:40:15,8.0
M47,Museo Nacional,73512,20:48:15,8.0
M47,Museo Nacional,73512,20:56:15,8.0
M47,Museo Nacional,73512,21:04:15,8.0
M47,Museo Nacional,73512,21:12:15,8.0
M47,Museo Nacional,73512,21:20:15,8.0
M47,Museo Nacional,73512,21:28:15,8.0
M47,Museo Nacional,73512,21:36:15,8.0
M47,Museo Nacional,73512,21:44:15,8.0
M47,Museo Nacional,73512,21:52:15,8.0
M47,Museo Nacional,73512,22:00:00,7.8
M47,Museo Nacional,73512,22:08:00,8.0
M47,Museo Nacional,73512,22:16:00,8.0
M47,Museo Nacional,73512,22:24:00,8.0
M47,Museo Nacional,73512,22:30:30,6.5
M47,Museo Nacional,73512,22:37:00,6.5
M47,Museo Nacional,73512,22:43:30,6.5
M47,Museo Nacional,73512,22:50:45,7.2
M47,Museo Nacional,73512,23:00:00,9.2
2,Museo Nacional,61970,04:00:00,0.0
2,Museo Nacional,61970,04:08:00,8.0
2,Museo Nacional,61970,04:16:00,8.0
2,Museo Nacional,61970,04:24:00,8.0
2,Museo Nacional,61970,04:32:00,8.0
2,Museo Nacional,61970,04:39:45,7.8
2,Museo Nacional,61970,04:47:30,7.8
2,Museo Nacional,61970,04:55:15,7.8
2,Museo Nacional,61970,05:03:00,7.8
2,Museo Nacional,61970,05:10:45,7.8
2,Museo Nacional,61970,05:18:30,7.8
2,Museo Nacional,61970,05:25:45,7.2
2,Museo Nacional,61970,05:33:00,7.2
2,Museo Nacional,61970,05:39:15,6.2
2,Museo Nacional,61970,05:45:30,6.2
2,Museo Nacional,61970,05:51:15,5.8
2,Museo Nacional,61970,05:57:00,5.8
2,Museo Nacional,61970,06:02:45,5.8
2,Museo Nacional,61970,06:07:00,4.2
2,Museo Nacional,61970,06:11:15,4.2
2,Museo Nacional,61970,06:15:30,4.2
2,Museo Nacional,61970,06:19:15,3.8
2,Museo Nacional,61970,06:23:00,3.8
2,Museo Nacional,61970,06:26:45,3.8
2,Museo Nacional,61970,06:30:30,3.8
2,Museo Nacional,61970,06:34:15,3.8
2,Museo Nacional,61970,06:38:00,3.8
2,Museo Nacional,61970,06:41:45,3.8
2,Museo Nacional,61970,06:45:30,3.8
2,Museo Nacional,61970,06:49:15,3.8
2,Museo Nacional,61970,06:53:00,3.8
2,Museo Nacional,61970,06:56:45,3.8
2,Museo Nacional,61970,07:00:30,3.8
2,Museo Nacional,61970,07:04:15,3.8
2,Museo Nacional,61970,07:08:00,3.8
2,Museo Nacional,61970,07:11:45,3.8
2,Museo Nacional,61970,07:15:30,3.8
2,Museo Nacional,61970,07:19:15,3.8
2,Museo Nacional,61970,07:23:00,3.8
2,Museo Nacional,61970,07:26:45,3.8
2,Museo Nacional,61970,07:30:30,3.8
2,Museo Nacional,61970,07:34:30,4.0
2,Museo Nacional,61970,07:38:30,4.0
2,Museo Nacional,61970,07:42:30,4.0
2,Museo Nacional,61970,07:46:30,4.0
2,Museo Nacional,61970,07:50:30,4.0
2,Museo Nacional,61970,07:54:30,4.0
2,Museo Nacional,61970,07:58:30,4.0
2,Museo Nacional,61970,08:02:30,4.0
2,Museo Nacional,61970,08:06:45,4.2
2,Museo Nacional,61970,08:11:00,4.2
2,Museo Nacional,61970,08:15:15,4.2
2,Museo Nacional,61970,08:19:45,4.5
2,Museo Nacional,61970,08:24:15,4.5
2,Museo Nacional,61970,08:28:45,4.5
2,Museo Nacional,61970,08:33:15,4.5
2,Museo Nacional,61970,08:38:00,4.8
2,Museo Nacional,61970,08:42:45,4.8
2,Museo Nacional,61970,08:47:30,4.8
2,Museo Nacional,61970,08:52:30,5.0
2,Museo Nacional,61970,08:57:30,5.0
2,Museo Nacional,61970,09:02:30,5.0
2,Museo Nacional,61970,09:07:45,5.2
2,Museo Nacional,61970,09:13:00,5.2
2,Museo Nacional,61970,09:18:15,5.2
2,Museo Nacional,61970,09:23:30,5.2
2,Museo Nacional,61970,09:28:45,5.2
2,Museo Nacional,61970,09:34:00,5.2
2,Museo Nacional,61970,09:39:15,5.2
2,Museo Nacional,61970,09:44:30,5.2
2,Museo Nacional,61970,09:49:45,5.2
2,Museo Nacional,61970,09:55:30,5.8
2,Museo Nacional,61970,10:01:15,5.8
2,Museo Nacional,61970,10:07:15,6.0
2,Museo Nacional,61970,10:13:15,6.0
2,Museo Nacional,61970,10:19:15,6.0
2,Museo Nacional,61970,10:25:15,6.0
2,Museo Nacional,61970,10:31:15,6.0
2,Museo Nacional,61970,10:37:15,6.0
2,Museo Nacional,61970,10:43:15,6.0
2,Museo Nacional,61970,10:49:15,6.0
2,Museo Nacional,61970,10:55:15,6.0
2,Museo Nacional,61970,11:01:15,6.0
2,Museo Nacional,61970,11:07:45,6.5
2,Museo Nacional,61970,11:14:15,6.5
2,Museo Nacional,61970,11:20:45,6.5
2,Museo Nacional,61970,11:27:15,6.5
2,Museo Nacional,61970,11:33:45,6.5
2,Museo Nacional,61970,11:40:15,6.5
2,Museo Nacional,61970,11:46:45,6.5
2,Museo Nacional,61970,11:53:15,6.5
2,Museo Nacional,61970,11:59:45,6.5
2,Museo Nacional,61970,12:06:15,6.5
2,Museo Nacional,61970,12:12:45,6.5
2,Museo Nacional,61970,12:19:15,6.5
2,Museo Nacional,61970,12:25:45,6.5
2,Museo Nacional,61970,12:32:15,6.5
2,Museo Nacional,61970,12:38:45,6.5
2,Museo Nacional,61970,12:45:15,6.5
2,Museo Nacional,61970,12:51:45,6.5
2,Museo Nacional,61970,12:58:15,6.5
2,Museo Nacional,61970,13:04:45,6.5
2,Museo Nacional,61970,13:10:45,6.0
2,Museo Nacional,61970,13:16:45,6.0
2,Museo Nacional,61970,13:22:45,6.0
2,Museo Nacional,61970,13:28:45,6.0
2,Museo Nacional,61970,13:34:45,6.0
2,Museo Nacional,61970,13:40:45,6.0
2,Museo Nacional,61970,13:46:45,6.0
2,Museo Nacional,61970,13:52:45,6.0
2,Museo Nacional,61970,13:58:45,6.0
2,Museo Nacional,61970,14:04:45,6.0
2,Museo Nacional,61970,14:10:45,6.0
2,Museo Nacional,61970,14:16:45,6.0
2,Museo Nacional,61970,14:22:45,6.0
2,Museo Nacional,61970,14:28:45,6.0
2,Museo Nacional,61970,14:34:45,6.0
2,Museo Nacional,61970,14:40:45,6.0
2,Museo Nacional,61970,14:46:45,6.0
2,Museo Nacional,61970,14:52:45,6.0
2,Museo Nacional,61970,14:58:45,6.0
2,Museo Nacional,61970,15:04:45,6.0
2,Museo Nacional,61970,15:10:45,6.0
2,Museo Nacional,61970,15:16:45,6.0
2,Museo Nacional,61970,15:22:45,6.0
2,Museo Nacional,61970,15:28:45,6.0
2,Museo Nacional,61970,15:34:45,6.0
2,Museo Nacional,61970,15:40:45,6.0
2,Museo Nacional,61970,15:46:45,6.0
2,Museo Nacional,61970,15:52:45,6.0
2,Museo Nacional,61970,15:58:45,6.0
2,Museo Nacional,61970,16:04:45,6.0
2,Museo Nacional,61970,16:10:45,6.0
2,Museo Nacional,61970,16:16:45,6.0
2,Museo Nacional,61970,16:22:45,6.0
2,Museo Nacional,61970,16:28:45,6.0
2,Museo Nacional,61970,16:34:45,6.0
2,Museo Nacional,61970,16:40:45,6.0
2,Museo Nacional,61970,16:46:45,6.0
2,Museo Nacional,61970,16:52:45,6.0
2,Museo Nacional,61970,16:58:45,6.0
2,Museo Nacional,61970,17:04:45,6.0
2,Museo Nacional,61970,17:10:45,6.0
2,Museo Nacional,61970,17:16:45,6.0
2,Museo Nacional,61970,17:22:45,6.0
2,Museo Nacional,61970,17:28:45,6.0
2,Museo Nacional,61970,17:34:45,6.0
2,Museo Nacional,61970,17:40:45,6.0
2,Museo Nacional,61970,17:46:45,6.0
2,Museo Nacional,61970,17:52:45,6.0
2,Museo Nacional,61970,17:58:45,6.0
2,Museo Nacional,61970,18:04:45,6.0
2,Museo Nacional,61970,18:11:00,6.2
2,Museo Nacional,61970,18:17:15,6.2
2,Museo Nacional,61970,18:23:30,6.2
2,Museo Nacional,61970,18:29:45,6.2
2,Museo Nacional,61970,18:36:00,6.2
2,Museo Nacional,61970,18:42:15,6.2
2,Museo Nacional,61970,18:48:30,6.2
2,Museo Nacional,61970,18:55:00,6.5
2,Museo Nacional,61970,19:01:30,6.5
2,Museo Nacional,61970,19:08:00,6.5
2,Museo Nacional,61970,19:14:30,6.5
2,Museo Nacional,61970,19:21:00,6.5
2,Museo Nacional,61970,19:27:30,6.5
2,Museo Nacional,61970,19:34:00,6.5
2,Museo Nacional,61970,19:40:30,6.5
2,Museo Nacional,61970,19:47:00,6.5
2,Museo Nacional,61970,19:53:30,6.5
2,Museo Nacional,61970,20:00:00,6.5
2,Museo Nacional,61970,20:06:30,6.5
2,Museo Nacional,61970,20:13:00,6.5
2,Museo Nacional,61970,20:19:30,6.5
2,Museo Nacional,61970,20:26:00,6.5
2,Museo Nacional,61970,20:32:30,6.5
2,Museo Nacional,61970,20:39:00,6.5
2,Museo Nacional,61970,20:45:30,6.5
2,Museo Nacional,61970,20:52:00,6.5
2,Museo Nacional,61970,20:58:30,6.5
2,Museo Nacional,61970,21:05:00,6.5
2,Museo Nacional,61970,21:11:30,6.5
2,Museo Nacional,61970,21:18:00,6.5
2,Museo Nacional,61970,21:24:30,6.5
2,Museo Nacional,61970,21:31:00,6.5
2,Museo Nacional,61970,21:37:30,6.5
2,Museo Nacional,61970,21:44:00,6.5
2,Museo Nacional,61970,21:50:30,6.5
2,Museo Nacional,61970,21:57:00,6.5
2,Museo Nacional,61970,22:03:30,6.5
2,Museo Nacional,61970,22:10:00,6.5
2,Museo Nacional,61970,22:16:15,6.2
2,Museo Nacional,61970,22:22:30,6.2
2,Museo Nacional,61970,22:28:30,6.0
2,Museo Nacional,61970,22:35:00,6.5
2,Museo Nacional,61970,22:41:15,6.2
2,Museo Nacional,61970,22:47:30,6.2
2,Museo Nacional,61970,22:52:45,5.2
2,Museo Nacional,61970,23:00:00,7.2
G47,Portal Sur,62315,04:30:00,0.0
G47,Portal Sur,62315,04:39:00,9.0
G47,Portal Sur,62315,04:48:00,9.0
G47,Portal Sur,62315,04:57:00,9.0
G47,Portal Sur,62315,05:06:00,9.0
G47,Portal Sur,62315,05:15:00,9.0
G47,Portal Sur,62315,05:24:00,9.0
G47,Portal Sur,62315,05:33:00,9.0
G47,Portal Sur,62315,05:42:00,9.0
G47,Portal Sur,62315,05:51:00,9.0
G47,Portal Sur,62315,06:00:00,9.0
G47,Portal Sur,62315,06:09:00,9.0
G47,Portal Sur,62315,06:18:00,9.0
G47,Portal Sur,62315,06:27:00,9.0
G47,Portal Sur,62315,06:36:00,9.0
G47,Portal Sur,62315,06:45:00,9.0
G47,Portal Sur,62315,06:54:00,9.0
G47,Portal Sur,62315,07:03:00,9.0
G47,Portal Sur,62315,07:12:00,9.0
G47,Portal Sur,62315,07:21:00,9.0
G47,Portal Sur,62315,07:30:00,9.0
G47,Portal Sur,62315,07:39:00,9.0
G47,Portal Sur,62315,07:48:00,9.0
G47,Portal Sur,62315,07:57:00,9.0
G47,Portal Sur,62315,08:06:00,9.0
G47,Portal Sur,62315,08:14:15,8.2
G47,Portal Sur,62315,08:22:30,8.2
G47,Portal Sur,62315,08:30:45,8.2
G47,Portal Sur,62315,08:39:00,8.2
G47,Portal Sur,62315,08:47:15,8.2
G47,Portal Sur,62315,08:55:30,8.2
G47,Portal Sur,62315,09:03:45,8.2
G47,Portal Sur,62315,09:12:00,8.2
G47,Portal Sur,62315,09:20:15,8.2
G47,Portal Sur,62315,09:28:30,8.2
G47,Portal Sur,62315,09:36:45,8.2
G47,Portal Sur,62315,09:45:00,8.2
G47,Portal Sur,62315,09:53:15,8.2
G47,Portal Sur,62315,10:01:30,8.2
G47,Portal Sur,62315,10:09:15,7.8
G47,Portal Sur,62315,10:17:00,7.8
G47,Portal Sur,62315,10:24:45,7.8
G47,Portal Sur,62315,10:32:30,7.8
G47,Portal Sur,62315,10:39:45,7.2
G47,Portal Sur,62315,10:47:00,7.2
G47,Portal Sur,62315,10:54:15,7.2
G47,Portal Sur,62315,11:01:30,7.2
G47,Portal Sur,62315,11:08:30,7.0
G47,Portal Sur,62315,11:15:30,7.0
G47,Portal Sur,62315,11:22:30,7.0
G47,Portal Sur,62315,11:29:30,7.0
G47,Portal Sur,62315,11:36:30,7.0
G47,Portal Sur,62315,11:43:30,7.0
G47,Portal Sur,62315,11:50:30,7.0
G47,Portal Sur,62315,11:57:30,7.0
G47,Portal Sur,62315,12:04:30,7.0
G47,Portal Sur,62315,12:11:30,7.0
G47,Portal Sur,62315,12:18:30,7.0
G47,Portal Sur,62315,12:25:30,7.0
G47,Portal Sur,62315,12:32:30,7.0
G47,Portal Sur,62315,12:39:30,7.0
G47,Portal Sur,62315,12:46:30,7.0
G47,Portal Sur,62315,12:53:30,7.0
G47,Portal Sur,62315,13:00:30,7.0
G47,Portal Sur,62315,13:07:30,7.0
G47,Portal Sur,62315,13:14:30,7.0
G47,Portal Sur,62315,13:21:30,7.0
G47,Portal Sur,62315,13:28:30,7.0
G47,Portal Sur,62315,13:35:30,7.0
G47,Portal Sur,62315,13:42:30,7.0
G47,Portal Sur,62315,13:49:30,7.0
G47,Portal Sur,62315,13:56:30,7.0
G47,Portal Sur,62315,14:03:30,7.0
G47,Portal Sur,62315,14:10:30,7.0
G47,Portal Sur,62315,14:17:30,7.0
G47,Portal Sur,62315,14:24:30,7.0
G47,Portal Sur,62315,14:31:30,7.0
G47,Portal Sur,62315,14:38:30,7.0
G47,Portal Sur,62315,14:45:30,7.0
G47,Portal Sur,62315,14:52:30,7.0
G47,Portal Sur,62315,14:59:30,7.0
G47,Portal Sur,62315,15:06:30,7.0
G47,Portal Sur,62315,15:13:15,6.8
G47,Portal Sur,62315,15:20:00,6.8
G47,Portal Sur,62315,15:26:30,6.5
G47,Portal Sur,62315,15:33:00,6.5
G47,Portal Sur,62315,15:39:00,6.0
G47,Portal Sur,62315,15:44:45,5.8
G47,Portal Sur,62315,15:50:45,6.0
G47,Portal Sur,62315,15:56:30,5.8
G47,Portal Sur,62315,16:02:15,5.8
G47,Portal Sur,62315,16:07:45,5.5
G47,Portal Sur,62315,16:13:15,5.5
G47,Portal Sur,62315,16:18:45,5.5
G47,Portal Sur,62315,16:23:45,5.0
G47,Portal Sur,62315,16:28:45,5.0
G47,Portal Sur,62315,16:33:45,5.0
G47,Portal Sur,62315,16:38:00,4.2
G47,Portal Sur,62315,16:42:15,4.2
G47,Portal Sur,62315,16:46:30,4.2
G47,Portal Sur,62315,16:50:00,3.5
G47,Portal Sur,62315,16:53:30,3.5
G47,Portal Sur,62315,16:57:00,3.5
G47,Portal Sur,62315,17:00:30,3.5
G47,Portal Sur,62315,17:04:00,3.5
G47,Portal Sur,62315,17:07:30,3.5
G47,Portal Sur,62315,17:11:00,3.5
G47,Portal Sur,62315,17:14:30,3.5
G47,Portal Sur,62315,17:18:00,3.5
G47,Portal Sur,62315,17:21:30,3.5
G47,Portal Sur,62315,17:25:00,3.5
G47,Portal Sur,62315,17:28:30,3.5
G47,Portal Sur,62315,17:32:00,3.5
G47,Portal Sur,62315,17:35:30,3.5
G47,Portal Sur,62315,17:39:00,3.5
G47,Portal Sur,62315,17:42:30,3.5
G47,Portal Sur,62315,17:46:00,3.5
G47,Portal Sur,62315,17:49:30,3.5
G47,Portal Sur,62315,17:53:00,3.5
G47,Portal Sur,62315,17:56:30,3.5
G47,Portal Sur,62315,18:00:00,3.5
G47,Portal Sur,62315,18:03:30,3.5
G47,Portal Sur,62315,18:07:00,3.5
G47,Portal Sur,62315,18:10:30,3.5
G47,Portal Sur,62315,18:14:00,3.5
G47,Portal Sur,62315,18:17:30,3.5
G47,Portal Sur,62315,18:21:00,3.5
G47,Portal Sur,62315,18:24:30,3.5
G47,Portal Sur,62315,18:28:00,3.5
G47,Portal Sur,62315,18:31:30,3.5
G47,Portal Sur,62315,18:35:00,3.5
G47,Portal Sur,62315,18:38:30,3.5
G47,Portal Sur,62315,18:42:00,3.5
G47,Portal Sur,62315,18:45:30,3.5
G47,Portal Sur,62315,18:49:00,3.5
G47,Portal Sur,62315,18:52:30,3.5
G47,Portal Sur,62315,18:56:00,3.5
G47,Portal Sur,62315,18:59:30,3.5
G47,Portal Sur,62315,19:03:00,3.5
G47,Portal Sur,62315,19:06:30,3.5
G47,Portal Sur,62315,19:10:00,3.5
G47,Portal Sur,62315,19:13:30,3.5
G47,Portal Sur,62315,19:17:00,3.5
G47,Portal Sur,62315,19:20:30,3.5
G47,Portal Sur,62315,19:24:00,3.5
G47,Portal Sur,62315,19:27:30,3.5
G47,Portal Sur,62315,19:31:00,3.5
G47,Portal Sur,62315,19:34:45,3.8
G47,Portal Sur,62315,19:38:30,3.8
G47,Portal Sur,62315,19:42:15,3.8
G47,Portal Sur,62315,19:46:00,3.8
G47,Portal Sur,62315,19:50:00,4.0
G47,Portal Sur,62315,19:54:00,4.0
G47,Portal Sur,62315,19:58:00,4.0
G47,Portal Sur,62315,20:02:00,4.0
G47,Portal Sur,62315,20:06:30,4.5
G47,Portal Sur,62315,20:11:00,4.5
G47,Portal Sur,62315,20:15:30,4.5
G47,Portal Sur,62315,20:20:45,5.2
G47,Portal Sur,62315,20:26:00,5.2
G47,Portal Sur,62315,20:31:15,5.2
G47,Portal Sur,62315,20:37:00,5.8
G47,Portal Sur,62315,20:42:45,5.8
G47,Portal Sur,62315,20:48:30,5.8
G47,Portal Sur,62315,20:54:15,5.8
G47,Portal Sur,62315,21:00:00,5.8
G47,Portal Sur,62315,21:06:00,6.0
G47,Portal Sur,62315,21:12:00,6.0
G47,Portal Sur,62315,21:18:00,6.0
G47,Portal Sur,62315,21:24:00,6.0
G47,Portal Sur,62315,21:30:00,6.0
G47,Portal Sur,62315,21:36:00,6.0
G47,Portal Sur,62315,21:42:00,6.0
G47,Portal Sur,62315,21:48:00,6.0
G47,Portal Sur,62315,21:54:00,6.0
G47,Portal Sur,62315,22:00:00,6.0
G47,Portal Sur,62315,22:06:30,6.5
G47,Portal Sur,62315,22:13:00,6.5
G47,Portal Sur,62315,22:19:15,6.2
G47,Portal Sur,62315,22:25:30,6.2
G47,Portal Sur,62315,22:32:00,6.5
G47,Portal Sur,62315,22:38:45,6.8
G47,Portal Sur,62315,22:45:15,6.5
G47,Portal Sur,62315,22:52:45,7.5
G47,Portal Sur,62315,23:00:00,7.2
2,Portal 20 de Julio,71424,04:30:00,0.0
2,Portal 20 de Julio,71424,04:37:00,7.0
2,Portal 20 de Julio,71424,04:44:00,7.0
2,Portal 20 de Julio,71424,04:51:00,7.0
2,Portal 20 de Julio,71424,04:58:00,7.0
2,Portal 20 de Julio,71424,05:05:00,7.0
2,Portal 20 de Julio,71424,05:12:00,7.0
2,Portal 20 de Julio,71424,05:19:00,7.0
2,Portal 20 de Julio,71424,05:26:00,7.0
2,Portal 20 de Julio,71424,05:33:00,7.0
2,Portal 20 de Julio,71424,05:40:00,7.0
2,Portal 20 de Julio,71424,05:47:00,7.0
2,Portal 20 de Julio,71424,05:54:00,7.0
2,Portal 20 de Julio,71424,06:01:00,7.0
2,Portal 20 de Julio,71424,06:08:00,7.0
2,Portal 20 de Julio,71424,06:15:00,7.0
2,Portal 20 de Julio,71424,06:22:00,7.0
2,Portal 20 de Julio,71424,06:29:00,7.0
2,Portal 20 de Julio,71424,06:36:00,7.0
2,Portal 20 de Julio,71424,06:43:00,7.0
2,Portal 20 de Julio,71424,06:50:00,7.0
2,Portal 20 de Julio,71424,06:57:00,7.0
2,Portal 20 de Julio,71424,07:04:00,7.0
2,Portal 20 de Julio,71424,07:11:00,7.0
2,Portal 20 de Julio,71424,07:18:00,7.0
2,Portal 20 de Julio,71424,07:25:00,7.0
2,Portal 20 de Julio,71424,07:32:00,7.0
2,Portal 20 de Julio,71424,07:39:00,7.0
2,Portal 20 de Julio,71424,07:46:00,7.0
2,Portal 20 de Julio,71424,07:53:00,7.0
2,Portal 20 de Julio,71424,08:00:00,7.0
2,Portal 20 de Julio,71424,08:07:00,7.0
2,Portal 20 de Julio,71424,08:14:00,7.0
2,Portal 20 de Julio,71424,08:21:00,7.0
2,Portal 20 de Julio,71424,08:28:00,7.0
2,Portal 20 de Julio,71424,08:35:00,7.0
2,Portal 20 de Julio,71424,08:42:00,7.0
2,Portal 20 de Julio,71424,08:49:00,7.0
2,Portal 20 de Julio,71424,08:56:00,7.0
2,Portal 20 de Julio,71424,09:03:00,7.0
2,Portal 20 de Julio,71424,09:09:45,6.8
2,Portal 20 de Julio,71424,09:16:30,6.8
2,Portal 20 de Julio,71424,09:23:00,6.5
2,Portal 20 de Julio,71424,09:29:30,6.5
2,Portal 20 de Julio,71424,09:36:00,6.5
2,Portal 20 de Julio,71424,09:42:15,6.2
2,Portal 20 de Julio,71424,09:48:30,6.2
2,Portal 20 de Julio,71424,09:54:45,6.2
2,Portal 20 de Julio,71424,10:01:00,6.2
2,Portal 20 de Julio,71424,10:07:00,6.0
2,Portal 20 de Julio,71424,10:13:00,6.0
2,Portal 20 de Julio,71424,10:19:00,6.0
2,Portal 20 de Julio,71424,10:25:00,6.0
2,Portal 20 de Julio,71424,10:31:00,6.0
2,Portal 20 de Julio,71424,10:37:00,6.0
2,Portal 20 de Julio,71424,10:43:00,6.0
2,Portal 20 de Julio,71424,10:49:00,6.0
2,Portal 20 de Julio,71424,10:55:00,6.0
2,Portal 20 de Julio,71424,11:01:00,6.0
2,Portal 20 de Julio,71424,11:07:00,6.0
2,Portal 20 de Julio,71424,11:13:00,6.0
2,Portal 20 de Julio,71424,11:19:00,6.0
2,Portal 20 de Julio,71424,11:25:00,6.0
2,Portal 20 de Julio,71424,11:31:00,6.0
2,Portal 20 de Julio,71424,11:37:00,6.0
2,Portal 20 de Julio,71424,11:43:00,6.0
2,Portal 20 de Julio,71424,11:49:00,6.0
2,Portal 20 de Julio,71424,11:55:00,6.0
2,Portal 20 de Julio,71424,12:01:00,6.0
2,Portal 20 de Julio,71424,12:07:00,6.0
2,Portal 20 de Julio,71424,12:13:00,6.0
2,Portal 20 de Julio,71424,12:19:00,6.0
2,Portal 20 de Julio,71424,12:25:00,6.0
2,Portal 20 de Julio,71424,12:31:00,6.0
2,Portal 20 de Julio,71424,12:37:00,6.0
2,Portal 20 de Julio,71424,12:43:00,6.0
2,Portal 20 de Julio,71424,12:49:00,6.0
2,Portal 20 de Julio,71424,12:55:00,6.0
2,Portal 20 de Julio,71424,13:01:00,6.0
2,Portal 20 de Julio,71424,13:07:00,6.0
2,Portal 20 de Julio,71424,13:13:00,6.0
2,Portal 20 de Julio,71424,13:19:00,6.0
2,Portal 20 de Julio,71424,13:25:00,6.0
2,Portal 20 de Julio,71424,13:31:00,6.0
2,Portal 20 de Julio,71424,13:37:00,6.0
2,Portal 20 de Julio,71424,13:43:00,6.0
2,Portal 20 de Julio,71424,13:49:00,6.0
2,Portal 20 de Julio,71424,13:55:00,6.0
2,Portal 20 de Julio,71424,14:01:00,6.0
2,Portal 20 de Julio,71424,14:07:00,6.0
2,Portal 20 de Julio,71424,14:13:00,6.0
2,Portal 20 de Julio,71424,14:19:00,6.0
2,Portal 20 de Julio,71424,14:25:00,6.0
2,Portal 20 de Julio,71424,14:31:00,6.0
2,Portal 20 de Julio,71424,14:37:00,6.0
2,Portal 20 de Julio,71424,14:43:00,6.0
2,Portal 20 de Julio,71424,14:49:00,6.0
2,Portal 20 de Julio,71424,14:55:00,6.0
2,Portal 20 de Julio,71424,15:01:00,6.0
2,Portal 20 de Julio,71424,15:07:00,6.0
2,Portal 20 de Julio,71424,15:13:00,6.0
2,Portal 20 de Julio,71424,15:19:00,6.0
2,Portal 20 de Julio,71424,15:25:00,6.0
2,Portal 20 de Julio,71424,15:31:00,6.0
2,Portal 20 de Julio,71424,15:37:00,6.0
2,Portal 20 de Julio,71424,15:43:00,6.0
2,Portal 20 de Julio,71424,15:49:00,6.0
2,Portal 20 de Julio,71424,15:55:00,6.0
2,Portal 20 de Julio,71424,16:01:00,6.0
2,Portal 20 de Julio,71424,16:07:00,6.0
2,Portal 20 de Julio,71424,16:13:00,6.0
2,Portal 20 de Julio,71424,16:19:00,6.0
2,Portal 20 de Julio,71424,16:24:45,5.8
2,Portal 20 de Julio,71424,16:30:30,5.8
2,Portal 20 de Julio,71424,16:35:00,4.5
2,Portal 20 de Julio,71424,16:39:30,4.5
2,Portal 20 de Julio,71424,16:44:00,4.5
2,Portal 20 de Julio,71424,16:48:30,4.5
2,Portal 20 de Julio,71424,16:52:30,4.0
2,Portal 20 de Julio,71424,16:56:30,4.0
2,Portal 20 de Julio,71424,17:00:30,4.0
2,Portal 20 de Julio,71424,17:04:30,4.0
2,Portal 20 de Julio,71424,17:08:30,4.0
2,Portal 20 de Julio,71424,17:12:30,4.0
2,Portal 20 de Julio,71424,17:16:30,4.0
2,Portal 20 de Julio,71424,17:20:30,4.0
2,Portal 20 de Julio,71424,17:24:30,4.0
2,Portal 20 de Julio,71424,17:28:30,4.0
2,Portal 20 de Julio,71424,17:32:30,4.0
2,Portal 20 de Julio,71424,17:36:30,4.0
2,Portal 20 de Julio,71424,17:40:30,4.0
2,Portal 20 de Julio,71424,17:44:30,4.0
2,Portal 20 de Julio,71424,17:48:30,4.0
2,Portal 20 de Julio,71424,17:52:30,4.0
2,Portal 20 de Julio,71424,17:56:30,4.0
2,Portal 20 de Julio,71424,18:00:30,4.0
2,Portal 20 de Julio,71424,18:04:30,4.0
2,Portal 20 de Julio,71424,18:08:30,4.0
2,Portal 20 de Julio,71424,18:12:30,4.0
2,Portal 20 de Julio,71424,18:16:30,4.0
2,Portal 20 de Julio,71424,18:20:30,4.0
2,Portal 20 de Julio,71424,18:24:30,4.0
2,Portal 20 de Julio,71424,18:28:30,4.0
2,Portal 20 de Julio,71424,18:32:30,4.0
2,Portal 20 de Julio,71424,18:36:30,4.0
2,Portal 20 de Julio,71424,18:40:30,4.0
2,Portal 20 de Julio,71424,18:44:30,4.0
2,Portal 20 de Julio,71424,18:48:30,4.0
2,Portal 20 de Julio,71424,18:52:30,4.0
2,Portal 20 de Julio,71424,18:56:30,4.0
2,Portal 20 de Julio,71424,19:00:30,4.0
2,Portal 20 de Julio,71424,19:04:30,4.0
2,Portal 20 de Julio,71424,19:08:30,4.0
2,Portal 20 de Julio,71424,19:12:30,4.0
2,Portal 20 de Julio,71424,19:16:30,4.0
2,Portal 20 de Julio,71424,19:20:30,4.0
2,Portal 20 de Julio,71424,19:24:30,4.0
2,Portal 20 de Julio,71424,19:28:30,4.0
2,Portal 20 de Julio,71424,19:32:30,4.0
2,Portal 20 de Julio,71424,19:37:00,4.5
2,Portal 20 de Julio,71424,19:41:30,4.5
2,Portal 20 de Julio,71424,19:46:00,4.5
2,Portal 20 de Julio,71424,19:51:00,5.0
2,Portal 20 de Julio,71424,19:56:00,5.0
2,Portal 20 de Julio,71424,20:01:00,5.0
2,Portal 20 de Julio,71424,20:06:15,5.2
2,Portal 20 de Julio,71424,20:11:30,5.2
2,Portal 20 de Julio,71424,20:16:45,5.2
2,Portal 20 de Julio,71424,20:22:00,5.2
2,Portal 20 de Julio,71424,20:27:15,5.2
2,Portal 20 de Julio,71424,20:32:30,5.2
2,Portal 20 de Julio,71424,20:39:00,6.5
2,Portal 20 de Julio,71424,20:45:30,6.5
2,Portal 20 de Julio,71424,20:52:00,6.5
2,Portal 20 de Julio,71424,20:58:30,6.5
2,Portal 20 de Julio,71424,21:05:00,6.5
2,Portal 20 de Julio,71424,21:11:30,6.5
2,Portal 20 de Julio,71424,21:18:00,6.5
2,Portal 20 de Julio,71424,21:24:30,6.5
2,Portal 20 de Julio,71424,21:31:00,6.5
2,Portal 20 de Julio,71424,21:37:15,6.2
2,Portal 20 de Julio,71424,21:43:45,6.5
2,Portal 20 de Julio,71424,21:50:15,6.5
2,Portal 20 de Julio,71424,21:56:45,6.5
2,Portal 20 de Julio,71424,22:03:15,6.5
2,Portal 20 de Julio,71424,22:09:45,6.5
2,Portal 20 de Julio,71424,22:16:00,6.2
2,Portal 20 de Julio,71424,22:22:15,6.2
2,Portal 20 de Julio,71424,22:27:30,5.2
2,Portal 20 de Julio,71424,22:34:15,6.8
2,Portal 20 de Julio,71424,22:39:30,5.2
2,Portal 20 de Julio,71424,22:45:30,6.0
2,Portal 20 de Julio,71424,22:52:30,7.0
2,Portal 20 de Julio,71424,23:00:00,7.5
C25,Portal Suba,61967,04:30:00,0.0
C25,Portal Suba,61967,04:34:30,4.5
C25,Portal Suba,61967,04:39:00,4.5
C25,Portal Suba,61967,04:43:30,4.5
C25,Portal Suba,61967,04:48:00,4.5
C25,Portal Suba,61967,04:52:30,4.5
C25,Portal Suba,61967,04:57:00,4.5
C25,Portal Suba,61967,05:01:30,4.5
C25,Portal Suba,61967,05:05:45,4.2
C25,Portal Suba,61967,05:10:00,4.2
C25,Portal Suba,61967,05:14:15,4.2
C25,Portal Suba,61967,05:18:30,4.2
C25,Portal Suba,61967,05:22:30,4.0
C25,Portal Suba,61967,05:26:30,4.0
C25,Portal Suba,61967,05:30:30,4.0
C25,Portal Suba,61967,05:34:30,4.0
C25,Portal Suba,61967,05:38:30,4.0
C25,Portal Suba,61967,05:42:30,4.0
C25,Portal Suba,61967,05:46:30,4.0
C25,Portal Suba,61967,05:49:30,3.0
C25,Portal Suba,61967,05:52:30,3.0
C25,Portal Suba,61967,05:55:30,3.0
C25,Portal Suba,61967,05:58:30,3.0
C25,Portal Suba,61967,06:01:30,3.0
C25,Portal Suba,61967,06:04:30,3.0
C25,Portal Suba,61967,06:07:30,3.0
C25,Portal Suba,61967,06:10:30,3.0
C25,Portal Suba,61967,06:13:30,3.0
C25,Portal Suba,61967,06:16:30,3.0
C25,Portal Suba,61967,06:19:30,3.0
C25,Portal Suba,61967,06:22:30,3.0
C25,Portal Suba,61967,06:25:30,3.0
C25,Portal Suba,61967,06:28:30,3.0
C25,Portal Suba,61967,06:31:30,3.0
C25,Portal Suba,61967,06:34:30,3.0
C25,Portal Suba,61967,06:37:30,3.0
C25,Portal Suba,61967,06:40:30,3.0
C25,Portal Suba,61967,06:43:30,3.0
C25,Portal Suba,61967,06:46:30,3.0
C25,Portal Suba,61967,06:49:30,3.0
C25,Portal Suba,61967,06:52:30,3.0
C25,Portal Suba,61967,06:55:30,3.0
C25,Portal Suba,61967,06:58:30,3.0
C25,Portal Suba,61967,07:01:30,3.0
C25,Portal Suba,61967,07:04:30,3.0
C25,Portal Suba,61967,07:07:30,3.0
C25,Portal Suba,61967,07:10:30,3.0
C25,Portal Suba,61967,07:13:30,3.0
C25,Portal Suba,61967,07:16:30,3.0
C25,Portal Suba,61967,07:19:30,3.0
C25,Portal Suba,61967,07:22:30,3.0
C25,Portal Suba,61967,07:25:30,3.0
C25,Portal Suba,61967,07:28:30,3.0
C25,Portal Suba,61967,07:31:30,3.0
C25,Portal Suba,61967,07:34:30,3.0
C25,Portal Suba,61967,07:37:30,3.0
C25,Portal Suba,61967,07:40:30,3.0
C25,Portal Suba,61967,07:43:30,3.0
C25,Portal Suba,61967,07:46:30,3.0
C25,Portal Suba,61967,07:49:30,3.0
C25,Portal Suba,61967,07:52:30,3.0
C25,Portal Suba,61967,07:55:30,3.0
C25,Portal Suba,61967,07:58:30,3.0
C25,Portal Suba,61967,08:01:30,3.0
C25,Portal Suba,61967,08:04:30,3.0
C25,Portal Suba,61967,08:07:30,3.0
C25,Portal Suba,61967,08:10:30,3.0
C25,Portal Suba,61967,08:13:30,3.0
C25,Portal Suba,61967,08:16:30,3.0
C25,Portal Suba,61967,08:19:30,3.0
C25,Portal Suba,61967,08:22:30,3.0
C25,Portal Suba,61967,08:25:30,3.0
C25,Portal Suba,61967,08:28:30,3.0
C25,Portal Suba,61967,08:31:30,3.0
C25,Portal Suba,61967,08:36:30,5.0
C25,Portal Suba,61967,08:41:30,5.0
C25,Portal Suba,61967,08:46:30,5.0
C25,Portal Suba,61967,08:52:00,5.5
C25,Portal Suba,61967,08:57:30,5.5
C25,Portal Suba,61967,09:03:00,5.5
C25,Portal Suba,61967,09:08:45,5.8
C25,Portal Suba,61967,09:14:30,5.8
C25,Portal Suba,61967,09:20:15,5.8
C25,Portal Suba,61967,09:26:30,6.2
C25,Portal Suba,61967,09:32:45,6.2
C25,Portal Suba,61967,09:38:45,6.0
C25,Portal Suba,61967,09:44:45,6.0
C25,Portal Suba,61967,09:50:45,6.0
C25,Portal Suba,61967,09:56:45,6.0
C25,Portal Suba,61967,10:02:45,6.0
C25,Portal Suba,61967,10:08:45,6.0
C25,Portal Suba,61967,10:14:45,6.0
C25,Portal Suba,61967,10:20:45,6.0
C25,Portal Suba,61967,10:26:45,6.0
C25,Portal Suba,61967,10:32:45,6.0
C25,Portal Suba,61967,10:38:45,6.0
C25,Portal Suba,61967,10:44:45,6.0
C25,Portal Suba,61967,10:50:45,6.0
C25,Portal Suba,61967,10:56:45,6.0
C25,Portal Suba,61967,11:02:45,6.0
C25,Portal Suba,61967,11:08:45,6.0
C25,Portal Suba,61967,11:14:45,6.0
C25,Portal Suba,61967,11:20:45,6.0
C25,Portal Suba,61967,11:26:45,6.0
C25,Portal Suba,61967,11:32:45,6.0
C25,Portal Suba,61967,11:38:45,6.0
C25,Portal Suba,61967,11:44:45,6.0
C25,Portal Suba,61967,11:50:45,6.0
C25,Portal Suba,61967,11:56:45,6.0
C25,Portal Suba,61967,12:02:45,6.0
C25,Portal Suba,61967,12:08:45,6.0
C25,Portal Suba,61967,12:14:45,6.0
C25,Portal Suba,61967,12:20:45,6.0
C25,Portal Suba,61967,12:26:45,6.0
C25,Portal Suba,61967,12:32:45,6.0
C25,Portal Suba,61967,12:38:45,6.0
C25,Portal Suba,61967,12:44:45,6.0
C25,Portal Suba,61967,12:50:45,6.0
C25,Portal Suba,61967,12:56:45,6.0
C25,Portal Suba,61967,13:02:45,6.0
C25,Portal Suba,61967,13:08:45,6.0
C25,Portal Suba,61967,13:14:45,6.0
C25,Portal Suba,61967,13:20:45,6.0
C25,Portal Suba,61967,13:26:45,6.0
C25,Portal Suba,61967,13:32:45,6.0
C25,Portal Suba,61967,13:38:45,6.0
C25,Portal Suba,61967,13:44:45,6.0
C25,Portal Suba,61967,13:50:45,6.0
C25,Portal Suba,61967,13:56:45,6.0
C25,Portal Suba,61967,14:02:45,6.0
C25,Portal Suba,61967,14:08:45,6.0
C25,Portal Suba,61967,14:14:45,6.0
C25,Portal Suba,61967,14:20:45,6.0
C25,Portal Suba,61967,14:26:45,6.0
C25,Portal Suba,61967,14:32:45,6.0
C25,Portal Suba,61967,14:38:45,6.0
C25,Portal Suba,61967,14:44:45,6.0
C25,Portal Suba,61967,14:50:45,6.0
C25,Portal Suba,61967,14:56:45,6.0
C25,Portal Suba,61967,15:02:45,6.0
C25,Portal Suba,61967,15:08:45,6.0
C25,Portal Suba,61967,15:14:45,6.0
C25,Portal Suba,61967,15:20:45,6.0
C25,Portal Suba,61967,15:26:45,6.0
C25,Portal Suba,61967,15:32:45,6.0
C25,Portal Suba,61967,15:38:00,5.2
C25,Portal Suba,61967,15:43:15,5.2
C25,Portal Suba,61967,15:48:30,5.2
C25,Portal Suba,61967,15:53:30,5.0
C25,Portal Suba,61967,15:58:30,5.0
C25,Portal Suba,61967,16:03:30,5.0
C25,Portal Suba,61967,16:07:30,4.0
C25,Portal Suba,61967,16:11:30,4.0
C25,Portal Suba,61967,16:15:30,4.0
C25,Portal Suba,61967,16:19:30,4.0
C25,Portal Suba,61967,16:23:30,4.0
C25,Portal Suba,61967,16:27:30,4.0
C25,Portal Suba,61967,16:31:30,4.0
C25,Portal Suba,61967,16:35:30,4.0
C25,Portal Suba,61967,16:39:30,4.0
C25,Portal Suba,61967,16:43:30,4.0
C25,Portal Suba,61967,16:47:30,4.0
C25,Portal Suba,61967,16:51:30,4.0
C25,Portal Suba,61967,16:55:30,4.0
C25,Portal Suba,61967,16:59:30,4.0
C25,Portal Suba,61967,17:03:30,4.0
C25,Portal Suba,61967,17:07:45,4.2
C25,Portal Suba,61967,17:12:00,4.2
C25,Portal Suba,61967,17:16:15,4.2
C25,Portal Suba,61967,17:20:30,4.2
C25,Portal Suba,61967,17:24:45,4.2
C25,Portal Suba,61967,17:29:00,4.2
C25,Portal Suba,61967,17:33:15,4.2
C25,Portal Suba,61967,17:37:30,4.2
C25,Portal Suba,61967,17:41:45,4.2
C25,Portal Suba,61967,17:46:00,4.2
C25,Portal Suba,61967,17:50:15,4.2
C25,Portal Suba,61967,17:54:30,4.2
C25,Portal Suba,61967,17:58:45,4.2
C25,Portal Suba,61967,18:03:00,4.2
C25,Portal Suba,61967,18:07:15,4.2
C25,Portal Suba,61967,18:11:30,4.2
C25,Portal Suba,61967,18:15:45,4.2
C25,Portal Suba,61967,18:20:15,4.5
C25,Portal Suba,61967,18:24:45,4.5
C25,Portal Suba,61967,18:29:15,4.5
C25,Portal Suba,61967,18:33:45,4.5
C25,Portal Suba,61967,18:38:30,4.8
C25,Portal Suba,61967,18:43:15,4.8
C25,Portal Suba,61967,18:48:00,4.8
C25,Portal Suba,61967,18:53:00,5.0
C25,Portal Suba,61967,18:58:00,5.0
C25,Portal Suba,61967,19:03:00,5.0
C25,Portal Suba,61967,19:09:00,6.0
C25,Portal Suba,61967,19:15:00,6.0
C25,Portal Suba,61967,19:22:00,7.0
C25,Portal Suba,61967,19:29:00,7.0
C25,Portal Suba,61967,19:36:00,7.0
C25,Portal Suba,61967,19:43:00,7.0
C25,Portal Suba,61967,19:50:00,7.0
C25,Portal Suba,61967,19:57:00,7.0
C25,Portal Suba,61967,20:04:00,7.0
C25,Portal Suba,61967,20:11:00,7.0
C25,Portal Suba,61967,20:18:00,7.0
C25,Portal Suba,61967,20:25:00,7.0
C25,Portal Suba,61967,20:32:00,7.0
C25,Portal Suba,61967,20:39:00,7.0
C25,Portal Suba,61967,20:46:00,7.0
C25,Portal Suba,61967,20:53:00,7.0
C25,Portal Suba,61967,20:59:45,6.8
C25,Portal Suba,61967,21:06:30,6.8
C25,Portal Suba,61967,21:13:15,6.8
C25,Portal Suba,61967,21:20:00,6.8
C25,Portal Suba,61967,21:27:00,7.0
C25,Portal Suba,61967,21:35:00,8.0
C25,Portal Suba,61967,21:42:45,7.8
C25,Portal Suba,61967,21:48:30,5.8
C25,Portal Suba,61967,21:54:15,5.8
C25,Portal Suba,61967,22:00:00,5.8
L25,Portal 20 de Julio,61431,05:00:00,0.0
L25,Portal 20 de Julio,61431,05:04:30,4.5
L25,Portal 20 de Julio,61431,05:09:00,4.5
L25,Portal 20 de Julio,61431,05:13:30,4.5
L25,Portal 20 de Julio,61431,05:18:00,4.5
L25,Portal 20 de Julio,61431,05:22:30,4.5
L25,Portal 20 de Julio,61431,05:27:00,4.5
L25,Portal 20 de Julio,61431,05:31:30,4.5
L25,Portal 20 de Julio,61431,05:36:00,4.5
L25,Portal 20 de Julio,61431,05:40:30,4.5
L25,Portal 20 de Julio,61431,05:45:00,4.5
L25,Portal 20 de Julio,61431,05:49:30,4.5
L25,Portal 20 de Julio,61431,05:54:00,4.5
L25,Portal 20 de Julio,61431,05:58:30,4.5
L25,Portal 20 de Julio,61431,06:03:00,4.5
L25,Portal 20 de Julio,61431,06:07:30,4.5
L25,Portal 20 de Julio,61431,06:12:00,4.5
L25,Portal 20 de Julio,61431,06:16:30,4.5
L25,Portal 20 de Julio,61431,06:21:00,4.5
L25,Portal 20 de Julio,61431,06:25:30,4.5
L25,Portal 20 de Julio,61431,06:30:00,4.5
L25,Portal 20 de Julio,61431,06:34:30,4.5
L25,Portal 20 de Julio,61431,06:39:00,4.5
L25,Portal 20 de Julio,61431,06:43:30,4.5
L25,Portal 20 de Julio,61431,06:48:00,4.5
L25,Portal 20 de Julio,61431,06:52:30,4.5
L25,Portal 20 de Julio,61431,06:57:00,4.5
L25,Portal 20 de Julio,61431,07:01:30,4.5
L25,Portal 20 de Julio,61431,07:06:00,4.5
L25,Portal 20 de Julio,61431,07:10:30,4.5
L25,Portal 20 de Julio,61431,07:15:00,4.5
L25,Portal 20 de Julio,61431,07:19:30,4.5
L25,Portal 20 de Julio,61431,07:24:00,4.5
L25,Portal 20 de Julio,61431,07:28:30,4.5
L25,Portal 20 de Julio,61431,07:33:00,4.5
L25,Portal 20 de Julio,61431,07:37:30,4.5
L25,Portal 20 de Julio,61431,07:42:00,4.5
L25,Portal 20 de Julio,61431,07:46:30,4.5
L25,Portal 20 de Julio,61431,07:51:00,4.5
L25,Portal 20 de Julio,61431,07:55:30,4.5
L25,Portal 20 de Julio,61431,08:00:00,4.5
L25,Portal 20 de Julio,61431,08:04:30,4.5
L25,Portal 20 de Julio,61431,08:09:00,4.5
L25,Portal 20 de Julio,61431,08:13:30,4.5
L25,Portal 20 de Julio,61431,08:18:00,4.5
L25,Portal 20 de Julio,61431,08:22:30,4.5
L25,Portal 20 de Julio,61431,08:27:00,4.5
L25,Portal 20 de Julio,61431,08:31:30,4.5
L25,Portal 20 de Julio,61431,08:36:00,4.5
L25,Portal 20 de Julio,61431,08:40:30,4.5
L25,Portal 20 de Julio,61431,08:45:00,4.5
L25,Portal 20 de Julio,61431,08:49:30,4.5
L25,Portal 20 de Julio,61431,08:54:00,4.5
L25,Portal 20 de Julio,61431,08:58:30,4.5
L25,Portal 20 de Julio,61431,09:03:00,4.5
L25,Portal 20 de Julio,61431,09:07:30,4.5
L25,Portal 20 de Julio,61431,09:12:00,4.5
L25,Portal 20 de Julio,61431,09:16:30,4.5
L25,Portal 20 de Julio,61431,09:22:45,6.2
L25,Portal 20 de Julio,61431,09:29:00,6.2
L25,Portal 20 de Julio,61431,09:35:15,6.2
L25,Portal 20 de Julio,61431,09:41:45,6.5
L25,Portal 20 de Julio,61431,09:48:15,6.5
L25,Portal 20 de Julio,61431,09:54:45,6.5
L25,Portal 20 de Julio,61431,10:01:15,6.5
L25,Portal 20 de Julio,61431,10:07:45,6.5
L25,Portal 20 de Julio,61431,10:14:15,6.5
L25,Portal 20 de Julio,61431,10:20:45,6.5
L25,Portal 20 de Julio,61431,10:27:15,6.5
L25,Portal 20 de Julio,61431,10:33:45,6.5
L25,Portal 20 de Julio,61431,10:40:15,6.5
L25,Portal 20 de Julio,61431,10:46:45,6.5
L25,Portal 20 de Julio,61431,10:53:15,6.5
L25,Portal 20 de Julio,61431,10:59:45,6.5
L25,Portal 20 de Julio,61431,11:06:15,6.5
L25,Portal 20 de Julio,61431,11:12:45,6.5
L25,Portal 20 de Julio,61431,11:19:15,6.5
L25,Portal 20 de Julio,61431,11:25:45,6.5
L25,Portal 20 de Julio,61431,11:32:15,6.5
L25,Portal 20 de Julio,61431,11:38:45,6.5
L25,Portal 20 de Julio,61431,11:45:15,6.5
L25,Portal 20 de Julio,61431,11:51:45,6.5
L25,Portal 20 de Julio,61431,11:58:15,6.5
L25,Portal 20 de Julio,61431,12:04:45,6.5
L25,Portal 20 de Julio,61431,12:11:15,6.5
L25,Portal 20 de Julio,61431,12:17:45,6.5
L25,Portal 20 de Julio,61431,12:24:15,6.5
L25,Portal 20 de Julio,61431,12:30:45,6.5
L25,Portal 20 de Julio,61431,12:37:15,6.5
L25,Portal 20 de Julio,61431,12:43:45,6.5
L25,Portal 20 de Julio,61431,12:50:15,6.5
L25,Portal 20 de Julio,61431,12:56:45,6.5
L25,Portal 20 de Julio,61431,13:03:15,6.5
L25,Portal 20 de Julio,61431,13:09:45,6.5
L25,Portal 20 de Julio,61431,13:16:15,6.5
L25,Portal 20 de Julio,61431,13:22:45,6.5
L25,Portal 20 de Julio,61431,13:29:15,6.5
L25,Portal 20 de Julio,61431,13:35:45,6.5
L25,Portal 20 de Julio,61431,13:42:15,6.5
L25,Portal 20 de Julio,61431,13:48:45,6.5
L25,Portal 20 de Julio,61431,13:55:15,6.5
L25,Portal 20 de Julio,61431,14:01:45,6.5
L25,Portal 20 de Julio,61431,14:08:15,6.5
L25,Portal 20 de Julio,61431,14:14:45,6.5
L25,Portal 20 de Julio,61431,14:21:15,6.5
L25,Portal 20 de Julio,61431,14:27:45,6.5
L25,Portal 20 de Julio,61431,14:34:15,6.5
L25,Portal 20 de Julio,61431,14:40:45,6.5
L25,Portal 20 de Julio,61431,14:47:15,6.5
L25,Portal 20 de Julio,61431,14:53:45,6.5
L25,Portal 20 de Julio,61431,15:00:15,6.5
L25,Portal 20 de Julio,61431,15:06:45,6.5
L25,Portal 20 de Julio,61431,15:13:15,6.5
L25,Portal 20 de Julio,61431,15:19:45,6.5
L25,Portal 20 de Julio,61431,15:26:15,6.5
L25,Portal 20 de Julio,61431,15:32:45,6.5
L25,Portal 20 de Julio,61431,15:39:15,6.5
L25,Portal 20 de Julio,61431,15:45:45,6.5
L25,Portal 20 de Julio,61431,15:52:15,6.5
L25,Portal 20 de Julio,61431,15:58:45,6.5
L25,Portal 20 de Julio,61431,16:05:15,6.5
L25,Portal 20 de Julio,61431,16:10:15,5.0
L25,Portal 20 de Julio,61431,16:15:15,5.0
L25,Portal 20 de Julio,61431,16:19:15,4.0
L25,Portal 20 de Julio,61431,16:23:15,4.0
L25,Portal 20 de Julio,61431,16:27:15,4.0
L25,Portal 20 de Julio,61431,16:31:15,4.0
L25,Portal 20 de Julio,61431,16:35:15,4.0
L25,Portal 20 de Julio,61431,16:39:15,4.0
L25,Portal 20 de Julio,61431,16:43:15,4.0
L25,Portal 20 de Julio,61431,16:47:15,4.0
L25,Portal 20 de Julio,61431,16:51:15,4.0
L25,Portal 20 de Julio,61431,16:55:15,4.0
L25,Portal 20 de Julio,61431,16:59:15,4.0
L25,Portal 20 de Julio,61431,17:03:15,4.0
L25,Portal 20 de Julio,61431,17:07:15,4.0
L25,Portal 20 de Julio,61431,17:11:15,4.0
L25,Portal 20 de Julio,61431,17:15:15,4.0
L25,Portal 20 de Julio,61431,17:19:15,4.0
L25,Portal 20 de Julio,61431,17:23:15,4.0
L25,Portal 20 de Julio,61431,17:27:15,4.0
L25,Portal 20 de Julio,61431,17:31:15,4.0
L25,Portal 20 de Julio,61431,17:35:15,4.0
L25,Portal 20 de Julio,61431,17:39:15,4.0
L25,Portal 20 de Julio,61431,17:43:15,4.0
L25,Portal 20 de Julio,61431,17:47:15,4.0
L25,Portal 20 de Julio,61431,17:51:15,4.0
L25,Portal 20 de Julio,61431,17:55:15,4.0
L25,Portal 20 de Julio,61431,17:59:15,4.0
L25,Portal 20 de Julio,61431,18:03:15,4.0
L25,Portal 20 de Julio,61431,18:07:15,4.0
L25,Portal 20 de Julio,61431,18:11:15,4.0
L25,Portal 20 de Julio,61431,18:15:15,4.0
L25,Portal 20 de Julio,61431,18:19:15,4.0
L25,Portal 20 de Julio,61431,18:23:15,4.0
L25,Portal 20 de Julio,61431,18:27:15,4.0
L25,Portal 20 de Julio,61431,18:31:15,4.0
L25,Portal 20 de Julio,61431,18:35:45,4.5
L25,Portal 20 de Julio,61431,18:40:15,4.5
L25,Portal 20 de Julio,61431,18:44:45,4.5
L25,Portal 20 de Julio,61431,18:49:15,4.5
L25,Portal 20 de Julio,61431,18:53:45,4.5
L25,Portal 20 de Julio,61431,18:58:15,4.5
L25,Portal 20 de Julio,61431,19:02:45,4.5
L25,Portal 20 de Julio,61431,19:07:45,5.0
L25,Portal 20 de Julio,61431,19:12:45,5.0
L25,Portal 20 de Julio,61431,19:17:45,5.0
L25,Portal 20 de Julio,61431,19:22:45,5.0
L25,Portal 20 de Julio,61431,19:27:45,5.0
L25,Portal 20 de Julio,61431,19:32:45,5.0
L25,Portal 20 de Julio,61431,19:38:30,5.8
L25,Portal 20 de Julio,61431,19:44:15,5.8
L25,Portal 20 de Julio,61431,19:50:00,5.8
L25,Portal 20 de Julio,61431,19:56:00,6.0
L25,Portal 20 de Julio,61431,20:02:00,6.0
L25,Portal 20 de Julio,61431,20:09:00,7.0
L25,Portal 20 de Julio,61431,20:16:00,7.0
L25,Portal 20 de Julio,61431,20:24:00,8.0
L25,Portal 20 de Julio,61431,20:32:00,8.0
L25,Portal 20 de Julio,61431,20:40:00,8.0
L25,Portal 20 de Julio,61431,20:48:00,8.0
L25,Portal 20 de Julio,61431,20:56:00,8.0
L25,Portal 20 de Julio,61431,21:04:00,8.0
L25,Portal 20 de Julio,61431,21:12:00,8.0
L25,Portal 20 de Julio,61431,21:20:00,8.0
L25,Portal 20 de Julio,61431,21:27:30,7.5
L25,Portal 20 de Julio,61431,21:34:30,7.0
L25,Portal 20 de Julio,61431,21:41:30,7.0
L25,Portal 20 de Julio,61431,21:48:30,7.0
L25,Portal 20 de Julio,61431,22:00:00,11.5
B10,Portal Norte,73225,04:30:00,0.0
B10,Portal Norte,73225,04:36:00,6.0
B10,Portal Norte,73225,04:42:00,6.0
B10,Portal Norte,73225,04:48:00,6.0
B10,Portal Norte,73225,04:54:00,6.0
B10,Portal Norte,73225,05:00:00,6.0
B10,Portal Norte,73225,05:05:45,5.8
B10,Portal Norte,73225,05:11:30,5.8
B10,Portal Norte,73225,05:17:15,5.8
B10,Portal Norte,73225,05:23:00,5.8
B10,Portal Norte,73225,05:28:45,5.8
B10,Portal Norte,73225,05:34:30,5.8
B10,Portal Norte,73225,05:39:00,4.5
B10,Portal Norte,73225,05:43:30,4.5
B10,Portal Norte,73225,05:48:00,4.5
B10,Portal Norte,73225,05:51:30,3.5
B10,Portal Norte,73225,05:55:00,3.5
B10,Portal Norte,73225,05:58:30,3.5
B10,Portal Norte,73225,06:02:00,3.5
B10,Portal Norte,73225,06:05:30,3.5
B10,Portal Norte,73225,06:09:00,3.5
B10,Portal Norte,73225,06:12:30,3.5
B10,Portal Norte,73225,06:16:00,3.5
B10,Portal Norte,73225,06:19:15,3.2
B10,Portal Norte,73225,06:22:30,3.2
B10,Portal Norte,73225,06:25:45,3.2
B10,Portal Norte,73225,06:29:00,3.2
B10,Portal Norte,73225,06:32:15,3.2
B10,Portal Norte,73225,06:35:45,3.5
B10,Portal Norte,73225,06:39:15,3.5
B10,Portal Norte,73225,06:42:45,3.5
B10,Portal Norte,73225,06:46:15,3.5
B10,Portal Norte,73225,06:49:45,3.5
B10,Portal Norte,73225,06:53:15,3.5
B10,Portal Norte,73225,06:56:45,3.5
B10,Portal Norte,73225,07:00:15,3.5
B10,Portal Norte,73225,07:03:45,3.5
B10,Portal Norte,73225,07:07:15,3.5
B10,Portal Norte,73225,07:10:45,3.5
B10,Portal Norte,73225,07:14:15,3.5
B10,Portal Norte,73225,07:17:45,3.5
B10,Portal Norte,73225,07:21:15,3.5
B10,Portal Norte,73225,07:24:45,3.5
B10,Portal Norte,73225,07:28:15,3.5
B10,Portal Norte,73225,07:31:45,3.5
B10,Portal Norte,73225,07:35:15,3.5
B10,Portal Norte,73225,07:38:45,3.5
B10,Portal Norte,73225,07:42:15,3.5
B10,Portal Norte,73225,07:45:45,3.5
B10,Portal Norte,73225,07:49:45,4.0
B10,Portal Norte,73225,07:53:45,4.0
B10,Portal Norte,73225,07:57:45,4.0
B10,Portal Norte,73225,08:01:45,4.0
B10,Portal Norte,73225,08:05:45,4.0
B10,Portal Norte,73225,08:09:45,4.0
B10,Portal Norte,73225,08:13:45,4.0
B10,Portal Norte,73225,08:17:45,4.0
B10,Portal Norte,73225,08:21:45,4.0
B10,Portal Norte,73225,08:25:45,4.0
B10,Portal Norte,73225,08:29:45,4.0
B10,Portal Norte,73225,08:33:45,4.0
B10,Portal Norte,73225,08:37:45,4.0
B10,Portal Norte,73225,08:41:45,4.0
B10,Portal Norte,73225,08:45:45,4.0
B10,Portal Norte,73225,08:49:45,4.0
B10,Portal Norte,73225,08:53:45,4.0
B10,Portal Norte,73225,08:57:45,4.0
B10,Portal Norte,73225,09:01:45,4.0
B10,Portal Norte,73225,09:06:15,4.5
B10,Portal Norte,73225,09:10:45,4.5
B10,Portal Norte,73225,09:15:15,4.5
B10,Portal Norte,73225,09:20:30,5.2
B10,Portal Norte,73225,09:25:45,5.2
B10,Portal Norte,73225,09:31:00,5.2
B10,Portal Norte,73225,09:36:45,5.8
B10,Portal Norte,73225,09:42:30,5.8
B10,Portal Norte,73225,09:48:15,5.8
B10,Portal Norte,73225,09:54:00,5.8
B10,Portal Norte,73225,09:59:45,5.8
B10,Portal Norte,73225,10:05:30,5.8
B10,Portal Norte,73225,10:11:30,6.0
B10,Portal Norte,73225,10:17:30,6.0
B10,Portal Norte,73225,10:24:00,6.5
B10,Portal Norte,73225,10:30:30,6.5
B10,Portal Norte,73225,10:37:30,7.0
B10,Portal Norte,73225,10:44:30,7.0
B10,Portal Norte,73225,10:51:30,7.0
B10,Portal Norte,73225,10:58:30,7.0
B10,Portal Norte,73225,11:05:30,7.0
B10,Portal Norte,73225,11:12:30,7.0
B10,Portal Norte,73225,11:19:30,7.0
B10,Portal Norte,73225,11:26:30,7.0
B10,Portal Norte,73225,11:33:30,7.0
B10,Portal Norte,73225,11:40:30,7.0
B10,Portal Norte,73225,11:47:30,7.0
B10,Portal Norte,73225,11:54:30,7.0
B10,Portal Norte,73225,12:01:30,7.0
B10,Portal Norte,73225,12:08:30,7.0
B10,Portal Norte,73225,12:15:30,7.0
B10,Portal Norte,73225,12:22:30,7.0
B10,Portal Norte,73225,12:29:30,7.0
B10,Portal Norte,73225,12:36:30,7.0
B10,Portal Norte,73225,12:43:30,7.0
B10,Portal Norte,73225,12:50:30,7.0
B10,Portal Norte,73225,12:57:30,7.0
B10,Portal Norte,73225,13:04:30,7.0
B10,Portal Norte,73225,13:11:30,7.0
B10,Portal Norte,73225,13:18:30,7.0
B10,Portal Norte,73225,13:25:30,7.0
B10,Portal Norte,73225,13:32:30,7.0
B10,Portal Norte,73225,13:39:30,7.0
B10,Portal Norte,73225,13:46:30,7.0
B10,Portal Norte,73225,13:53:30,7.0
B10,Portal Norte,73225,14:00:30,7.0
B10,Portal Norte,73225,14:07:30,7.0
B10,Portal Norte,73225,14:14:30,7.0
B10,Portal Norte,73225,14:21:30,7.0
B10,Portal Norte,73225,14:28:30,7.0
B10,Portal Norte,73225,14:35:30,7.0
B10,Portal Norte,73225,14:42:30,7.0
B10,Portal Norte,73225,14:49:30,7.0
B10,Portal Norte,73225,14:56:30,7.0
B10,Portal Norte,73225,15:03:30,7.0
B10,Portal Norte,73225,15:10:30,7.0
B10,Portal Norte,73225,15:17:30,7.0
B10,Portal Norte,73225,15:24:30,7.0
B10,Portal Norte,73225,15:31:30,7.0
B10,Portal Norte,73225,15:38:30,7.0
B10,Portal Norte,73225,15:45:30,7.0
B10,Portal Norte,73225,15:52:30,7.0
B10,Portal Norte,73225,15:59:30,7.0
B10,Portal Norte,73225,16:06:30,7.0
B10,Portal Norte,73225,16:13:30,7.0
B10,Portal Norte,73225,16:20:30,7.0
B10,Portal Norte,73225,16:27:30,7.0
B10,Portal Norte,73225,16:34:30,7.0
B10,Portal Norte,73225,16:41:30,7.0
B10,Portal Norte,73225,16:48:30,7.0
B10,Portal Norte,73225,16:54:30,6.0
B10,Portal Norte,73225,17:00:30,6.0
B10,Portal Norte,73225,17:06:00,5.5
B10,Portal Norte,73225,17:11:30,5.5
B10,Portal Norte,73225,17:17:00,5.5
B10,Portal Norte,73225,17:22:30,5.5
B10,Portal Norte,73225,17:28:00,5.5
B10,Portal Norte,73225,17:33:30,5.5
B10,Portal Norte,73225,17:39:00,5.5
B10,Portal Norte,73225,17:44:30,5.5
B10,Portal Norte,73225,17:50:00,5.5
B10,Portal Norte,73225,17:55:30,5.5
B10,Portal Norte,73225,18:01:00,5.5
B10,Portal Norte,73225,18:06:30,5.5
B10,Portal Norte,73225,18:12:00,5.5
B10,Portal Norte,73225,18:17:30,5.5
B10,Portal Norte,73225,18:23:00,5.5
B10,Portal Norte,73225,18:28:30,5.5
B10,Portal Norte,73225,18:34:00,5.5
B10,Portal Norte,73225,18:39:30,5.5
B10,Portal Norte,73225,18:45:00,5.5
B10,Portal Norte,73225,18:50:30,5.5
B10,Portal Norte,73225,18:56:00,5.5
B10,Portal Norte,73225,19:01:30,5.5
B10,Portal Norte,73225,19:09:00,7.5
B10,Portal Norte,73225,19:16:30,7.5
B10,Portal Norte,73225,19:24:00,7.5
B10,Portal Norte,73225,19:31:30,7.5
B10,Portal Norte,73225,19:39:00,7.5
B10,Portal Norte,73225,19:46:30,7.5
B10,Portal Norte,73225,19:54:00,7.5
B10,Portal Norte,73225,20:01:30,7.5
B10,Portal Norte,73225,20:09:00,7.5
B10,Portal Norte,73225,20:16:30,7.5
B10,Portal Norte,73225,20:24:00,7.5
B10,Portal Norte,73225,20:31:30,7.5
B10,Portal Norte,73225,20:39:00,7.5
B10,Portal Norte,73225,20:46:30,7.5
B10,Portal Norte,73225,20:53:45,7.2
B10,Portal Norte,73225,21:00:00,6.2
B10,Portal Norte,73225,21:06:00,6.0
B10,Portal Norte,73225,21:12:30,6.5
B10,Portal Norte,73225,21:21:15,8.8
B10,Portal Norte,73225,21:30:00,8.8
D10,Portal 80,61235,05:00:00,0.0
D10,Portal 80,61235,05:07:45,7.8
D10,Portal 80,61235,05:15:30,7.8
D10,Portal 80,61235,05:23:15,7.8
D10,Portal 80,61235,05:31:00,7.8
D10,Portal 80,61235,05:38:45,7.8
D10,Portal 80,61235,05:46:30,7.8
D10,Portal 80,61235,05:53:45,7.2
D10,Portal 80,61235,06:01:00,7.2
D10,Portal 80,61235,06:08:00,7.0
D10,Portal 80,61235,06:15:00,7.0
D10,Portal 80,61235,06:21:45,6.8
D10,Portal 80,61235,06:28:30,6.8
D10,Portal 80,61235,06:35:15,6.8
D10,Portal 80,61235,06:41:00,5.8
D10,Portal 80,61235,06:46:45,5.8
D10,Portal 80,61235,06:51:45,5.0
D10,Portal 80,61235,06:56:45,5.0
D10,Portal 80,61235,07:01:45,5.0
D10,Portal 80,61235,07:06:45,5.0
D10,Portal 80,61235,07:11:45,5.0
D10,Portal 80,61235,07:16:45,5.0
D10,Portal 80,61235,07:21:45,5.0
D10,Portal 80,61235,07:26:45,5.0
D10,Portal 80,61235,07:31:45,5.0
D10,Portal 80,61235,07:36:45,5.0
D10,Portal 80,61235,07:41:45,5.0
D10,Portal 80,61235,07:46:45,5.0
D10,Portal 80,61235,07:51:45,5.0
D10,Portal 80,61235,07:56:45,5.0
D10,Portal 80,61235,08:01:45,5.0
D10,Portal 80,61235,08:07:15,5.5
D10,Portal 80,61235,08:12:45,5.5
D10,Portal 80,61235,08:18:15,5.5
D10,Portal 80,61235,08:24:00,5.8
D10,Portal 80,61235,08:29:45,5.8
D10,Portal 80,61235,08:35:30,5.8
D10,Portal 80,61235,08:41:15,5.8
D10,Portal 80,61235,08:47:00,5.8
D10,Portal 80,61235,08:53:00,6.0
D10,Portal 80,61235,08:59:00,6.0
D10,Portal 80,61235,09:05:00,6.0
D10,Portal 80,61235,09:11:00,6.0
D10,Portal 80,61235,09:17:00,6.0
D10,Portal 80,61235,09:23:30,6.5
D10,Portal 80,61235,09:30:00,6.5
D10,Portal 80,61235,09:37:00,7.0
D10,Portal 80,61235,09:44:00,7.0
D10,Portal 80,61235,09:51:00,7.0
D10,Portal 80,61235,09:58:00,7.0
D10,Portal 80,61235,10:05:00,7.0
D10,Portal 80,61235,10:12:00,7.0
D10,Portal 80,61235,10:19:00,7.0
D10,Portal 80,61235,10:26:00,7.0
D10,Portal 80,61235,10:33:00,7.0
D10,Portal 80,61235,10:40:00,7.0
D10,Portal 80,61235,10:47:00,7.0
D10,Portal 80,61235,10:54:00,7.0
D10,Portal 80,61235,11:01:00,7.0
D10,Portal 80,61235,11:08:00,7.0
D10,Portal 80,61235,11:15:00,7.0
D10,Portal 80,61235,11:22:00,7.0
D10,Portal 80,61235,11:29:00,7.0
D10,Portal 80,61235,11:36:00,7.0
D10,Portal 80,61235,11:43:00,7.0
D10,Portal 80,61235,11:50:00,7.0
D10,Portal 80,61235,11:57:00,7.0
D10,Portal 80,61235,12:04:00,7.0
D10,Portal 80,61235,12:11:00,7.0
D10,Portal 80,61235,12:18:00,7.0
D10,Portal 80,61235,12:25:00,7.0
D10,Portal 80,61235,12:32:00,7.0
D10,Portal 80,61235,12:39:00,7.0
D10,Portal 80,61235,12:46:00,7.0
D10,Portal 80,61235,12:53:00,7.0
D10,Portal 80,61235,13:00:00,7.0
D10,Portal 80,61235,13:07:00,7.0
D10,Portal 80,61235,13:14:00,7.0
D10,Portal 80,61235,13:21:00,7.0
D10,Portal 80,61235,13:28:00,7.0
D10,Portal 80,61235,13:35:00,7.0
D10,Portal 80,61235,13:42:00,7.0
D10,Portal 80,61235,13:49:00,7.0
D10,Portal 80,61235,13:56:00,7.0
D10,Portal 80,61235,14:03:00,7.0
D10,Portal 80,61235,14:10:00,7.0
D10,Portal 80,61235,14:17:00,7.0
D10,Portal 80,61235,14:24:00,7.0
D10,Portal 80,61235,14:31:00,7.0
D10,Portal 80,61235,14:38:00,7.0
D10,Portal 80,61235,14:45:00,7.0
D10,Portal 80,61235,14:52:00,7.0
D10,Portal 80,61235,14:59:00,7.0
D10,Portal 80,61235,15:06:00,7.0
D10,Portal 80,61235,15:13:00,7.0
D10,Portal 80,61235,15:20:00,7.0
D10,Portal 80,61235,15:27:00,7.0
D10,Portal 80,61235,15:34:00,7.0
D10,Portal 80,61235,15:39:45,5.8
D10,Portal 80,61235,15:45:30,5.8
D10,Portal 80,61235,15:50:30,5.0
D10,Portal 80,61235,15:55:30,5.0
D10,Portal 80,61235,16:00:30,5.0
D10,Portal 80,61235,16:04:45,4.2
D10,Portal 80,61235,16:09:00,4.2
D10,Portal 80,61235,16:13:15,4.2
D10,Portal 80,61235,16:17:30,4.2
D10,Portal 80,61235,16:21:30,4.0
D10,Portal 80,61235,16:25:30,4.0
D10,Portal 80,61235,16:29:30,4.0
D10,Portal 80,61235,16:33:30,4.0
D10,Portal 80,61235,16:37:30,4.0
D10,Portal 80,61235,16:41:30,4.0
D10,Portal 80,61235,16:45:30,4.0
D10,Portal 80,61235,16:49:30,4.0
D10,Portal 80,61235,16:53:30,4.0
D10,Portal 80,61235,16:57:30,4.0
D10,Portal 80,61235,17:01:30,4.0
D10,Portal 80,61235,17:05:30,4.0
D10,Portal 80,61235,17:09:30,4.0
D10,Portal 80,61235,17:13:30,4.0
D10,Portal 80,61235,17:17:30,4.0
D10,Portal 80,61235,17:21:30,4.0
D10,Portal 80,61235,17:25:30,4.0
D10,Portal 80,61235,17:29:30,4.0
D10,Portal 80,61235,17:33:30,4.0
D10,Portal 80,61235,17:37:30,4.0
D10,Portal 80,61235,17:41:30,4.0
D10,Portal 80,61235,17:45:30,4.0
D10,Portal 80,61235,17:49:30,4.0
D10,Portal 80,61235,17:53:30,4.0
D10,Portal 80,61235,17:57:30,4.0
D10,Portal 80,61235,18:01:30,4.0
D10,Portal 80,61235,18:05:30,4.0
D10,Portal 80,61235,18:09:30,4.0
D10,Portal 80,61235,18:13:30,4.0
D10,Portal 80,61235,18:17:30,4.0
D10,Portal 80,61235,18:21:30,4.0
D10,Portal 80,61235,18:25:30,4.0
D10,Portal 80,61235,18:29:30,4.0
D10,Portal 80,61235,18:33:30,4.0
D10,Portal 80,61235,18:37:30,4.0
D10,Portal 80,61235,18:41:30,4.0
D10,Portal 80,61235,18:45:30,4.0
D10,Portal 80,61235,18:49:30,4.0
D10,Portal 80,61235,18:53:30,4.0
D10,Portal 80,61235,18:57:30,4.0
D10,Portal 80,61235,19:01:30,4.0
D10,Portal 80,61235,19:05:30,4.0
D10,Portal 80,61235,19:09:30,4.0
D10,Portal 80,61235,19:13:30,4.0
D10,Portal 80,61235,19:17:30,4.0
D10,Portal 80,61235,19:21:30,4.0
D10,Portal 80,61235,19:25:30,4.0
D10,Portal 80,61235,19:29:30,4.0
D10,Portal 80,61235,19:33:30,4.0
D10,Portal 80,61235,19:38:15,4.8
D10,Portal 80,61235,19:43:00,4.8
D10,Portal 80,61235,19:47:45,4.8
D10,Portal 80,61235,19:52:45,5.0
D10,Portal 80,61235,19:57:45,5.0
D10,Portal 80,61235,20:02:45,5.0
D10,Portal 80,61235,20:08:45,6.0
D10,Portal 80,61235,20:14:45,6.0
D10,Portal 80,61235,20:20:45,6.0
D10,Portal 80,61235,20:27:15,6.5
D10,Portal 80,61235,20:33:45,6.5
D10,Portal 80,61235,20:41:15,7.5
D10,Portal 80,61235,20:48:45,7.5
D10,Portal 80,61235,20:56:15,7.5
D10,Portal 80,61235,21:03:45,7.5
D10,Portal 80,61235,21:11:15,7.5
D10,Portal 80,61235,21:18:45,7.5
D10,Portal 80,61235,21:26:15,7.5
D10,Portal 80,61235,21:33:30,7.2
D10,Portal 80,61235,21:39:30,6.0
D10,Portal 80,61235,21:45:30,6.0
D10,Portal 80,61235,21:51:45,6.2
D10,Portal 80,61235,22:00:00,8.2
F23,Banderas,61845,06:15:00,0.0
F23,Banderas,61845,06:30:00,15.0
F23,Banderas,61845,06:45:00,15.0
F23,Banderas,61845,06:58:45,13.8
F23,Banderas,61845,07:12:30,13.8
F23,Banderas,61845,07:25:15,12.8
F23,Banderas,61845,07:36:15,11.0
F23,Banderas,61845,07:51:00,14.8
F23,Banderas,61845,08:00:00,9.0
F23,P. Américas,61288,16:30:00,0.0
F23,P. Américas,61288,16:33:45,3.8
F23,P. Américas,61288,16:40:00,6.2
F23,P. Américas,61288,16:46:00,6.0
F23,P. Américas,61288,16:51:30,5.5
F23,P. Américas,61288,16:57:15,5.8
F23,P. Américas,61288,17:03:15,6.0
F23,P. Américas,61288,17:10:00,6.8
F23,P. Américas,61288,17:16:00,6.0
F23,P. Américas,61288,17:23:00,7.0
F23,P. Américas,61288,17:29:00,6.0
F23,P. Américas,61288,17:35:00,6.0
F23,P. Américas,61288,17:40:15,5.2
F23,P. Américas,61288,17:46:15,6.0
F23,P. Américas,61288,17:52:30,6.2
F23,P. Américas,61288,17:58:30,6.0
F23,P. Américas,61288,18:04:30,6.0
F23,P. Américas,61288,18:10:45,6.2
F23,P. Américas,61288,18:15:45,5.0
F23,P. Américas,61288,18:22:45,7.0
F23,P. Américas,61288,18:28:45,6.0
F23,P. Américas,61288,18:34:00,5.2
F23,P. Américas,61288,18:40:00,6.0
F23,P. Américas,61288,18:45:30,5.5
F23,P. Américas,61288,18:53:30,8.0
F23,P. Américas,61288,19:01:15,7.8
F23,P. Américas,61288,19:09:00,7.8
F23,P. Américas,61288,19:16:45,7.8
F23,P. Américas,61288,19:24:30,7.8
F23,P. Américas,61288,19:31:15,6.8
F23,P. Américas,61288,19:39:00,7.8
F23,P. Américas,61288,19:47:00,8.0
F23,P. Américas,61288,19:56:15,9.2
F23,P. Américas,61845,04:45:00,0.0
F23,P. Américas,61845,04:52:00,7.0
F23,P. Américas,61845,04:59:00,7.0
F23,P. Américas,61845,05:06:00,7.0
F23,P. Américas,61845,05:13:00,7.0
F23,P. Américas,61845,05:20:00,7.0
F23,P. Américas,61845,05:27:00,7.0
F23,P. Américas,61845,05:34:00,7.0
F23,P. Américas,61845,05:41:00,7.0
F23,P. Américas,61845,05:48:00,7.0
F23,P. Américas,61845,05:55:00,7.0
F23,P. Américas,61845,06:02:00,7.0
F23,P. Américas,61845,06:09:00,7.0
F23,P. Américas,61845,06:16:00,7.0
F23,P. Américas,61845,06:23:00,7.0
F23,P. Américas,61845,06:30:00,7.0
F23,P. Américas,61845,06:37:00,7.0
F23,P. Américas,61845,06:44:00,7.0
F23,P. Américas,61845,06:51:00,7.0
F23,P. Américas,61845,06:58:00,7.0
F23,P. Américas,61845,07:05:00,7.0
F23,P. Américas,61845,07:12:00,7.0
F23,P. Américas,61845,07:19:00,7.0
F23,P. Américas,61845,07:26:00,7.0
F23,P. Américas,61845,07:33:00,7.0
F23,P. Américas,61845,07:40:00,7.0
F23,P. Américas,61845,07:47:00,7.0
F23,P. Américas,61845,07:54:00,7.0
F23,P. Américas,61845,08:01:00,7.0
F23,P. Américas,61845,08:08:00,7.0
F23,P. Américas,61845,08:15:00,7.0
F23,P. Américas,61845,08:22:00,7.0
F23,P. Américas,61845,08:29:00,7.0
F23,P. Américas,61845,08:36:00,7.0
F23,P. Américas,61845,08:43:00,7.0
F23,P. Américas,61845,08:50:00,7.0
F23,P. Américas,61845,08:57:00,7.0
F23,P. Américas,61845,09:04:00,7.0
F23,P. Américas,61845,09:11:00,7.0
F23,P. Américas,61845,09:18:00,7.0
F23,P. Américas,61845,09:25:00,7.0
F23,P. Américas,61845,09:32:00,7.0
F23,P. Américas,61845,09:38:00,6.0
F23,P. Américas,61845,09:44:00,6.0
F23,P. Américas,61845,09:50:00,6.0
F23,P. Américas,61845,09:55:30,5.5
F23,P. Américas,61845,10:01:00,5.5
F23,P. Américas,61845,10:06:00,5.0
F23,P. Américas,61845,10:11:00,5.0
F23,P. Américas,61845,10:16:00,5.0
F23,P. Américas,61845,10:20:00,4.0
F23,P. Américas,61845,10:24:00,4.0
F23,P. Américas,61845,10:28:00,4.0
F23,P. Américas,61845,10:32:00,4.0
F23,P. Américas,61845,10:36:00,4.0
F23,P. Américas,61845,10:40:00,4.0
F23,P. Américas,61845,10:44:00,4.0
F23,P. Américas,61845,10:48:00,4.0
F23,P. Américas,61845,10:52:00,4.0
F23,P. Américas,61845,10:56:00,4.0
F23,P. Américas,61845,11:00:00,4.0
F23,P. Américas,61845,11:04:00,4.0
F23,P. Américas,61845,11:08:00,4.0
F23,P. Américas,61845,11:12:00,4.0
F23,P. Américas,61845,11:16:00,4.0
F23,P. Américas,61845,11:20:00,4.0
F23,P. Américas,61845,11:24:00,4.0
F23,P. Américas,61845,11:28:00,4.0
F23,P. Américas,61845,11:32:00,4.0
F23,P. Américas,61845,11:36:00,4.0
F23,P. Américas,61845,11:40:00,4.0
F23,P. Américas,61845,11:44:00,4.0
F23,P. Américas,61845,11:48:00,4.0
F23,P. Américas,61845,11:52:00,4.0
F23,P. Américas,61845,11:56:00,4.0
F23,P. Américas,61845,12:00:00,4.0
F23,P. Américas,61845,12:04:00,4.0
F23,P. Américas,61845,12:08:00,4.0
F23,P. Américas,61845,12:12:00,4.0
F23,P. Américas,61845,12:16:00,4.0
F23,P. Américas,61845,12:20:00,4.0
F23,P. Américas,61845,12:24:00,4.0
F23,P. Américas,61845,12:28:00,4.0
F23,P. Américas,61845,12:32:00,4.0
F23,P. Américas,61845,12:36:00,4.0
F23,P. Américas,61845,12:40:00,4.0
F23,P. Américas,61845,12:44:00,4.0
F23,P. Américas,61845,12:48:00,4.0
F23,P. Américas,61845,12:52:00,4.0
F23,P. Américas,61845,12:56:00,4.0
F23,P. Américas,61845,13:00:00,4.0
F23,P. Américas,61845,13:04:00,4.0
F23,P. Américas,61845,13:08:00,4.0
F23,P. Américas,61845,13:12:00,4.0
F23,P. Américas,61845,13:16:00,4.0
F23,P. Américas,61845,13:20:00,4.0
F23,P. Américas,61845,13:24:00,4.0
F23,P. Américas,61845,13:28:00,4.0
F23,P. Américas,61845,13:32:00,4.0
F23,P. Américas,61845,13:36:00,4.0
F23,P. Américas,61845,13:40:00,4.0
F23,P. Américas,61845,13:44:00,4.0
F23,P. Américas,61845,13:48:00,4.0
F23,P. Américas,61845,13:52:00,4.0
F23,P. Américas,61845,13:56:00,4.0
F23,P. Américas,61845,14:00:00,4.0
F23,P. Américas,61845,14:04:00,4.0
F23,P. Américas,61845,14:08:00,4.0
F23,P. Américas,61845,14:12:00,4.0
F23,P. Américas,61845,14:16:00,4.0
F23,P. Américas,61845,14:20:00,4.0
F23,P. Américas,61845,14:24:00,4.0
F23,P. Américas,61845,14:28:00,4.0
F23,P. Américas,61845,14:32:00,4.0
F23,P. Américas,61845,14:36:00,4.0
F23,P. Américas,61845,14:40:00,4.0
F23,P. Américas,61845,14:44:00,4.0
F23,P. Américas,61845,14:48:00,4.0
F23,P. Américas,61845,14:52:00,4.0
F23,P. Américas,61845,14:56:00,4.0
F23,P. Américas,61845,15:00:00,4.0
F23,P. Américas,61845,15:04:00,4.0
F23,P. Américas,61845,15:08:00,4.0
F23,P. Américas,61845,15:12:00,4.0
F23,P. Américas,61845,15:16:00,4.0
F23,P. Américas,61845,15:20:00,4.0
F23,P. Américas,61845,15:24:00,4.0
F23,P. Américas,61845,15:28:00,4.0
F23,P. Américas,61845,15:32:00,4.0
F23,P. Américas,61845,15:36:00,4.0
F23,P. Américas,61845,15:40:00,4.0
F23,P. Américas,61845,15:44:00,4.0
F23,P. Américas,61845,15:48:00,4.0
F23,P. Américas,61845,15:51:30,3.5
F23,P. Américas,61845,15:55:00,3.5
F23,P. Américas,61845,15:58:30,3.5
F23,P. Américas,61845,16:02:00,3.5
F23,P. Américas,61845,16:05:30,3.5
F23,P. Américas,61845,16:09:00,3.5
F23,P. Américas,61845,16:12:30,3.5
F23,P. Américas,61845,16:16:00,3.5
F23,P. Américas,61845,16:19:30,3.5
F23,P. Américas,61845,16:23:00,3.5
F23,P. Américas,61845,16:26:30,3.5
F23,P. Américas,61845,16:30:00,3.5
F23,P. Américas,61845,16:33:30,3.5
F23,P. Américas,61845,16:37:00,3.5
F23,P. Américas,61845,16:40:30,3.5
F23,P. Américas,61845,16:44:00,3.5
F23,P. Américas,61845,16:47:30,3.5
F23,P. Américas,61845,16:50:30,3.0
F23,P. Américas,61845,16:53:30,3.0
F23,P. Américas,61845,16:56:30,3.0
F23,P. Américas,61845,16:59:30,3.0
F23,P. Américas,61845,17:02:30,3.0
F23,P. Américas,61845,17:05:30,3.0
F23,P. Américas,61845,17:08:30,3.0
F23,P. Américas,61845,17:11:30,3.0
F23,P. Américas,61845,17:14:30,3.0
F23,P. Américas,61845,17:17:30,3.0
F23,P. Américas,61845,17:20:30,3.0
F23,P. Américas,61845,17:23:30,3.0
F23,P. Américas,61845,17:26:30,3.0
F23,P. Américas,61845,17:29:30,3.0
F23,P. Américas,61845,17:32:30,3.0
F23,P. Américas,61845,17:35:30,3.0
F23,P. Américas,61845,17:38:30,3.0
F23,P. Américas,61845,17:41:30,3.0
F23,P. Américas,61845,17:44:30,3.0
F23,P. Américas,61845,17:47:30,3.0
F23,P. Américas,61845,17:50:30,3.0
F23,P. Américas,61845,17:53:30,3.0
F23,P. Américas,61845,17:56:30,3.0
F23,P. Américas,61845,17:59:30,3.0
F23,P. Américas,61845,18:02:30,3.0
F23,P. Américas,61845,18:05:30,3.0
F23,P. Américas,61845,18:08:30,3.0
F23,P. Américas,61845,18:11:30,3.0
F23,P. Américas,61845,18:14:30,3.0
F23,P. Américas,61845,18:17:30,3.0
F23,P. Américas,61845,18:20:30,3.0
F23,P. Américas,61845,18:23:30,3.0
F23,P. Américas,61845,18:26:30,3.0
F23,P. Américas,61845,18:29:30,3.0
F23,P. Américas,61845,18:32:30,3.0
F23,P. Américas,61845,18:36:30,4.0
F23,P. Américas,61845,18:40:30,4.0
F23,P. Américas,61845,18:44:30,4.0
F23,P. Américas,61845,18:48:30,4.0
F23,P. Américas,61845,18:52:30,4.0
F23,P. Américas,61845,18:56:30,4.0
F23,P. Américas,61845,19:00:30,4.0
F23,P. Américas,61845,19:04:30,4.0
F23,P. Américas,61845,19:08:30,4.0
F23,P. Américas,61845,19:12:30,4.0
F23,P. Américas,61845,19:16:30,4.0
F23,P. Américas,61845,19:20:30,4.0
F23,P. Américas,61845,19:24:30,4.0
F23,P. Américas,61845,19:28:30,4.0
F23,P. Américas,61845,19:32:30,4.0
F23,P. Américas,61845,19:36:30,4.0
F23,P. Américas,61845,19:40:30,4.0
F23,P. Américas,61845,19:44:30,4.0
F23,P. Américas,61845,19:48:30,4.0
F23,P. Américas,61845,19:52:30,4.0
F23,P. Américas,61845,19:56:30,4.0
F23,P. Américas,61845,20:00:30,4.0
F23,P. Américas,61845,20:04:45,4.2
F23,P. Américas,61845,20:09:00,4.2
F23,P. Américas,61845,20:13:15,4.2
F23,P. Américas,61845,20:17:30,4.2
F23,P. Américas,61845,20:22:00,4.5
F23,P. Américas,61845,20:26:30,4.5
F23,P. Américas,61845,20:31:00,4.5
F23,P. Américas,61845,20:36:00,5.0
F23,P. Américas,61845,20:41:00,5.0
F23,P. Américas,61845,20:46:00,5.0
F23,P. Américas,61845,20:51:30,5.5
F23,P. Américas,61845,20:57:00,5.5
F23,P. Américas,61845,21:02:30,5.5
F23,P. Américas,61845,21:08:00,5.5
F23,P. Américas,61845,21:13:30,5.5
F23,P. Américas,61845,21:19:00,5.5
F23,P. Américas,61845,21:24:30,5.5
F23,P. Américas,61845,21:30:00,5.5
F23,P. Américas,61845,21:35:30,5.5
F23,P. Américas,61845,21:41:00,5.5
F23,P. Américas,61845,21:46:30,5.5
F23,P. Américas,61845,21:52:00,5.5
F23,P. Américas,61845,21:57:30,5.5
F23,P. Américas,61845,22:03:00,5.5
F23,P. Américas,61845,22:08:45,5.8
F23,P. Américas,61845,22:14:30,5.8
F23,P. Américas,61845,22:20:00,5.5
F23,P. Américas,61845,22:24:45,4.8
F23,P. Américas,61845,22:31:45,7.0
F23,P. Américas,61845,22:38:00,6.2
F23,P. Américas,61845,22:45:00,7.0
F23,P. Américas,61845,22:53:00,8.0
F23,P. Américas,61845,23:00:00,7.0
1,Universidades,73238,04:30:00,0.0
1,Universidades,73238,04:35:00,5.0
1,Universidades,73238,04:40:00,5.0
1,Universidades,73238,04:45:00,5.0
1,Universidades,73238,04:50:00,5.0
1,Universidades,73238,04:55:00,5.0
1,Universidades,73238,05:00:00,5.0
1,Universidades,73238,05:05:00,5.0
1,Universidades,73238,05:10:00,5.0
1,Universidades,73238,05:15:00,5.0
1,Universidades,73238,05:20:00,5.0
1,Universidades,73238,05:25:00,5.0
1,Universidades,73238,05:30:00,5.0
1,Universidades,73238,05:34:00,4.0
1,Universidades,73238,05:38:00,4.0
1,Universidades,73238,05:42:00,4.0
1,Universidades,73238,05:46:00,4.0
1,Universidades,73238,05:50:00,4.0
1,Universidades,73238,05:54:00,4.0
1,Universidades,73238,05:58:00,4.0
1,Universidades,73238,06:02:00,4.0
1,Universidades,73238,06:06:00,4.0
1,Universidades,73238,06:10:00,4.0
1,Universidades,73238,06:14:00,4.0
1,Universidades,73238,06:18:00,4.0
1,Universidades,73238,06:22:00,4.0
1,Universidades,73238,06:26:00,4.0
1,Universidades,73238,06:30:00,4.0
1,Universidades,73238,06:34:00,4.0
1,Universidades,73238,06:38:00,4.0
1,Universidades,73238,06:42:00,4.0
1,Universidades,73238,06:46:00,4.0
1,Universidades,73238,06:50:00,4.0
1,Universidades,73238,06:54:00,4.0
1,Universidades,73238,06:58:00,4.0
1,Universidades,73238,07:02:00,4.0
1,Universidades,73238,07:06:00,4.0
1,Universidades,73238,07:10:00,4.0
1,Universidades,73238,07:14:00,4.0
1,Universidades,73238,07:18:00,4.0
1,Universidades,73238,07:22:00,4.0
1,Universidades,73238,07:26:00,4.0
1,Universidades,73238,07:30:00,4.0
1,Universidades,73238,07:34:00,4.0
1,Universidades,73238,07:38:00,4.0
1,Universidades,73238,07:42:00,4.0
1,Universidades,73238,07:46:00,4.0
1,Universidades,73238,07:50:00,4.0
1,Universidades,73238,07:54:00,4.0
1,Universidades,73238,07:58:00,4.0
1,Universidades,73238,08:02:00,4.0
1,Universidades,73238,08:07:00,5.0
1,Universidades,73238,08:12:00,5.0
1,Universidades,73238,08:17:00,5.0
1,Universidades,73238,08:22:00,5.0
1,Universidades,73238,08:27:00,5.0
1,Universidades,73238,08:32:00,5.0
1,Universidades,73238,08:37:00,5.0
1,Universidades,73238,08:42:00,5.0
1,Universidades,73238,08:47:00,5.0
1,Universidades,73238,08:52:00,5.0
1,Universidades,73238,08:57:00,5.0
1,Universidades,73238,09:02:00,5.0
1,Universidades,73238,09:08:00,6.0
1,Universidades,73238,09:14:00,6.0
1,Universidades,73238,09:20:00,6.0
1,Universidades,73238,09:26:00,6.0
1,Universidades,73238,09:32:00,6.0
1,Universidades,73238,09:38:00,6.0
1,Universidades,73238,09:44:00,6.0
1,Universidades,73238,09:50:00,6.0
1,Universidades,73238,09:56:00,6.0
1,Universidades,73238,10:02:00,6.0
1,Universidades,73238,10:08:00,6.0
1,Universidades,73238,10:14:00,6.0
1,Universidades,73238,10:20:00,6.0
1,Universidades,73238,10:26:00,6.0
1,Universidades,73238,10:32:00,6.0
1,Universidades,73238,10:38:00,6.0
1,Universidades,73238,10:44:00,6.0
1,Universidades,73238,10:50:00,6.0
1,Universidades,73238,10:56:00,6.0
1,Universidades,73238,11:02:00,6.0
1,Universidades,73238,11:08:00,6.0
1,Universidades,73238,11:14:00,6.0
1,Universidades,73238,11:20:00,6.0
1,Universidades,73238,11:26:00,6.0
1,Universidades,73238,11:32:00,6.0
1,Universidades,73238,11:38:00,6.0
1,Universidades,73238,11:44:00,6.0
1,Universidades,73238,11:50:00,6.0
1,Universidades,73238,11:56:00,6.0
1,Universidades,73238,12:02:00,6.0
1,Universidades,73238,12:08:00,6.0
1,Universidades,73238,12:14:00,6.0
1,Universidades,73238,12:20:00,6.0
1,Universidades,73238,12:26:00,6.0
1,Universidades,73238,12:32:00,6.0
1,Universidades,73238,12:38:00,6.0
1,Universidades,73238,12:44:00,6.0
1,Universidades,73238,12:50:00,6.0
1,Universidades,73238,12:56:00,6.0
1,Universidades,73238,13:02:00,6.0
1,Universidades,73238,13:08:00,6.0
1,Universidades,73238,13:14:00,6.0
1,Universidades,73238,13:20:00,6.0
1,Universidades,73238,13:26:00,6.0
1,Universidades,73238,13:32:00,6.0
1,Universidades,73238,13:38:00,6.0
1,Universidades,73238,13:44:00,6.0
1,Universidades,73238,13:50:00,6.0
1,Universidades,73238,13:56:00,6.0
1,Universidades,73238,14:02:00,6.0
1,Universidades,73238,14:08:00,6.0
1,Universidades,73238,14:14:00,6.0
1,Universidades,73238,14:20:00,6.0
1,Universidades,73238,14:26:00,6.0
1,Universidades,73238,14:32:00,6.0
1,Universidades,73238,14:38:00,6.0
1,Universidades,73238,14:44:00,6.0
1,Universidades,73238,14:50:00,6.0
1,Universidades,73238,14:56:00,6.0
1,Universidades,73238,15:02:00,6.0
1,Universidades,73238,15:08:00,6.0
1,Universidades,73238,15:14:00,6.0
1,Universidades,73238,15:20:00,6.0
1,Universidades,73238,15:26:00,6.0
1,Universidades,73238,15:32:00,6.0
1,Universidades,73238,15:38:00,6.0
1,Universidades,73238,15:44:00,6.0
1,Universidades,73238,15:50:00,6.0
1,Universidades,73238,15:56:00,6.0
1,Universidades,73238,16:02:00,6.0
1,Universidades,73238,16:07:00,5.0
1,Universidades,73238,16:12:00,5.0
1,Universidades,73238,16:17:00,5.0
1,Universidades,73238,16:22:00,5.0
1,Universidades,73238,16:27:00,5.0
1,Universidades,73238,16:32:00,5.0
1,Universidades,73238,16:37:00,5.0
1,Universidades,73238,16:42:00,5.0
1,Universidades,73238,16:47:00,5.0
1,Universidades,73238,16:52:00,5.0
1,Universidades,73238,16:57:00,5.0
1,Universidades,73238,17:02:00,5.0
1,Universidades,73238,17:07:00,5.0
1,Universidades,73238,17:12:00,5.0
1,Universidades,73238,17:17:00,5.0
1,Universidades,73238,17:22:00,5.0
1,Universidades,73238,17:27:00,5.0
1,Universidades,73238,17:32:00,5.0
1,Universidades,73238,17:37:00,5.0
1,Universidades,73238,17:42:00,5.0
1,Universidades,73238,17:47:00,5.0
1,Universidades,73238,17:52:00,5.0
1,Universidades,73238,17:57:00,5.0
1,Universidades,73238,18:02:00,5.0
1,Universidades,73238,18:07:00,5.0
1,Universidades,73238,18:12:00,5.0
1,Universidades,73238,18:17:00,5.0
1,Universidades,73238,18:22:00,5.0
1,Universidades,73238,18:27:00,5.0
1,Universidades,73238,18:32:00,5.0
1,Universidades,73238,18:37:00,5.0
1,Universidades,73238,18:42:00,5.0
1,Universidades,73238,18:47:00,5.0
1,Universidades,73238,18:52:00,5.0
1,Universidades,73238,18:57:00,5.0
1,Universidades,73238,19:02:00,5.0
1,Universidades,73238,19:07:00,5.0
1,Universidades,73238,19:12:00,5.0
1,Universidades,73238,19:17:00,5.0
1,Universidades,73238,19:22:00,5.0
1,Universidades,73238,19:27:00,5.0
1,Universidades,73238,19:32:00,5.0
1,Universidades,73238,19:37:00,5.0
1,Universidades,73238,19:42:00,5.0
1,Universidades,73238,19:47:00,5.0
1,Universidades,73238,19:52:00,5.0
1,Universidades,73238,19:57:00,5.0
1,Universidades,73238,20:02:00,5.0
1,Universidades,73238,20:08:00,6.0
1,Universidades,73238,20:14:00,6.0
1,Universidades,73238,20:20:00,6.0
1,Universidades,73238,20:26:00,6.0
1,Universidades,73238,20:32:00,6.0
1,Universidades,73238,20:38:00,6.0
1,Universidades,73238,20:44:00,6.0
1,Universidades,73238,20:50:00,6.0
1,Universidades,73238,20:56:00,6.0
1,Universidades,73238,21:02:00,6.0
1,Universidades,73238,21:08:00,6.0
1,Universidades,73238,21:14:00,6.0
1,Universidades,73238,21:20:00,6.0
1,Universidades,73238,21:26:00,6.0
1,Universidades,73238,21:32:00,6.0
1,Universidades,73238,21:40:00,8.0
1,Universidades,73238,21:48:00,8.0
1,Universidades,73238,21:56:00,8.0
1,Universidades,73238,22:03:45,7.8
1,Universidades,73238,22:12:00,8.2
1,Universidades,73238,22:19:15,7.2
1,Universidades,73238,22:25:45,6.5
1,Universidades,73238,22:33:45,8.0
1,Universidades,73238,22:43:00,9.2
1,Universidades,73238,22:50:45,7.8
1,Universidades,73238,23:00:00,9.2
A52,Flores,73510,05:00:00,0.0
A52,Flores,73510,05:05:00,5.0
A52,Flores,73510,05:10:00,5.0
A52,Flores,73510,05:15:00,5.0
A52,Flores,73510,05:20:00,5.0
A52,Flores,73510,05:25:00,5.0
A52,Flores,73510,05:30:00,5.0
A52,Flores,73510,05:33:30,3.5
A52,Flores,73510,05:37:00,3.5
A52,Flores,73510,05:40:30,3.5
A52,Flores,73510,05:44:00,3.5
A52,Flores,73510,05:47:30,3.5
A52,Flores,73510,05:51:00,3.5
A52,Flores,73510,05:54:30,3.5
A52,Flores,73510,05:58:00,3.5
A52,Flores,73510,06:01:30,3.5
A52,Flores,73510,06:05:00,3.5
A52,Flores,73510,06:08:30,3.5
A52,Flores,73510,06:12:00,3.5
A52,Flores,73510,06:15:30,3.5
A52,Flores,73510,06:19:00,3.5
A52,Flores,73510,06:22:30,3.5
A52,Flores,73510,06:26:00,3.5
A52,Flores,73510,06:29:30,3.5
A52,Flores,73510,06:33:00,3.5
A52,Flores,73510,06:37:00,4.0
A52,Flores,73510,06:41:00,4.0
A52,Flores,73510,06:45:00,4.0
A52,Flores,73510,06:49:00,4.0
A52,Flores,73510,06:53:00,4.0
A52,Flores,73510,06:57:00,4.0
A52,Flores,73510,07:01:00,4.0
A52,Flores,73510,07:05:00,4.0
A52,Flores,73510,07:09:00,4.0
A52,Flores,73510,07:13:00,4.0
A52,Flores,73510,07:17:00,4.0
A52,Flores,73510,07:21:00,4.0
A52,Flores,73510,07:25:00,4.0
A52,Flores,73510,07:29:00,4.0
A52,Flores,73510,07:33:00,4.0
A52,Flores,73510,07:37:45,4.8
A52,Flores,73510,07:42:30,4.8
A52,Flores,73510,07:47:15,4.8
A52,Flores,73510,07:52:00,4.8
A52,Flores,73510,07:56:45,4.8
A52,Flores,73510,08:01:30,4.8
A52,Flores,73510,08:06:30,5.0
A52,Flores,73510,08:10:15,3.8
A52,Flores,73510,08:15:30,5.2
A52,Flores,73510,08:20:15,4.8
A52,Flores,73510,08:25:00,4.8
A52,Flores,73510,08:30:00,5.0
B50,Calle 161,61430,05:30:00,0.0
B50,Calle 161,61430,05:35:45,5.8
B50,Calle 161,61430,05:41:30,5.8
B50,Calle 161,61430,05:47:15,5.8
B50,Calle 161,61430,05:52:45,5.5
B50,Calle 161,61430,05:58:15,5.5
B50,Calle 161,61430,06:03:45,5.5
B50,Calle 161,61430,06:08:45,5.0
B50,Calle 161,61430,06:13:45,5.0
B50,Calle 161,61430,06:18:45,5.0
B50,Calle 161,61430,06:23:45,5.0
B50,Calle 161,61430,06:28:45,5.0
B50,Calle 161,61430,06:33:45,5.0
B50,Calle 161,61430,06:38:45,5.0
B50,Calle 161,61430,06:43:45,5.0
B50,Calle 161,61430,06:48:45,5.0
B50,Calle 161,61430,06:53:45,5.0
B50,Calle 161,61430,06:58:45,5.0
B50,Calle 161,61430,07:03:45,5.0
B50,Calle 161,61430,07:08:45,5.0
B50,Calle 161,61430,07:13:45,5.0
B50,Calle 161,61430,07:18:45,5.0
B50,Calle 161,61430,07:25:00,6.2
B50,Calle 161,61430,07:31:15,6.2
B50,Calle 161,61430,07:36:30,5.2
B50,Calle 161,61430,07:43:45,7.2
B50,Calle 161,61430,07:48:45,5.0
B50,Calle 161,61430,07:56:00,7.2
B50,Calle 161,61430,08:02:30,6.5
B50,Calle 161,61430,08:09:45,7.2
B50,Calle 161,61430,08:17:00,7.2
B50,Calle 161,61430,08:22:45,5.8
B50,Calle 161,61430,08:30:00,7.2
H21,PORTAL TUNAL,73227,04:30:00,0.0
H21,PORTAL TUNAL,73227,04:35:30,5.5
H21,PORTAL TUNAL,73227,04:41:00,5.5
H21,PORTAL TUNAL,73227,04:46:30,5.5
H21,PORTAL TUNAL,73227,04:52:00,5.5
H21,PORTAL TUNAL,73227,04:57:30,5.5
H21,PORTAL TUNAL,73227,05:03:00,5.5
H21,PORTAL TUNAL,73227,05:08:30,5.5
H21,PORTAL TUNAL,73227,05:14:00,5.5
H21,PORTAL TUNAL,73227,05:19:30,5.5
H21,PORTAL TUNAL,73227,05:25:00,5.5
H21,PORTAL TUNAL,73227,05:30:30,5.5
H21,PORTAL TUNAL,73227,05:36:00,5.5
H21,PORTAL TUNAL,73227,05:41:30,5.5
H21,PORTAL TUNAL,73227,05:47:00,5.5
H21,PORTAL TUNAL,73227,05:52:30,5.5
H21,PORTAL TUNAL,73227,05:58:00,5.5
H21,PORTAL TUNAL,73227,06:03:30,5.5
H21,PORTAL TUNAL,73227,06:09:00,5.5
H21,PORTAL TUNAL,73227,06:14:30,5.5
H21,PORTAL TUNAL,73227,06:20:00,5.5
H21,PORTAL TUNAL,73227,06:24:30,4.5
H21,PORTAL TUNAL,73227,06:29:00,4.5
H21,PORTAL TUNAL,73227,06:33:30,4.5
H21,PORTAL TUNAL,73227,06:37:45,4.2
H21,PORTAL TUNAL,73227,06:42:00,4.2
H21,PORTAL TUNAL,73227,06:46:15,4.2
H21,PORTAL TUNAL,73227,06:50:15,4.0
H21,PORTAL TUNAL,73227,06:54:15,4.0
H21,PORTAL TUNAL,73227,06:58:15,4.0
H21,PORTAL TUNAL,73227,07:02:15,4.0
H21,PORTAL TUNAL,73227,07:06:15,4.0
H21,PORTAL TUNAL,73227,07:10:15,4.0
H21,PORTAL TUNAL,73227,07:14:15,4.0
H21,PORTAL TUNAL,73227,07:18:15,4.0
H21,PORTAL TUNAL,73227,07:23:30,5.2
H21,PORTAL TUNAL,73227,07:28:45,5.2
H21,PORTAL TUNAL,73227,07:34:00,5.2
H21,PORTAL TUNAL,73227,07:39:30,5.5
H21,PORTAL TUNAL,73227,07:45:00,5.5
H21,PORTAL TUNAL,73227,07:50:30,5.5
H21,PORTAL TUNAL,73227,07:56:00,5.5
H21,PORTAL TUNAL,73227,08:01:30,5.5
H21,PORTAL TUNAL,73227,08:07:15,5.8
H21,PORTAL TUNAL,73227,08:13:00,5.8
H21,PORTAL TUNAL,73227,08:18:45,5.8
H21,PORTAL TUNAL,73227,08:24:30,5.8
H21,PORTAL TUNAL,73227,08:30:15,5.8
H21,PORTAL TUNAL,73227,08:36:00,5.8
H21,PORTAL TUNAL,73227,08:41:45,5.8
H21,PORTAL TUNAL,73227,08:47:30,5.8
H21,PORTAL TUNAL,73227,08:53:15,5.8
H21,PORTAL TUNAL,73227,08:59:00,5.8
H21,PORTAL TUNAL,73227,09:04:45,5.8
H21,PORTAL TUNAL,73227,09:10:30,5.8
H21,PORTAL TUNAL,73227,09:16:15,5.8
H21,PORTAL TUNAL,73227,09:22:00,5.8
H21,PORTAL TUNAL,73227,09:27:45,5.8
H21,PORTAL TUNAL,73227,09:33:30,5.8
H21,PORTAL TUNAL,73227,09:39:15,5.8
H21,PORTAL TUNAL,73227,09:45:00,5.8
H21,PORTAL TUNAL,73227,09:50:45,5.8
H21,PORTAL TUNAL,73227,09:56:30,5.8
H21,PORTAL TUNAL,73227,10:02:15,5.8
H21,PORTAL TUNAL,73227,10:08:00,5.8
H21,PORTAL TUNAL,73227,10:13:45,5.8
H21,PORTAL TUNAL,73227,10:19:30,5.8
H21,PORTAL TUNAL,73227,10:25:15,5.8
H21,PORTAL TUNAL,73227,10:31:00,5.8
H21,PORTAL TUNAL,73227,10:36:45,5.8
H21,PORTAL TUNAL,73227,10:42:30,5.8
H21,PORTAL TUNAL,73227,10:48:15,5.8
H21,PORTAL TUNAL,73227,10:54:00,5.8
H21,PORTAL TUNAL,73227,10:59:45,5.8
H21,PORTAL TUNAL,73227,11:05:30,5.8
H21,PORTAL TUNAL,73227,11:11:15,5.8
H21,PORTAL TUNAL,73227,11:17:00,5.8
H21,PORTAL TUNAL,73227,11:22:45,5.8
H21,PORTAL TUNAL,73227,11:28:30,5.8
H21,PORTAL TUNAL,73227,11:34:15,5.8
H21,PORTAL TUNAL,73227,11:40:00,5.8
H21,PORTAL TUNAL,73227,11:45:45,5.8
H21,PORTAL TUNAL,73227,11:51:30,5.8
H21,PORTAL TUNAL,73227,11:57:15,5.8
H21,PORTAL TUNAL,73227,12:03:00,5.8
H21,PORTAL TUNAL,73227,12:09:15,6.2
H21,PORTAL TUNAL,73227,12:15:30,6.2
H21,PORTAL TUNAL,73227,12:22:00,6.5
H21,PORTAL TUNAL,73227,12:28:30,6.5
H21,PORTAL TUNAL,73227,12:35:00,6.5
H21,PORTAL TUNAL,73227,12:41:45,6.8
H21,PORTAL TUNAL,73227,12:48:30,6.8
H21,PORTAL TUNAL,73227,12:55:30,7.0
H21,PORTAL TUNAL,73227,13:02:30,7.0
H21,PORTAL TUNAL,73227,13:09:30,7.0
H21,PORTAL TUNAL,73227,13:16:30,7.0
H21,PORTAL TUNAL,73227,13:23:30,7.0
H21,PORTAL TUNAL,73227,13:30:30,7.0
H21,PORTAL TUNAL,73227,13:37:30,7.0
H21,PORTAL TUNAL,73227,13:44:30,7.0
H21,PORTAL TUNAL,73227,13:51:30,7.0
H21,PORTAL TUNAL,73227,13:58:30,7.0
H21,PORTAL TUNAL,73227,14:05:30,7.0
H21,PORTAL TUNAL,73227,14:12:30,7.0
H21,PORTAL TUNAL,73227,14:19:30,7.0
H21,PORTAL TUNAL,73227,14:26:30,7.0
H21,PORTAL TUNAL,73227,14:33:30,7.0
H21,PORTAL TUNAL,73227,14:40:30,7.0
H21,PORTAL TUNAL,73227,14:47:30,7.0
H21,PORTAL TUNAL,73227,14:54:30,7.0
H21,PORTAL TUNAL,73227,15:01:30,7.0
H21,PORTAL TUNAL,73227,15:08:15,6.8
H21,PORTAL TUNAL,73227,15:15:00,6.8
H21,PORTAL TUNAL,73227,15:20:15,5.2
H21,PORTAL TUNAL,73227,15:25:30,5.2
H21,PORTAL TUNAL,73227,15:30:45,5.2
H21,PORTAL TUNAL,73227,15:35:45,5.0
H21,PORTAL TUNAL,73227,15:40:45,5.0
H21,PORTAL TUNAL,73227,15:45:45,5.0
H21,PORTAL TUNAL,73227,15:50:45,5.0
H21,PORTAL TUNAL,73227,15:55:45,5.0
H21,PORTAL TUNAL,73227,16:00:45,5.0
H21,PORTAL TUNAL,73227,16:05:45,5.0
H21,PORTAL TUNAL,73227,16:10:45,5.0
H21,PORTAL TUNAL,73227,16:15:45,5.0
H21,PORTAL TUNAL,73227,16:20:45,5.0
H21,PORTAL TUNAL,73227,16:25:45,5.0
H21,PORTAL TUNAL,73227,16:30:45,5.0
H21,PORTAL TUNAL,73227,16:35:15,4.5
H21,PORTAL TUNAL,73227,16:39:45,4.5
H21,PORTAL TUNAL,73227,16:44:15,4.5
H21,PORTAL TUNAL,73227,16:48:45,4.5
H21,PORTAL TUNAL,73227,16:52:30,3.8
H21,PORTAL TUNAL,73227,16:56:15,3.8
H21,PORTAL TUNAL,73227,17:00:00,3.8
H21,PORTAL TUNAL,73227,17:03:45,3.8
H21,PORTAL TUNAL,73227,17:07:30,3.8
H21,PORTAL TUNAL,73227,17:11:15,3.8
H21,PORTAL TUNAL,73227,17:15:00,3.8
H21,PORTAL TUNAL,73227,17:18:45,3.8
H21,PORTAL TUNAL,73227,17:22:30,3.8
H21,PORTAL TUNAL,73227,17:26:15,3.8
H21,PORTAL TUNAL,73227,17:30:00,3.8
H21,PORTAL TUNAL,73227,17:33:45,3.8
H21,PORTAL TUNAL,73227,17:37:30,3.8
H21,PORTAL TUNAL,73227,17:41:15,3.8
H21,PORTAL TUNAL,73227,17:45:00,3.8
H21,PORTAL TUNAL,73227,17:49:00,4.0
H21,PORTAL TUNAL,73227,17:53:00,4.0
H21,PORTAL TUNAL,73227,17:57:00,4.0
H21,PORTAL TUNAL,73227,18:01:00,4.0
H21,PORTAL TUNAL,73227,18:05:30,4.5
H21,PORTAL TUNAL,73227,18:10:00,4.5
H21,PORTAL TUNAL,73227,18:14:30,4.5
H21,PORTAL TUNAL,73227,18:19:00,4.5
H21,PORTAL TUNAL,73227,18:23:30,4.5
H21,PORTAL TUNAL,73227,18:28:00,4.5
H21,PORTAL TUNAL,73227,18:32:30,4.5
H21,PORTAL TUNAL,73227,18:37:30,5.0
H21,PORTAL TUNAL,73227,18:42:30,5.0
H21,PORTAL TUNAL,73227,18:47:30,5.0
H21,PORTAL TUNAL,73227,18:53:00,5.5
H21,PORTAL TUNAL,73227,18:58:30,5.5
H21,PORTAL TUNAL,73227,19:04:00,5.5
H21,PORTAL TUNAL,73227,19:10:00,6.0
H21,PORTAL TUNAL,73227,19:16:00,6.0
H21,PORTAL TUNAL,73227,19:22:00,6.0
H21,PORTAL TUNAL,73227,19:28:00,6.0
H21,PORTAL TUNAL,73227,19:34:00,6.0
H21,PORTAL TUNAL,73227,19:40:00,6.0
H21,PORTAL TUNAL,73227,19:46:00,6.0
H21,PORTAL TUNAL,73227,19:52:00,6.0
H21,PORTAL TUNAL,73227,19:58:00,6.0
H21,PORTAL TUNAL,73227,20:04:00,6.0
H21,PORTAL TUNAL,73227,20:10:15,6.2
H21,PORTAL TUNAL,73227,20:16:30,6.2
H21,PORTAL TUNAL,73227,20:23:00,6.5
H21,PORTAL TUNAL,73227,20:29:30,6.5
H21,PORTAL TUNAL,73227,20:36:00,6.5
H21,PORTAL TUNAL,73227,20:43:00,7.0
H21,PORTAL TUNAL,73227,20:50:00,7.0
H21,PORTAL TUNAL,73227,20:57:00,7.0
H21,PORTAL TUNAL,73227,21:04:00,7.0
H21,PORTAL TUNAL,73227,21:11:00,7.0
H21,PORTAL TUNAL,73227,21:18:00,7.0
H21,PORTAL TUNAL,73227,21:25:00,7.0
H21,PORTAL TUNAL,73227,21:32:00,7.0
H21,PORTAL TUNAL,73227,21:39:00,7.0
H21,PORTAL TUNAL,73227,21:46:00,7.0
H21,PORTAL TUNAL,73227,21:53:00,7.0
H21,PORTAL TUNAL,73227,22:00:00,7.0
H21,PORTAL TUNAL,73227,22:07:00,7.0
H21,PORTAL TUNAL,73227,22:14:00,7.0
H21,PORTAL TUNAL,73227,22:21:00,7.0
H21,PORTAL TUNAL,73227,22:29:00,8.0
H21,PORTAL TUNAL,73227,22:35:45,6.8
H21,PORTAL TUNAL,73227,22:41:45,6.0
H21,PORTAL TUNAL,73227,22:47:30,5.8
H21,PORTAL TUNAL,73227,22:54:15,6.8
H21,PORTAL TUNAL,73227,23:00:00,5.8
D21,PORTAL 80,61809,04:00:00,0.0
D21,PORTAL 80,61809,04:06:00,6.0
D21,PORTAL 80,61809,04:12:00,6.0
D21,PORTAL 80,61809,04:18:00,6.0
D21,PORTAL 80,61809,04:24:00,6.0
D21,PORTAL 80,61809,04:30:00,6.0
D21,PORTAL 80,61809,04:35:45,5.8
D21,PORTAL 80,61809,04:41:30,5.8
D21,PORTAL 80,61809,04:47:15,5.8
D21,PORTAL 80,61809,04:52:45,5.5
D21,PORTAL 80,61809,04:58:15,5.5
D21,PORTAL 80,61809,05:03:45,5.5
D21,PORTAL 80,61809,05:08:30,4.8
D21,PORTAL 80,61809,05:13:15,4.8
D21,PORTAL 80,61809,05:18:00,4.8
D21,PORTAL 80,61809,05:22:30,4.5
D21,PORTAL 80,61809,05:27:00,4.5
D21,PORTAL 80,61809,05:31:30,4.5
D21,PORTAL 80,61809,05:35:45,4.2
D21,PORTAL 80,61809,05:40:00,4.2
D21,PORTAL 80,61809,05:44:15,4.2
D21,PORTAL 80,61809,05:48:30,4.2
D21,PORTAL 80,61809,05:52:45,4.2
D21,PORTAL 80,61809,05:57:00,4.2
D21,PORTAL 80,61809,06:01:15,4.2
D21,PORTAL 80,61809,06:05:30,4.2
D21,PORTAL 80,61809,06:09:45,4.2
D21,PORTAL 80,61809,06:14:00,4.2
D21,PORTAL 80,61809,06:18:15,4.2
D21,PORTAL 80,61809,06:22:30,4.2
D21,PORTAL 80,61809,06:26:45,4.2
D21,PORTAL 80,61809,06:31:00,4.2
D21,PORTAL 80,61809,06:35:15,4.2
D21,PORTAL 80,61809,06:39:30,4.2
D21,PORTAL 80,61809,06:43:45,4.2
D21,PORTAL 80,61809,06:48:00,4.2
D21,PORTAL 80,61809,06:52:15,4.2
D21,PORTAL 80,61809,06:56:30,4.2
D21,PORTAL 80,61809,07:00:45,4.2
D21,PORTAL 80,61809,07:05:30,4.8
D21,PORTAL 80,61809,07:10:15,4.8
D21,PORTAL 80,61809,07:15:00,4.8
D21,PORTAL 80,61809,07:20:00,5.0
D21,PORTAL 80,61809,07:25:00,5.0
D21,PORTAL 80,61809,07:30:00,5.0
D21,PORTAL 80,61809,07:35:15,5.2
D21,PORTAL 80,61809,07:40:30,5.2
D21,PORTAL 80,61809,07:45:45,5.2
D21,PORTAL 80,61809,07:51:15,5.5
D21,PORTAL 80,61809,07:56:45,5.5
D21,PORTAL 80,61809,08:02:15,5.5
D21,PORTAL 80,61809,08:08:00,5.8
D21,PORTAL 80,61809,08:13:45,5.8
D21,PORTAL 80,61809,08:19:30,5.8
D21,PORTAL 80,61809,08:25:15,5.8
D21,PORTAL 80,61809,08:31:00,5.8
D21,PORTAL 80,61809,08:36:45,5.8
D21,PORTAL 80,61809,08:42:30,5.8
D21,PORTAL 80,61809,08:48:15,5.8
D21,PORTAL 80,61809,08:54:00,5.8
D21,PORTAL 80,61809,08:59:45,5.8
D21,PORTAL 80,61809,09:05:30,5.8
D21,PORTAL 80,61809,09:11:15,5.8
D21,PORTAL 80,61809,09:17:00,5.8
D21,PORTAL 80,61809,09:22:45,5.8
D21,PORTAL 80,61809,09:28:30,5.8
D21,PORTAL 80,61809,09:34:15,5.8
D21,PORTAL 80,61809,09:40:00,5.8
D21,PORTAL 80,61809,09:45:45,5.8
D21,PORTAL 80,61809,09:51:30,5.8
D21,PORTAL 80,61809,09:57:15,5.8
D21,PORTAL 80,61809,10:03:00,5.8
D21,PORTAL 80,61809,10:08:45,5.8
D21,PORTAL 80,61809,10:14:30,5.8
D21,PORTAL 80,61809,10:20:15,5.8
D21,PORTAL 80,61809,10:26:00,5.8
D21,PORTAL 80,61809,10:31:45,5.8
D21,PORTAL 80,61809,10:37:30,5.8
D21,PORTAL 80,61809,10:43:15,5.8
D21,PORTAL 80,61809,10:49:00,5.8
D21,PORTAL 80,61809,10:54:45,5.8
D21,PORTAL 80,61809,11:00:30,5.8
D21,PORTAL 80,61809,11:06:15,5.8
D21,PORTAL 80,61809,11:12:00,5.8
D21,PORTAL 80,61809,11:17:45,5.8
D21,PORTAL 80,61809,11:23:30,5.8
D21,PORTAL 80,61809,11:29:15,5.8
D21,PORTAL 80,61809,11:35:00,5.8
D21,PORTAL 80,61809,11:40:45,5.8
D21,PORTAL 80,61809,11:46:30,5.8
D21,PORTAL 80,61809,11:52:15,5.8
D21,PORTAL 80,61809,11:58:00,5.8
D21,PORTAL 80,61809,12:03:45,5.8
D21,PORTAL 80,61809,12:09:30,5.8
D21,PORTAL 80,61809,12:15:15,5.8
D21,PORTAL 80,61809,12:21:00,5.8
D21,PORTAL 80,61809,12:26:45,5.8
D21,PORTAL 80,61809,12:32:30,5.8
D21,PORTAL 80,61809,12:38:15,5.8
D21,PORTAL 80,61809,12:44:00,5.8
D21,PORTAL 80,61809,12:49:45,5.8
D21,PORTAL 80,61809,12:55:30,5.8
D21,PORTAL 80,61809,13:01:15,5.8
D21,PORTAL 80,61809,13:07:00,5.8
D21,PORTAL 80,61809,13:12:45,5.8
D21,PORTAL 80,61809,13:18:30,5.8
D21,PORTAL 80,61809,13:24:15,5.8
D21,PORTAL 80,61809,13:30:00,5.8
D21,PORTAL 80,61809,13:35:45,5.8
D21,PORTAL 80,61809,13:41:30,5.8
D21,PORTAL 80,61809,13:47:15,5.8
D21,PORTAL 80,61809,13:53:00,5.8
D21,PORTAL 80,61809,13:58:45,5.8
D21,PORTAL 80,61809,14:04:30,5.8
D21,PORTAL 80,61809,14:10:15,5.8
D21,PORTAL 80,61809,14:16:00,5.8
D21,PORTAL 80,61809,14:21:45,5.8
D21,PORTAL 80,61809,14:27:30,5.8
D21,PORTAL 80,61809,14:33:15,5.8
D21,PORTAL 80,61809,14:39:00,5.8
D21,PORTAL 80,61809,14:44:45,5.8
D21,PORTAL 80,61809,14:50:30,5.8
D21,PORTAL 80,61809,14:56:15,5.8
D21,PORTAL 80,61809,15:02:00,5.8
D21,PORTAL 80,61809,15:07:45,5.8
D21,PORTAL 80,61809,15:13:30,5.8
D21,PORTAL 80,61809,15:19:15,5.8
D21,PORTAL 80,61809,15:25:00,5.8
D21,PORTAL 80,61809,15:30:45,5.8
D21,PORTAL 80,61809,15:36:30,5.8
D21,PORTAL 80,61809,15:42:15,5.8
D21,PORTAL 80,61809,15:48:00,5.8
D21,PORTAL 80,61809,15:53:15,5.2
D21,PORTAL 80,61809,15:58:30,5.2
D21,PORTAL 80,61809,16:03:45,5.2
D21,PORTAL 80,61809,16:08:45,5.0
D21,PORTAL 80,61809,16:13:45,5.0
D21,PORTAL 80,61809,16:18:45,5.0
D21,PORTAL 80,61809,16:23:45,5.0
D21,PORTAL 80,61809,16:28:45,5.0
D21,PORTAL 80,61809,16:33:45,5.0
D21,PORTAL 80,61809,16:38:45,5.0
D21,PORTAL 80,61809,16:43:45,5.0
D21,PORTAL 80,61809,16:48:45,5.0
D21,PORTAL 80,61809,16:53:45,5.0
D21,PORTAL 80,61809,16:58:45,5.0
D21,PORTAL 80,61809,17:03:45,5.0
D21,PORTAL 80,61809,17:08:45,5.0
D21,PORTAL 80,61809,17:13:45,5.0
D21,PORTAL 80,61809,17:18:45,5.0
D21,PORTAL 80,61809,17:23:45,5.0
D21,PORTAL 80,61809,17:28:45,5.0
D21,PORTAL 80,61809,17:33:45,5.0
D21,PORTAL 80,61809,17:38:45,5.0
D21,PORTAL 80,61809,17:43:45,5.0
D21,PORTAL 80,61809,17:48:45,5.0
D21,PORTAL 80,61809,17:53:45,5.0
D21,PORTAL 80,61809,17:58:45,5.0
D21,PORTAL 80,61809,18:03:45,5.0
D21,PORTAL 80,61809,18:08:45,5.0
D21,PORTAL 80,61809,18:13:45,5.0
D21,PORTAL 80,61809,18:18:45,5.0
D21,PORTAL 80,61809,18:23:45,5.0
D21,PORTAL 80,61809,18:28:45,5.0
D21,PORTAL 80,61809,18:33:45,5.0
D21,PORTAL 80,61809,18:38:45,5.0
D21,PORTAL 80,61809,18:43:45,5.0
D21,PORTAL 80,61809,18:48:45,5.0
D21,PORTAL 80,61809,18:53:45,5.0
D21,PORTAL 80,61809,18:58:45,5.0
D21,PORTAL 80,61809,19:03:45,5.0
D21,PORTAL 80,61809,19:09:00,5.2
D21,PORTAL 80,61809,19:14:15,5.2
D21,PORTAL 80,61809,19:19:30,5.2
D21,PORTAL 80,61809,19:25:15,5.8
D21,PORTAL 80,61809,19:31:00,5.8
D21,PORTAL 80,61809,19:37:15,6.2
D21,PORTAL 80,61809,19:43:30,6.2
D21,PORTAL 80,61809,19:49:45,6.2
D21,PORTAL 80,61809,19:56:15,6.5
D21,PORTAL 80,61809,20:02:45,6.5
D21,PORTAL 80,61809,20:10:00,7.2
D21,PORTAL 80,61809,20:17:15,7.2
D21,PORTAL 80,61809,20:24:30,7.2
D21,PORTAL 80,61809,20:31:45,7.2
D21,PORTAL 80,61809,20:39:00,7.2
D21,PORTAL 80,61809,20:46:15,7.2
D21,PORTAL 80,61809,20:53:30,7.2
D21,PORTAL 80,61809,21:00:45,7.2
D21,PORTAL 80,61809,21:08:00,7.2
D21,PORTAL 80,61809,21:15:15,7.2
D21,PORTAL 80,61809,21:22:30,7.2
D21,PORTAL 80,61809,21:29:45,7.2
D21,PORTAL 80,61809,21:37:00,7.2
D21,PORTAL 80,61809,21:44:15,7.2
D21,PORTAL 80,61809,21:51:30,7.2
D21,PORTAL 80,61809,21:58:45,7.2
D21,PORTAL 80,61809,22:06:00,7.2
D21,PORTAL 80,61809,22:13:00,7.0
D21,PORTAL 80,61809,22:20:00,7.0
D21,PORTAL 80,61809,22:26:00,6.0
D21,PORTAL 80,61809,22:32:00,6.0
D21,PORTAL 80,61809,22:38:15,6.2
D21,PORTAL 80,61809,22:46:30,8.2
D21,PORTAL 80,61809,22:53:45,7.2
D21,PORTAL 80,61809,23:00:00,6.2
J70,Aguas,61235,05:30:00,0.0
J70,Aguas,61235,05:34:00,4.0
J70,Aguas,61235,05:38:00,4.0
J70,Aguas,61235,05:42:00,4.0
J70,Aguas,61235,05:46:00,4.0
J70,Aguas,61235,05:50:00,4.0
J70,Aguas,61235,05:54:00,4.0
J70,Aguas,61235,05:58:00,4.0
J70,Aguas,61235,06:02:00,4.0
J70,Aguas,61235,06:06:00,4.0
J70,Aguas,61235,06:10:00,4.0
J70,Aguas,61235,06:14:00,4.0
J70,Aguas,61235,06:18:00,4.0
J70,Aguas,61235,06:22:00,4.0
J70,Aguas,61235,06:26:00,4.0
J70,Aguas,61235,06:30:00,4.0
J70,Aguas,61235,06:33:30,3.5
J70,Aguas,61235,06:37:00,3.5
J70,Aguas,61235,06:40:30,3.5
J70,Aguas,61235,06:44:00,3.5
J70,Aguas,61235,06:47:30,3.5
J70,Aguas,61235,06:51:00,3.5
J70,Aguas,61235,06:54:30,3.5
J70,Aguas,61235,06:58:00,3.5
J70,Aguas,61235,07:01:30,3.5
J70,Aguas,61235,07:06:00,4.5
J70,Aguas,61235,07:10:30,4.5
J70,Aguas,61235,07:15:00,4.5
J70,Aguas,61235,07:19:30,4.5
J70,Aguas,61235,07:24:00,4.5
J70,Aguas,61235,07:28:30,4.5
J70,Aguas,61235,07:33:00,4.5
J70,Aguas,61235,07:37:30,4.5
J70,Aguas,61235,07:42:00,4.5
J70,Aguas,61235,07:46:30,4.5
J70,Aguas,61235,07:51:00,4.5
J70,Aguas,61235,07:55:30,4.5
J70,Aguas,61235,08:00:00,4.5
J70,Aguas,61235,08:05:15,5.2
J70,Aguas,61235,08:10:30,5.2
J70,Aguas,61235,08:15:45,5.2
J70,Aguas,61235,08:21:00,5.2
J70,Aguas,61235,08:26:00,5.0
J70,Aguas,61235,08:32:00,6.0
J70,Aguas,61235,08:35:15,3.2
J70,Aguas,61235,08:40:15,5.0
J70,Aguas,61235,08:44:00,3.8
J70,Aguas,61235,08:47:15,3.2
J70,Aguas,61235,08:51:00,3.8
J70,Aguas,61235,08:55:45,4.8
J70,Aguas,61235,09:00:00,4.2
G43,San Mateo,61882,16:30:00,0.0
G43,San Mateo,61882,16:33:15,3.2
G43,San Mateo,61882,16:43:15,10.0
G43,San Mateo,61882,16:53:30,10.2
G43,San Mateo,61882,17:03:45,10.2
G43,San Mateo,61882,17:14:00,10.2
G43,San Mateo,61882,17:24:00,10.0
G43,San Mateo,61882,17:34:00,10.0
G43,San Mateo,61882,17:44:00,10.0
G43,San Mateo,61882,17:53:45,9.8
G43,San Mateo,61882,18:04:30,10.8
G43,San Mateo,61882,18:15:15,10.8
G43,San Mateo,61882,18:27:45,12.5
G43,San Mateo,61882,18:39:45,12.0
G43,San Mateo,61882,18:51:15,11.5
G43,San Mateo,73232,05:00:00,0.0
G43,San Mateo,73232,05:04:00,4.0
G43,San Mateo,73232,05:08:00,4.0
G43,San Mateo,73232,05:12:00,4.0
G43,San Mateo,73232,05:16:00,4.0
G43,San Mateo,73232,05:20:00,4.0
G43,San Mateo,73232,05:24:00,4.0
G43,San Mateo,73232,05:28:00,4.0
G43,San Mateo,73232,05:32:00,4.0
G43,San Mateo,73232,05:36:00,4.0
G43,San Mateo,73232,05:40:00,4.0
G43,San Mateo,73232,05:44:00,4.0
G43,San Mateo,73232,05:48:00,4.0
G43,San Mateo,73232,05:52:00,4.0
G43,San Mateo,73232,05:56:00,4.0
G43,San Mateo,73232,06:00:00,4.0
G43,San Mateo,73232,06:04:00,4.0
G43,San Mateo,73232,06:08:00,4.0
G43,San Mateo,73232,06:12:00,4.0
G43,San Mateo,73232,06:16:00,4.0
G43,San Mateo,73232,06:22:00,6.0
G43,San Mateo,73232,06:28:00,6.0
G43,San Mateo,73232,06:34:00,6.0
G43,San Mateo,73232,06:40:00,6.0
G43,San Mateo,73232,06:46:00,6.0
G43,San Mateo,73232,06:52:00,6.0
G43,San Mateo,73232,06:58:00,6.0
G43,San Mateo,73232,07:04:00,6.0
G43,San Mateo,73232,07:10:00,6.0
G43,San Mateo,73232,07:16:00,6.0
G43,San Mateo,73232,07:22:00,6.0
G43,San Mateo,73232,07:28:00,6.0
G43,San Mateo,73232,07:34:00,6.0
G43,San Mateo,73232,07:40:00,6.0
G43,San Mateo,73232,07:46:00,6.0
G43,San Mateo,73232,07:52:00,6.0
G43,San Mateo,73232,07:58:00,6.0
G43,San Mateo,73232,08:04:00,6.0
G43,San Mateo,73232,08:09:00,5.0
G43,San Mateo,73232,08:14:00,5.0
G43,San Mateo,73232,08:19:00,5.0
G43,San Mateo,73232,08:24:00,5.0
G43,San Mateo,73232,08:29:00,5.0
G43,San Mateo,73232,08:34:00,5.0
G43,San Mateo,73232,08:39:00,5.0
G43,San Mateo,73232,08:44:00,5.0
G43,San Mateo,73232,08:49:00,5.0
G43,San Mateo,73232,08:54:00,5.0
G43,San Mateo,73232,08:59:00,5.0
G43,San Mateo,73232,09:04:00,5.0
G43,San Mateo,73232,09:09:00,5.0
G43,San Mateo,73232,09:14:00,5.0
G43,San Mateo,73232,09:19:00,5.0
G43,San Mateo,73232,09:24:00,5.0
G43,San Mateo,73232,09:29:00,5.0
G43,San Mateo,73232,09:34:00,5.0
G43,San Mateo,73232,09:39:00,5.0
G43,San Mateo,73232,09:44:00,5.0
G43,San Mateo,73232,09:49:00,5.0
G43,San Mateo,73232,09:54:00,5.0
G43,San Mateo,73232,09:59:00,5.0
G43,San Mateo,73232,10:04:00,5.0
G43,San Mateo,73232,10:09:00,5.0
G43,San Mateo,73232,10:14:00,5.0
G43,San Mateo,73232,10:19:00,5.0
G43,San Mateo,73232,10:24:00,5.0
G43,San Mateo,73232,10:29:00,5.0
G43,San Mateo,73232,10:34:00,5.0
G43,San Mateo,73232,10:39:00,5.0
G43,San Mateo,73232,10:44:00,5.0
G43,San Mateo,73232,10:49:00,5.0
G43,San Mateo,73232,10:54:00,5.0
G43,San Mateo,73232,10:59:00,5.0
G43,San Mateo,73232,11:04:00,5.0
G43,San Mateo,73232,11:09:00,5.0
G43,San Mateo,73232,11:14:00,5.0
G43,San Mateo,73232,11:19:00,5.0
G43,San Mateo,73232,11:24:00,5.0
G43,San Mateo,73232,11:29:00,5.0
G43,San Mateo,73232,11:34:00,5.0
G43,San Mateo,73232,11:39:00,5.0
G43,San Mateo,73232,11:44:00,5.0
G43,San Mateo,73232,11:49:00,5.0
G43,San Mateo,73232,11:54:00,5.0
G43,San Mateo,73232,11:59:00,5.0
G43,San Mateo,73232,12:04:00,5.0
G43,San Mateo,73232,12:09:00,5.0
G43,San Mateo,73232,12:14:00,5.0
G43,San Mateo,73232,12:19:00,5.0
G43,San Mateo,73232,12:24:00,5.0
G43,San Mateo,73232,12:29:00,5.0
G43,San Mateo,73232,12:34:00,5.0
G43,San Mateo,73232,12:39:00,5.0
G43,San Mateo,73232,12:44:00,5.0
G43,San Mateo,73232,12:49:00,5.0
G43,San Mateo,73232,12:54:00,5.0
G43,San Mateo,73232,12:59:00,5.0
G43,San Mateo,73232,13:04:00,5.0
G43,San Mateo,73232,13:09:00,5.0
G43,San Mateo,73232,13:14:00,5.0
G43,San Mateo,73232,13:19:00,5.0
G43,San Mateo,73232,13:24:00,5.0
G43,San Mateo,73232,13:29:00,5.0
G43,San Mateo,73232,13:34:00,5.0
G43,San Mateo,73232,13:39:00,5.0
G43,San Mateo,73232,13:44:00,5.0
G43,San Mateo,73232,13:49:00,5.0
G43,San Mateo,73232,13:54:00,5.0
G43,San Mateo,73232,13:59:00,5.0
G43,San Mateo,73232,14:04:00,5.0
G43,San Mateo,73232,14:09:00,5.0
G43,San Mateo,73232,14:14:00,5.0
G43,San Mateo,73232,14:19:00,5.0
G43,San Mateo,73232,14:24:00,5.0
G43,San Mateo,73232,14:29:00,5.0
G43,San Mateo,73232,14:34:00,5.0
G43,San Mateo,73232,14:39:00,5.0
G43,San Mateo,73232,14:44:00,5.0
G43,San Mateo,73232,14:49:00,5.0
G43,San Mateo,73232,14:54:00,5.0
G43,San Mateo,73232,14:59:00,5.0
G43,San Mateo,73232,15:04:00,5.0
G43,San Mateo,73232,15:08:45,4.8
G43,San Mateo,73232,15:13:30,4.8
G43,San Mateo,73232,15:18:15,4.8
G43,San Mateo,73232,15:22:45,4.5
G43,San Mateo,73232,15:27:15,4.5
G43,San Mateo,73232,15:31:45,4.5
G43,San Mateo,73232,15:36:00,4.2
G43,San Mateo,73232,15:40:15,4.2
G43,San Mateo,73232,15:44:30,4.2
G43,San Mateo,73232,15:48:45,4.2
G43,San Mateo,73232,15:52:30,3.8
G43,San Mateo,73232,15:56:15,3.8
G43,San Mateo,73232,16:00:00,3.8
G43,San Mateo,73232,16:03:30,3.5
G43,San Mateo,73232,16:07:00,3.5
G43,San Mateo,73232,16:10:30,3.5
G43,San Mateo,73232,16:14:00,3.5
G43,San Mateo,73232,16:17:30,3.5
G43,San Mateo,73232,16:20:45,3.2
G43,San Mateo,73232,16:24:00,3.2
G43,San Mateo,73232,16:27:15,3.2
G43,San Mateo,73232,16:30:30,3.2
G43,San Mateo,73232,16:33:45,3.2
G43,San Mateo,73232,16:37:00,3.2
G43,San Mateo,73232,16:40:15,3.2
G43,San Mateo,73232,16:43:30,3.2
G43,San Mateo,73232,16:46:45,3.2
G43,San Mateo,73232,16:50:00,3.2
G43,San Mateo,73232,16:53:15,3.2
G43,San Mateo,73232,16:56:30,3.2
G43,San Mateo,73232,16:59:45,3.2
G43,San Mateo,73232,17:03:00,3.2
G43,San Mateo,73232,17:06:15,3.2
G43,San Mateo,73232,17:09:30,3.2
G43,San Mateo,73232,17:12:45,3.2
G43,San Mateo,73232,17:16:00,3.2
G43,San Mateo,73232,17:19:15,3.2
G43,San Mateo,73232,17:22:30,3.2
G43,San Mateo,73232,17:25:45,3.2
G43,San Mateo,73232,17:29:00,3.2
G43,San Mateo,73232,17:32:15,3.2
G43,San Mateo,73232,17:35:30,3.2
G43,San Mateo,73232,17:38:45,3.2
G43,San Mateo,73232,17:42:00,3.2
G43,San Mateo,73232,17:45:15,3.2
G43,San Mateo,73232,17:48:30,3.2
G43,San Mateo,73232,17:51:45,3.2
G43,San Mateo,73232,17:55:00,3.2
G43,San Mateo,73232,17:58:15,3.2
G43,San Mateo,73232,18:01:30,3.2
G43,San Mateo,73232,18:04:45,3.2
G43,San Mateo,73232,18:08:00,3.2
G43,San Mateo,73232,18:11:15,3.2
G43,San Mateo,73232,18:14:30,3.2
G43,San Mateo,73232,18:17:45,3.2
G43,San Mateo,73232,18:21:00,3.2
G43,San Mateo,73232,18:24:15,3.2
G43,San Mateo,73232,18:27:30,3.2
G43,San Mateo,73232,18:30:45,3.2
G43,San Mateo,73232,18:34:00,3.2
G43,San Mateo,73232,18:37:15,3.2
G43,San Mateo,73232,18:40:30,3.2
G43,San Mateo,73232,18:43:45,3.2
G43,San Mateo,73232,18:47:00,3.2
G43,San Mateo,73232,18:50:15,3.2
G43,San Mateo,73232,18:53:30,3.2
G43,San Mateo,73232,18:56:45,3.2
G43,San Mateo,73232,19:00:00,3.2
G43,San Mateo,73232,19:03:30,3.5
G43,San Mateo,73232,19:07:00,3.5
G43,San Mateo,73232,19:10:30,3.5
G43,San Mateo,73232,19:14:00,3.5
G43,San Mateo,73232,19:17:30,3.5
G43,San Mateo,73232,19:21:00,3.5
G43,San Mateo,73232,19:24:30,3.5
G43,San Mateo,73232,19:28:00,3.5
G43,San Mateo,73232,19:31:30,3.5
G43,San Mateo,73232,19:35:15,3.8
G43,San Mateo,73232,19:39:00,3.8
G43,San Mateo,73232,19:42:45,3.8
G43,San Mateo,73232,19:46:30,3.8
G43,San Mateo,73232,19:50:45,4.2
G43,San Mateo,73232,19:55:00,4.2
G43,San Mateo,73232,19:59:15,4.2
G43,San Mateo,73232,20:03:30,4.2
G43,San Mateo,73232,20:08:45,5.2
G43,San Mateo,73232,20:14:00,5.2
G43,San Mateo,73232,20:19:15,5.2
G43,San Mateo,73232,20:24:45,5.5
G43,San Mateo,73232,20:30:15,5.5
G43,San Mateo,73232,20:35:45,5.5
G43,San Mateo,73232,20:41:15,5.5
G43,San Mateo,73232,20:46:45,5.5
G43,San Mateo,73232,20:52:30,5.8
G43,San Mateo,73232,20:58:15,5.8
G43,San Mateo,73232,21:04:00,5.8
G43,San Mateo,73232,21:11:00,7.0
G43,San Mateo,73232,21:18:00,7.0
G43,San Mateo,73232,21:25:00,7.0
G43,San Mateo,73232,21:32:00,7.0
G43,San Mateo,73232,21:39:00,7.0
G43,San Mateo,73232,21:46:00,7.0
G43,San Mateo,73232,21:53:00,7.0
G43,San Mateo,73232,22:00:00,7.0
G43,San Mateo,73232,22:07:00,7.0
G43,San Mateo,73232,22:14:00,7.0
G43,San Mateo,73232,22:21:00,7.0
G43,San Mateo,73232,22:28:00,7.0
G43,San Mateo,73232,22:35:00,7.0
G43,San Mateo,73232,22:43:00,8.0
G43,San Mateo,73232,22:51:00,8.0
G43,San Mateo,73232,23:00:00,9.0
G12,G. Santander,61238,05:04:00,0.0
G12,G. Santander,61238,05:19:00,15.0
G12,G. Santander,61238,05:34:00,15.0
G12,G. Santander,61238,05:49:00,15.0
G12,G. Santander,61238,06:04:00,15.0
G12,G. Santander,61238,06:19:00,15.0
G12,G. Santander,61238,06:34:00,15.0
G12,G. Santander,61238,06:49:15,15.2
G12,G. Santander,61238,07:04:00,14.8
7,Polo FINCOMERCIO,61436,04:30:00,0.0
7,Polo FINCOMERCIO,61436,04:35:00,5.0
7,Polo FINCOMERCIO,61436,04:40:00,5.0
7,Polo FINCOMERCIO,61436,04:45:00,5.0
7,Polo FINCOMERCIO,61436,04:50:00,5.0
7,Polo FINCOMERCIO,61436,04:55:00,5.0
7,Polo FINCOMERCIO,61436,05:00:00,5.0
7,Polo FINCOMERCIO,61436,05:05:00,5.0
7,Polo FINCOMERCIO,61436,05:10:00,5.0
7,Polo FINCOMERCIO,61436,05:15:00,5.0
7,Polo FINCOMERCIO,61436,05:20:00,5.0
7,Polo FINCOMERCIO,61436,05:25:00,5.0
7,Polo FINCOMERCIO,61436,05:30:00,5.0
7,Polo FINCOMERCIO,61436,05:35:00,5.0
7,Polo FINCOMERCIO,61436,05:40:00,5.0
7,Polo FINCOMERCIO,61436,05:45:00,5.0
7,Polo FINCOMERCIO,61436,05:50:00,5.0
7,Polo FINCOMERCIO,61436,05:55:00,5.0
7,Polo FINCOMERCIO,61436,06:00:00,5.0
7,Polo FINCOMERCIO,61436,06:05:00,5.0
7,Polo FINCOMERCIO,61436,06:10:00,5.0
7,Polo FINCOMERCIO,61436,06:15:00,5.0
7,Polo FINCOMERCIO,61436,06:20:00,5.0
7,Polo FINCOMERCIO,61436,06:25:00,5.0
7,Polo FINCOMERCIO,61436,06:30:00,5.0
7,Polo FINCOMERCIO,61436,06:35:00,5.0
7,Polo FINCOMERCIO,61436,06:40:00,5.0
7,Polo FINCOMERCIO,61436,06:45:00,5.0
7,Polo FINCOMERCIO,61436,06:50:00,5.0
7,Polo FINCOMERCIO,61436,06:55:00,5.0
7,Polo FINCOMERCIO,61436,07:00:00,5.0
7,Polo FINCOMERCIO,61436,07:05:30,5.5
7,Polo FINCOMERCIO,61436,07:11:00,5.5
7,Polo FINCOMERCIO,61436,07:16:30,5.5
7,Polo FINCOMERCIO,61436,07:22:00,5.5
7,Polo FINCOMERCIO,61436,07:27:30,5.5
7,Polo FINCOMERCIO,61436,07:33:00,5.5
7,Polo FINCOMERCIO,61436,07:38:30,5.5
7,Polo FINCOMERCIO,61436,07:44:00,5.5
7,Polo FINCOMERCIO,61436,07:49:30,5.5
7,Polo FINCOMERCIO,61436,07:55:00,5.5
7,Polo FINCOMERCIO,61436,08:00:30,5.5
7,Polo FINCOMERCIO,61436,08:06:00,5.5
7,Polo FINCOMERCIO,61436,08:11:30,5.5
7,Polo FINCOMERCIO,61436,08:17:00,5.5
7,Polo FINCOMERCIO,61436,08:22:30,5.5
7,Polo FINCOMERCIO,61436,08:28:00,5.5
7,Polo FINCOMERCIO,61436,08:33:30,5.5
7,Polo FINCOMERCIO,61436,08:38:30,5.0
7,Polo FINCOMERCIO,61436,08:43:30,5.0
7,Polo FINCOMERCIO,61436,08:48:30,5.0
7,Polo FINCOMERCIO,61436,08:53:30,5.0
7,Polo FINCOMERCIO,61436,08:58:30,5.0
7,Polo FINCOMERCIO,61436,09:03:30,5.0
7,Polo FINCOMERCIO,61436,09:08:30,5.0
7,Polo FINCOMERCIO,61436,09:13:30,5.0
7,Polo FINCOMERCIO,61436,09:18:30,5.0
7,Polo FINCOMERCIO,61436,09:23:30,5.0
7,Polo FINCOMERCIO,61436,09:28:30,5.0
7,Polo FINCOMERCIO,61436,09:33:30,5.0
7,Polo FINCOMERCIO,61436,09:38:30,5.0
7,Polo FINCOMERCIO,61436,09:43:30,5.0
7,Polo FINCOMERCIO,61436,09:48:30,5.0
7,Polo FINCOMERCIO,61436,09:53:30,5.0
7,Polo FINCOMERCIO,61436,09:58:30,5.0
7,Polo FINCOMERCIO,61436,10:03:30,5.0
7,Polo FINCOMERCIO,61436,10:08:30,5.0
7,Polo FINCOMERCIO,61436,10:13:30,5.0
7,Polo FINCOMERCIO,61436,10:18:30,5.0
7,Polo FINCOMERCIO,61436,10:23:30,5.0
7,Polo FINCOMERCIO,61436,10:28:30,5.0
7,Polo FINCOMERCIO,61436,10:33:30,5.0
7,Polo FINCOMERCIO,61436,10:38:30,5.0
7,Polo FINCOMERCIO,61436,10:43:30,5.0
7,Polo FINCOMERCIO,61436,10:48:30,5.0
7,Polo FINCOMERCIO,61436,10:53:30,5.0
7,Polo FINCOMERCIO,61436,10:58:30,5.0
7,Polo FINCOMERCIO,61436,11:03:30,5.0
7,Polo FINCOMERCIO,61436,11:08:30,5.0
7,Polo FINCOMERCIO,61436,11:13:30,5.0
7,Polo FINCOMERCIO,61436,11:18:30,5.0
7,Polo FINCOMERCIO,61436,11:23:30,5.0
7,Polo FINCOMERCIO,61436,11:28:30,5.0
7,Polo FINCOMERCIO,61436,11:33:30,5.0
7,Polo FINCOMERCIO,61436,11:38:30,5.0
7,Polo FINCOMERCIO,61436,11:43:30,5.0
7,Polo FINCOMERCIO,61436,11:48:30,5.0
7,Polo FINCOMERCIO,61436,11:53:30,5.0
7,Polo FINCOMERCIO,61436,11:58:30,5.0
7,Polo FINCOMERCIO,61436,12:03:30,5.0
7,Polo FINCOMERCIO,61436,12:08:30,5.0
7,Polo FINCOMERCIO,61436,12:13:30,5.0
7,Polo FINCOMERCIO,61436,12:18:30,5.0
7,Polo FINCOMERCIO,61436,12:24:30,6.0
7,Polo FINCOMERCIO,61436,12:30:30,6.0
7,Polo FINCOMERCIO,61436,12:36:30,6.0
7,Polo FINCOMERCIO,61436,12:42:30,6.0
7,Polo FINCOMERCIO,61436,12:48:30,6.0
7,Polo FINCOMERCIO,61436,12:54:30,6.0
7,Polo FINCOMERCIO,61436,13:00:30,6.0
7,Polo FINCOMERCIO,61436,13:06:30,6.0
7,Polo FINCOMERCIO,61436,13:12:30,6.0
7,Polo FINCOMERCIO,61436,13:18:30,6.0
7,Polo FINCOMERCIO,61436,13:24:30,6.0
7,Polo FINCOMERCIO,61436,13:30:30,6.0
7,Polo FINCOMERCIO,61436,13:36:30,6.0
7,Polo FINCOMERCIO,61436,13:42:30,6.0
7,Polo FINCOMERCIO,61436,13:48:30,6.0
7,Polo FINCOMERCIO,61436,13:54:30,6.0
7,Polo FINCOMERCIO,61436,14:00:30,6.0
7,Polo FINCOMERCIO,61436,14:06:30,6.0
7,Polo FINCOMERCIO,61436,14:12:30,6.0
7,Polo FINCOMERCIO,61436,14:18:30,6.0
7,Polo FINCOMERCIO,61436,14:24:30,6.0
7,Polo FINCOMERCIO,61436,14:30:30,6.0
7,Polo FINCOMERCIO,61436,14:36:30,6.0
7,Polo FINCOMERCIO,61436,14:42:30,6.0
7,Polo FINCOMERCIO,61436,14:48:30,6.0
7,Polo FINCOMERCIO,61436,14:54:30,6.0
7,Polo FINCOMERCIO,61436,15:00:30,6.0
7,Polo FINCOMERCIO,61436,15:06:30,6.0
7,Polo FINCOMERCIO,61436,15:12:30,6.0
7,Polo FINCOMERCIO,61436,15:18:30,6.0
7,Polo FINCOMERCIO,61436,15:24:30,6.0
7,Polo FINCOMERCIO,61436,15:30:30,6.0
7,Polo FINCOMERCIO,61436,15:36:30,6.0
7,Polo FINCOMERCIO,61436,15:42:30,6.0
7,Polo FINCOMERCIO,61436,15:48:30,6.0
7,Polo FINCOMERCIO,61436,15:54:30,6.0
7,Polo FINCOMERCIO,61436,16:00:30,6.0
7,Polo FINCOMERCIO,61436,16:05:45,5.2
7,Polo FINCOMERCIO,61436,16:11:00,5.2
7,Polo FINCOMERCIO,61436,16:16:15,5.2
7,Polo FINCOMERCIO,61436,16:21:15,5.0
7,Polo FINCOMERCIO,61436,16:26:15,5.0
7,Polo FINCOMERCIO,61436,16:31:15,5.0
7,Polo FINCOMERCIO,61436,16:36:15,5.0
7,Polo FINCOMERCIO,61436,16:41:15,5.0
7,Polo FINCOMERCIO,61436,16:46:15,5.0
7,Polo FINCOMERCIO,61436,16:51:15,5.0
7,Polo FINCOMERCIO,61436,16:56:15,5.0
7,Polo FINCOMERCIO,61436,17:01:15,5.0
7,Polo FINCOMERCIO,61436,17:06:15,5.0
7,Polo FINCOMERCIO,61436,17:11:15,5.0
7,Polo FINCOMERCIO,61436,17:16:15,5.0
7,Polo FINCOMERCIO,61436,17:21:15,5.0
7,Polo FINCOMERCIO,61436,17:26:15,5.0
7,Polo FINCOMERCIO,61436,17:31:15,5.0
7,Polo FINCOMERCIO,61436,17:36:15,5.0
7,Polo FINCOMERCIO,61436,17:41:15,5.0
7,Polo FINCOMERCIO,61436,17:46:15,5.0
7,Polo FINCOMERCIO,61436,17:51:15,5.0
7,Polo FINCOMERCIO,61436,17:56:15,5.0
7,Polo FINCOMERCIO,61436,18:01:15,5.0
7,Polo FINCOMERCIO,61436,18:06:15,5.0
7,Polo FINCOMERCIO,61436,18:11:15,5.0
7,Polo FINCOMERCIO,61436,18:16:15,5.0
7,Polo FINCOMERCIO,61436,18:21:15,5.0
7,Polo FINCOMERCIO,61436,18:26:15,5.0
7,Polo FINCOMERCIO,61436,18:31:15,5.0
7,Polo FINCOMERCIO,61436,18:36:15,5.0
7,Polo FINCOMERCIO,61436,18:41:15,5.0
7,Polo FINCOMERCIO,61436,18:46:15,5.0
7,Polo FINCOMERCIO,61436,18:51:15,5.0
7,Polo FINCOMERCIO,61436,18:56:15,5.0
7,Polo FINCOMERCIO,61436,19:01:15,5.0
7,Polo FINCOMERCIO,61436,19:06:15,5.0
7,Polo FINCOMERCIO,61436,19:11:15,5.0
7,Polo FINCOMERCIO,61436,19:16:15,5.0
7,Polo FINCOMERCIO,61436,19:21:15,5.0
7,Polo FINCOMERCIO,61436,19:26:15,5.0
7,Polo FINCOMERCIO,61436,19:31:15,5.0
7,Polo FINCOMERCIO,61436,19:36:15,5.0
7,Polo FINCOMERCIO,61436,19:41:15,5.0
7,Polo FINCOMERCIO,61436,19:46:15,5.0
7,Polo FINCOMERCIO,61436,19:51:15,5.0
7,Polo FINCOMERCIO,61436,19:56:15,5.0
7,Polo FINCOMERCIO,61436,20:01:15,5.0
7,Polo FINCOMERCIO,61436,20:07:00,5.8
7,Polo FINCOMERCIO,61436,20:12:45,5.8
7,Polo FINCOMERCIO,61436,20:18:30,5.8
7,Polo FINCOMERCIO,61436,20:24:15,5.8
7,Polo FINCOMERCIO,61436,20:30:00,5.8
7,Polo FINCOMERCIO,61436,20:36:00,6.0
7,Polo FINCOMERCIO,61436,20:42:00,6.0
7,Polo FINCOMERCIO,61436,20:48:00,6.0
7,Polo FINCOMERCIO,61436,20:54:00,6.0
7,Polo FINCOMERCIO,61436,21:00:00,6.0
7,Polo FINCOMERCIO,61436,21:06:00,6.0
7,Polo FINCOMERCIO,61436,21:12:00,6.0
7,Polo FINCOMERCIO,61436,21:18:00,6.0
7,Polo FINCOMERCIO,61436,21:24:00,6.0
7,Polo FINCOMERCIO,61436,21:30:00,6.0
7,Polo FINCOMERCIO,61436,21:36:00,6.0
7,Polo FINCOMERCIO,61436,21:42:00,6.0
7,Polo FINCOMERCIO,61436,21:48:00,6.0
7,Polo FINCOMERCIO,61436,21:54:00,6.0
7,Polo FINCOMERCIO,61436,22:00:00,6.0
7,Polo FINCOMERCIO,61436,22:07:00,7.0
7,Polo FINCOMERCIO,61436,22:13:00,6.0
7,Polo FINCOMERCIO,61436,22:18:45,5.8
7,Polo FINCOMERCIO,61436,22:24:15,5.5
7,Polo FINCOMERCIO,61436,22:29:00,4.8
7,Polo FINCOMERCIO,61436,22:33:45,4.8
7,Polo FINCOMERCIO,61436,22:39:15,5.5
7,Polo FINCOMERCIO,61436,22:46:15,7.0
7,Polo FINCOMERCIO,61436,22:53:00,6.8
7,Polo FINCOMERCIO,61436,23:00:00,7.0
J23,Aguas,61690,04:00:00,0.0
J23,Aguas,61690,04:05:30,5.5
J23,Aguas,61690,04:11:00,5.5
J23,Aguas,61690,04:16:30,5.5
J23,Aguas,61690,04:22:00,5.5
J23,Aguas,61690,04:27:30,5.5
J23,Aguas,61690,04:33:00,5.5
J23,Aguas,61690,04:37:00,4.0
J23,Aguas,61690,04:41:00,4.0
J23,Aguas,61690,04:45:00,4.0
J23,Aguas,61690,04:49:00,4.0
J23,Aguas,61690,04:53:00,4.0
J23,Aguas,61690,04:57:00,4.0
J23,Aguas,61690,05:01:00,4.0
J23,Aguas,61690,05:04:30,3.5
J23,Aguas,61690,05:08:00,3.5
J23,Aguas,61690,05:11:30,3.5
J23,Aguas,61690,05:15:00,3.5
J23,Aguas,61690,05:18:30,3.5
J23,Aguas,61690,05:22:00,3.5
J23,Aguas,61690,05:25:30,3.5
J23,Aguas,61690,05:29:00,3.5
J23,Aguas,61690,05:32:30,3.5
J23,Aguas,61690,05:36:00,3.5
J23,Aguas,61690,05:39:30,3.5
J23,Aguas,61690,05:43:00,3.5
J23,Aguas,61690,05:46:30,3.5
J23,Aguas,61690,05:50:00,3.5
J23,Aguas,61690,05:53:30,3.5
J23,Aguas,61690,05:57:00,3.5
J23,Aguas,61690,06:00:30,3.5
J23,Aguas,61690,06:04:00,3.5
J23,Aguas,61690,06:07:30,3.5
J23,Aguas,61690,06:11:00,3.5
J23,Aguas,61690,06:14:30,3.5
J23,Aguas,61690,06:18:00,3.5
J23,Aguas,61690,06:21:30,3.5
J23,Aguas,61690,06:25:00,3.5
J23,Aguas,61690,06:28:30,3.5
J23,Aguas,61690,06:32:00,3.5
J23,Aguas,61690,06:35:30,3.5
J23,Aguas,61690,06:39:00,3.5
J23,Aguas,61690,06:42:30,3.5
J23,Aguas,61690,06:46:00,3.5
J23,Aguas,61690,06:49:30,3.5
J23,Aguas,61690,06:53:00,3.5
J23,Aguas,61690,06:56:30,3.5
J23,Aguas,61690,07:00:00,3.5
J23,Aguas,61690,07:03:30,3.5
J23,Aguas,61690,07:07:00,3.5
J23,Aguas,61690,07:10:30,3.5
J23,Aguas,61690,07:14:00,3.5
J23,Aguas,61690,07:17:30,3.5
J23,Aguas,61690,07:21:30,4.0
J23,Aguas,61690,07:25:30,4.0
J23,Aguas,61690,07:29:30,4.0
J23,Aguas,61690,07:33:30,4.0
J23,Aguas,61690,07:37:30,4.0
J23,Aguas,61690,07:41:30,4.0
J23,Aguas,61690,07:45:30,4.0
J23,Aguas,61690,07:49:30,4.0
J23,Aguas,61690,07:53:30,4.0
J23,Aguas,61690,07:57:30,4.0
J23,Aguas,61690,08:01:30,4.0
J23,Aguas,61690,08:05:30,4.0
J23,Aguas,61690,08:09:30,4.0
J23,Aguas,61690,08:13:30,4.0
J23,Aguas,61690,08:17:30,4.0
J23,Aguas,61690,08:21:30,4.0
J23,Aguas,61690,08:25:30,4.0
J23,Aguas,61690,08:29:30,4.0
J23,Aguas,61690,08:33:30,4.0
J23,Aguas,61690,08:37:30,4.0
J23,Aguas,61690,08:41:30,4.0
J23,Aguas,61690,08:45:30,4.0
J23,Aguas,61690,08:49:30,4.0
J23,Aguas,61690,08:53:30,4.0
J23,Aguas,61690,08:57:30,4.0
J23,Aguas,61690,09:01:30,4.0
J23,Aguas,61690,09:05:30,4.0
J23,Aguas,61690,09:09:30,4.0
J23,Aguas,61690,09:13:30,4.0
J23,Aguas,61690,09:17:30,4.0
J23,Aguas,61690,09:21:30,4.0
J23,Aguas,61690,09:25:30,4.0
J23,Aguas,61690,09:29:30,4.0
J23,Aguas,61690,09:33:30,4.0
J23,Aguas,61690,09:37:30,4.0
J23,Aguas,61690,09:41:30,4.0
J23,Aguas,61690,09:45:30,4.0
J23,Aguas,61690,09:49:30,4.0
J23,Aguas,61690,09:53:30,4.0
J23,Aguas,61690,09:57:30,4.0
J23,Aguas,61690,10:01:30,4.0
J23,Aguas,61690,10:05:30,4.0
J23,Aguas,61690,10:09:30,4.0
J23,Aguas,61690,10:13:30,4.0
J23,Aguas,61690,10:17:30,4.0
J23,Aguas,61690,10:21:30,4.0
J23,Aguas,61690,10:25:30,4.0
J23,Aguas,61690,10:29:30,4.0
J23,Aguas,61690,10:33:30,4.0
J23,Aguas,61690,10:38:30,5.0
J23,Aguas,61690,10:43:30,5.0
J23,Aguas,61690,10:48:30,5.0
J23,Aguas,61690,10:53:30,5.0
J23,Aguas,61690,10:58:30,5.0
J23,Aguas,61690,11:03:30,5.0
J23,Aguas,61690,11:08:30,5.0
J23,Aguas,61690,11:13:30,5.0
J23,Aguas,61690,11:18:30,5.0
J23,Aguas,61690,11:23:30,5.0
J23,Aguas,61690,11:28:30,5.0
J23,Aguas,61690,11:33:30,5.0
J23,Aguas,61690,11:38:30,5.0
J23,Aguas,61690,11:43:30,5.0
J23,Aguas,61690,11:48:30,5.0
J23,Aguas,61690,11:53:30,5.0
J23,Aguas,61690,11:58:30,5.0
J23,Aguas,61690,12:03:30,5.0
J23,Aguas,61690,12:08:30,5.0
J23,Aguas,61690,12:13:30,5.0
J23,Aguas,61690,12:18:30,5.0
J23,Aguas,61690,12:23:30,5.0
J23,Aguas,61690,12:28:30,5.0
J23,Aguas,61690,12:33:30,5.0
J23,Aguas,61690,12:38:30,5.0
J23,Aguas,61690,12:43:30,5.0
J23,Aguas,61690,12:48:30,5.0
J23,Aguas,61690,12:53:30,5.0
J23,Aguas,61690,12:58:30,5.0
J23,Aguas,61690,13:03:30,5.0
J23,Aguas,61690,13:08:30,5.0
J23,Aguas,61690,13:13:30,5.0
J23,Aguas,61690,13:18:30,5.0
J23,Aguas,61690,13:23:30,5.0
J23,Aguas,61690,13:28:30,5.0
J23,Aguas,61690,13:33:30,5.0
J23,Aguas,61690,13:38:30,5.0
J23,Aguas,61690,13:43:30,5.0
J23,Aguas,61690,13:48:30,5.0
J23,Aguas,61690,13:53:30,5.0
J23,Aguas,61690,13:58:30,5.0
J23,Aguas,61690,14:03:30,5.0
J23,Aguas,61690,14:08:30,5.0
J23,Aguas,61690,14:13:30,5.0
J23,Aguas,61690,14:18:30,5.0
J23,Aguas,61690,14:23:30,5.0
J23,Aguas,61690,14:28:30,5.0
J23,Aguas,61690,14:33:30,5.0
J23,Aguas,61690,14:38:00,4.5
J23,Aguas,61690,14:42:30,4.5
J23,Aguas,61690,14:47:00,4.5
J23,Aguas,61690,14:51:30,4.5
J23,Aguas,61690,14:56:00,4.5
J23,Aguas,61690,15:00:30,4.5
J23,Aguas,61690,15:04:30,4.0
J23,Aguas,61690,15:08:30,4.0
J23,Aguas,61690,15:12:30,4.0
J23,Aguas,61690,15:16:30,4.0
J23,Aguas,61690,15:20:30,4.0
J23,Aguas,61690,15:24:30,4.0
J23,Aguas,61690,15:28:30,4.0
J23,Aguas,61690,15:32:30,4.0
J23,Aguas,61690,15:36:30,4.0
J23,Aguas,61690,15:40:30,4.0
J23,Aguas,61690,15:44:30,4.0
J23,Aguas,61690,15:48:30,4.0
J23,Aguas,61690,15:52:30,4.0
J23,Aguas,61690,15:56:30,4.0
J23,Aguas,61690,16:00:30,4.0
J23,Aguas,61690,16:04:30,4.0
J23,Aguas,61690,16:08:30,4.0
J23,Aguas,61690,16:12:30,4.0
J23,Aguas,61690,16:16:30,4.0
J23,Aguas,61690,16:20:30,4.0
J23,Aguas,61690,16:24:30,4.0
J23,Aguas,61690,16:28:30,4.0
J23,Aguas,61690,16:32:30,4.0
J23,Aguas,61690,16:37:45,5.2
J23,Aguas,61690,16:43:00,5.2
J23,Aguas,61690,16:48:15,5.2
J23,Aguas,61690,16:53:30,5.2
J23,Aguas,61690,16:58:45,5.2
J23,Aguas,61690,17:04:00,5.2
J23,Aguas,61690,17:09:15,5.2
J23,Aguas,61690,17:14:30,5.2
J23,Aguas,61690,17:19:45,5.2
J23,Aguas,61690,17:25:00,5.2
J23,Aguas,61690,17:30:15,5.2
J23,Aguas,61690,17:35:30,5.2
J23,Aguas,61690,17:40:45,5.2
J23,Aguas,61690,17:46:00,5.2
J23,Aguas,61690,17:51:15,5.2
J23,Aguas,61690,17:56:30,5.2
J23,Aguas,61690,18:01:45,5.2
J23,Aguas,61690,18:07:00,5.2
J23,Aguas,61690,18:12:15,5.2
J23,Aguas,61690,18:17:30,5.2
J23,Aguas,61690,18:22:45,5.2
J23,Aguas,61690,18:28:00,5.2
J23,Aguas,61690,18:33:15,5.2
J23,Aguas,61690,18:38:30,5.2
J23,Aguas,61690,18:43:45,5.2
J23,Aguas,61690,18:49:00,5.2
J23,Aguas,61690,18:54:15,5.2
J23,Aguas,61690,18:59:30,5.2
J23,Aguas,61690,19:04:45,5.2
J23,Aguas,61690,19:10:00,5.2
J23,Aguas,61690,19:15:15,5.2
J23,Aguas,61690,19:20:45,5.5
J23,Aguas,61690,19:26:15,5.5
J23,Aguas,61690,19:31:45,5.5
J23,Aguas,61690,19:37:30,5.8
J23,Aguas,61690,19:43:15,5.8
J23,Aguas,61690,19:49:00,5.8
J23,Aguas,61690,19:55:00,6.0
J23,Aguas,61690,20:01:00,6.0
J23,Aguas,61690,20:07:00,6.0
J23,Aguas,61690,20:13:00,6.0
J23,Aguas,61690,20:19:00,6.0
J23,Aguas,61690,20:25:15,6.2
J23,Aguas,61690,20:31:30,6.2
J23,Aguas,61690,20:38:00,6.5
J23,Aguas,61690,20:44:30,6.5
J23,Aguas,61690,20:51:00,6.5
J23,Aguas,61690,20:58:00,7.0
J23,Aguas,61690,21:05:00,7.0
J23,Aguas,61690,21:12:00,7.0
J23,Aguas,61690,21:19:00,7.0
J23,Aguas,61690,21:26:00,7.0
J23,Aguas,61690,21:33:00,7.0
J23,Aguas,61690,21:40:00,7.0
J23,Aguas,61690,21:47:00,7.0
J23,Aguas,61690,21:54:00,7.0
J23,Aguas,61690,22:01:00,7.0
J23,Aguas,61690,22:08:00,7.0
J23,Aguas,61690,22:15:00,7.0
J23,Aguas,61690,22:21:45,6.8
J23,Aguas,61690,22:27:30,5.8
J23,Aguas,61690,22:33:15,5.8
J23,Aguas,61690,22:40:00,6.8
J23,Aguas,61690,22:48:00,8.0
J23,Aguas,61690,22:54:15,6.2
J23,Aguas,61690,23:00:00,5.8
M51,Museo Nacional,61688,04:30:00,0.0
M51,Museo Nacional,61688,04:35:15,5.2
M51,Museo Nacional,61688,04:40:30,5.2
M51,Museo Nacional,61688,04:45:45,5.2
M51,Museo Nacional,61688,04:51:00,5.2
M51,Museo Nacional,61688,04:56:15,5.2
M51,Museo Nacional,61688,05:01:30,5.2
M51,Museo Nacional,61688,05:06:30,5.0
M51,Museo Nacional,61688,05:11:30,5.0
M51,Museo Nacional,61688,05:16:30,5.0
M51,Museo Nacional,61688,05:21:30,5.0
M51,Museo Nacional,61688,05:26:30,5.0
M51,Museo Nacional,61688,05:31:30,5.0
M51,Museo Nacional,61688,05:36:15,4.8
M51,Museo Nacional,61688,05:41:00,4.8
M51,Museo Nacional,61688,05:45:45,4.8
M51,Museo Nacional,61688,05:49:30,3.8
M51,Museo Nacional,61688,05:53:15,3.8
M51,Museo Nacional,61688,05:57:00,3.8
M51,Museo Nacional,61688,06:00:45,3.8
M51,Museo Nacional,61688,06:04:15,3.5
M51,Museo Nacional,61688,06:07:45,3.5
M51,Museo Nacional,61688,06:11:15,3.5
M51,Museo Nacional,61688,06:14:45,3.5
M51,Museo Nacional,61688,06:18:15,3.5
M51,Museo Nacional,61688,06:21:45,3.5
M51,Museo Nacional,61688,06:25:15,3.5
M51,Museo Nacional,61688,06:28:45,3.5
M51,Museo Nacional,61688,06:32:15,3.5
M51,Museo Nacional,61688,06:35:45,3.5
M51,Museo Nacional,61688,06:39:15,3.5
M51,Museo Nacional,61688,06:42:45,3.5
M51,Museo Nacional,61688,06:46:15,3.5
M51,Museo Nacional,61688,06:49:45,3.5
M51,Museo Nacional,61688,06:53:15,3.5
M51,Museo Nacional,61688,06:56:45,3.5
M51,Museo Nacional,61688,07:00:15,3.5
M51,Museo Nacional,61688,07:04:15,4.0
M51,Museo Nacional,61688,07:08:15,4.0
M51,Museo Nacional,61688,07:12:15,4.0
M51,Museo Nacional,61688,07:16:15,4.0
M51,Museo Nacional,61688,07:20:15,4.0
M51,Museo Nacional,61688,07:24:15,4.0
M51,Museo Nacional,61688,07:28:15,4.0
M51,Museo Nacional,61688,07:32:15,4.0
M51,Museo Nacional,61688,07:36:15,4.0
M51,Museo Nacional,61688,07:40:15,4.0
M51,Museo Nacional,61688,07:44:15,4.0
M51,Museo Nacional,61688,07:48:15,4.0
M51,Museo Nacional,61688,07:52:15,4.0
M51,Museo Nacional,61688,07:56:15,4.0
M51,Museo Nacional,61688,08:00:15,4.0
M51,Museo Nacional,61688,08:04:15,4.0
M51,Museo Nacional,61688,08:08:15,4.0
M51,Museo Nacional,61688,08:12:15,4.0
M51,Museo Nacional,61688,08:16:15,4.0
M51,Museo Nacional,61688,08:20:30,4.2
M51,Museo Nacional,61688,08:24:45,4.2
M51,Museo Nacional,61688,08:29:00,4.2
M51,Museo Nacional,61688,08:33:15,4.2
M51,Museo Nacional,61688,08:38:00,4.8
M51,Museo Nacional,61688,08:42:45,4.8
M51,Museo Nacional,61688,08:47:30,4.8
M51,Museo Nacional,61688,08:52:45,5.2
M51,Museo Nacional,61688,08:58:00,5.2
M51,Museo Nacional,61688,09:03:15,5.2
M51,Museo Nacional,61688,09:09:00,5.8
M51,Museo Nacional,61688,09:14:45,5.8
M51,Museo Nacional,61688,09:20:30,5.8
M51,Museo Nacional,61688,09:27:15,6.8
M51,Museo Nacional,61688,09:34:00,6.8
M51,Museo Nacional,61688,09:41:30,7.5
M51,Museo Nacional,61688,09:49:00,7.5
M51,Museo Nacional,61688,09:56:30,7.5
M51,Museo Nacional,61688,10:04:00,7.5
M51,Museo Nacional,61688,10:11:30,7.5
M51,Museo Nacional,61688,10:19:00,7.5
M51,Museo Nacional,61688,10:26:30,7.5
M51,Museo Nacional,61688,10:34:00,7.5
M51,Museo Nacional,61688,10:41:30,7.5
M51,Museo Nacional,61688,10:49:00,7.5
M51,Museo Nacional,61688,10:56:30,7.5
M51,Museo Nacional,61688,11:04:00,7.5
M51,Museo Nacional,61688,11:11:30,7.5
M51,Museo Nacional,61688,11:19:00,7.5
M51,Museo Nacional,61688,11:26:30,7.5
M51,Museo Nacional,61688,11:34:00,7.5
M51,Museo Nacional,61688,11:41:30,7.5
M51,Museo Nacional,61688,11:49:00,7.5
M51,Museo Nacional,61688,11:56:30,7.5
M51,Museo Nacional,61688,12:04:00,7.5
M51,Museo Nacional,61688,12:11:30,7.5
M51,Museo Nacional,61688,12:19:00,7.5
M51,Museo Nacional,61688,12:26:30,7.5
M51,Museo Nacional,61688,12:34:00,7.5
M51,Museo Nacional,61688,12:41:30,7.5
M51,Museo Nacional,61688,12:49:00,7.5
M51,Museo Nacional,61688,12:56:30,7.5
M51,Museo Nacional,61688,13:04:00,7.5
M51,Museo Nacional,61688,13:11:30,7.5
M51,Museo Nacional,61688,13:19:00,7.5
M51,Museo Nacional,61688,13:26:30,7.5
M51,Museo Nacional,61688,13:34:00,7.5
M51,Museo Nacional,61688,13:41:30,7.5
M51,Museo Nacional,61688,13:49:00,7.5
M51,Museo Nacional,61688,13:56:30,7.5
M51,Museo Nacional,61688,14:04:00,7.5
M51,Museo Nacional,61688,14:11:30,7.5
M51,Museo Nacional,61688,14:19:00,7.5
M51,Museo Nacional,61688,14:26:30,7.5
M51,Museo Nacional,61688,14:34:00,7.5
M51,Museo Nacional,61688,14:41:30,7.5
M51,Museo Nacional,61688,14:49:00,7.5
M51,Museo Nacional,61688,14:56:30,7.5
M51,Museo Nacional,61688,15:04:00,7.5
M51,Museo Nacional,61688,15:11:30,7.5
M51,Museo Nacional,61688,15:19:00,7.5
M51,Museo Nacional,61688,15:26:30,7.5
M51,Museo Nacional,61688,15:34:00,7.5
M51,Museo Nacional,61688,15:41:30,7.5
M51,Museo Nacional,61688,15:49:00,7.5
M51,Museo Nacional,61688,15:56:30,7.5
M51,Museo Nacional,61688,16:04:00,7.5
M51,Museo Nacional,61688,16:11:30,7.5
M51,Museo Nacional,61688,16:19:00,7.5
M51,Museo Nacional,61688,16:26:30,7.5
M51,Museo Nacional,61688,16:34:00,7.5
M51,Museo Nacional,61688,16:41:30,7.5
M51,Museo Nacional,61688,16:49:00,7.5
M51,Museo Nacional,61688,16:56:30,7.5
M51,Museo Nacional,61688,17:04:00,7.5
M51,Museo Nacional,61688,17:11:30,7.5
M51,Museo Nacional,61688,17:19:00,7.5
M51,Museo Nacional,61688,17:26:30,7.5
M51,Museo Nacional,61688,17:34:00,7.5
M51,Museo Nacional,61688,17:41:30,7.5
M51,Museo Nacional,61688,17:49:00,7.5
M51,Museo Nacional,61688,17:56:30,7.5
M51,Museo Nacional,61688,18:04:00,7.5
M51,Museo Nacional,61688,18:11:30,7.5
M51,Museo Nacional,61688,18:19:00,7.5
M51,Museo Nacional,61688,18:26:30,7.5
M51,Museo Nacional,61688,18:34:00,7.5
M51,Museo Nacional,61688,18:41:30,7.5
M51,Museo Nacional,61688,18:49:00,7.5
M51,Museo Nacional,61688,18:56:30,7.5
M51,Museo Nacional,61688,19:04:00,7.5
M51,Museo Nacional,61688,19:11:00,7.0
M51,Museo Nacional,61688,19:18:00,7.0
M51,Museo Nacional,61688,19:25:00,7.0
M51,Museo Nacional,61688,19:32:00,7.0
M51,Museo Nacional,61688,19:39:00,7.0
M51,Museo Nacional,61688,19:46:00,7.0
M51,Museo Nacional,61688,19:53:00,7.0
M51,Museo Nacional,61688,20:00:00,7.0
M51,Museo Nacional,61688,20:10:00,10.0
M51,Museo Nacional,61688,20:20:00,10.0
M51,Museo Nacional,61688,20:30:00,10.0
M51,Museo Nacional,61688,20:40:00,10.0
M51,Museo Nacional,61688,20:50:00,10.0
M51,Museo Nacional,61688,21:00:00,10.0
M51,Museo Nacional,61688,21:10:00,10.0
M51,Museo Nacional,61688,21:20:00,10.0
M51,Museo Nacional,61688,21:30:00,10.0
M51,Museo Nacional,61688,21:40:00,10.0
M51,Museo Nacional,61688,21:50:00,10.0
M51,Museo Nacional,61688,22:00:00,10.0
M51,Museo Nacional,61688,22:10:00,10.0
M51,Museo Nacional,61688,22:20:00,10.0
M51,Museo Nacional,61688,22:28:30,8.5
M51,Museo Nacional,61688,22:37:00,8.5
M51,Museo Nacional,61688,22:48:30,11.5
M51,Museo Nacional,61688,23:00:00,11.5
F51,PORTAL AMÉRICAS,62316,05:00:00,0.0
F51,PORTAL AMÉRICAS,62316,05:08:00,8.0
F51,PORTAL AMÉRICAS,62316,05:16:00,8.0
F51,PORTAL AMÉRICAS,62316,05:24:00,8.0
F51,PORTAL AMÉRICAS,62316,05:32:00,8.0
F51,PORTAL AMÉRICAS,62316,05:40:00,8.0
F51,PORTAL AMÉRICAS,62316,05:48:00,8.0
F51,PORTAL AMÉRICAS,62316,05:56:00,8.0
F51,PORTAL AMÉRICAS,62316,06:04:00,8.0
F51,PORTAL AMÉRICAS,62316,06:12:00,8.0
F51,PORTAL AMÉRICAS,62316,06:20:00,8.0
F51,PORTAL AMÉRICAS,62316,06:28:00,8.0
F51,PORTAL AMÉRICAS,62316,06:36:00,8.0
F51,PORTAL AMÉRICAS,62316,06:44:00,8.0
F51,PORTAL AMÉRICAS,62316,06:52:00,8.0
F51,PORTAL AMÉRICAS,62316,07:00:00,8.0
F51,PORTAL AMÉRICAS,62316,07:08:00,8.0
F51,PORTAL AMÉRICAS,62316,07:16:00,8.0
F51,PORTAL AMÉRICAS,62316,07:24:00,8.0
F51,PORTAL AMÉRICAS,62316,07:32:00,8.0
F51,PORTAL AMÉRICAS,62316,07:40:00,8.0
F51,PORTAL AMÉRICAS,62316,07:48:00,8.0
F51,PORTAL AMÉRICAS,62316,07:56:00,8.0
F51,PORTAL AMÉRICAS,62316,08:04:00,8.0
F51,PORTAL AMÉRICAS,62316,08:12:00,8.0
F51,PORTAL AMÉRICAS,62316,08:20:00,8.0
F51,PORTAL AMÉRICAS,62316,08:28:00,8.0
F51,PORTAL AMÉRICAS,62316,08:36:00,8.0
F51,PORTAL AMÉRICAS,62316,08:44:00,8.0
F51,PORTAL AMÉRICAS,62316,08:52:00,8.0
F51,PORTAL AMÉRICAS,62316,08:59:45,7.8
F51,PORTAL AMÉRICAS,62316,09:07:30,7.8
F51,PORTAL AMÉRICAS,62316,09:15:15,7.8
F51,PORTAL AMÉRICAS,62316,09:23:00,7.8
F51,PORTAL AMÉRICAS,62316,09:30:45,7.8
F51,PORTAL AMÉRICAS,62316,09:38:30,7.8
F51,PORTAL AMÉRICAS,62316,09:46:15,7.8
F51,PORTAL AMÉRICAS,62316,09:54:00,7.8
F51,PORTAL AMÉRICAS,62316,10:01:45,7.8
F51,PORTAL AMÉRICAS,62316,10:09:30,7.8
F51,PORTAL AMÉRICAS,62316,10:17:15,7.8
F51,PORTAL AMÉRICAS,62316,10:25:00,7.8
F51,PORTAL AMÉRICAS,62316,10:32:45,7.8
F51,PORTAL AMÉRICAS,62316,10:40:30,7.8
F51,PORTAL AMÉRICAS,62316,10:48:15,7.8
F51,PORTAL AMÉRICAS,62316,10:56:00,7.8
F51,PORTAL AMÉRICAS,62316,11:03:45,7.8
F51,PORTAL AMÉRICAS,62316,11:11:30,7.8
F51,PORTAL AMÉRICAS,62316,11:19:15,7.8
F51,PORTAL AMÉRICAS,62316,11:27:00,7.8
F51,PORTAL AMÉRICAS,62316,11:34:45,7.8
F51,PORTAL AMÉRICAS,62316,11:42:30,7.8
F51,PORTAL AMÉRICAS,62316,11:50:15,7.8
F51,PORTAL AMÉRICAS,62316,11:58:00,7.8
F51,PORTAL AMÉRICAS,62316,12:05:45,7.8
F51,PORTAL AMÉRICAS,62316,12:13:30,7.8
F51,PORTAL AMÉRICAS,62316,12:21:15,7.8
F51,PORTAL AMÉRICAS,62316,12:29:00,7.8
F51,PORTAL AMÉRICAS,62316,12:36:45,7.8
F51,PORTAL AMÉRICAS,62316,12:44:30,7.8
F51,PORTAL AMÉRICAS,62316,12:52:15,7.8
F51,PORTAL AMÉRICAS,62316,13:00:00,7.8
F51,PORTAL AMÉRICAS,62316,13:07:45,7.8
F51,PORTAL AMÉRICAS,62316,13:15:30,7.8
F51,PORTAL AMÉRICAS,62316,13:23:15,7.8
F51,PORTAL AMÉRICAS,62316,13:31:00,7.8
F51,PORTAL AMÉRICAS,62316,13:38:45,7.8
F51,PORTAL AMÉRICAS,62316,13:46:30,7.8
F51,PORTAL AMÉRICAS,62316,13:54:15,7.8
F51,PORTAL AMÉRICAS,62316,14:02:00,7.8
F51,PORTAL AMÉRICAS,62316,14:09:30,7.5
F51,PORTAL AMÉRICAS,62316,14:17:00,7.5
F51,PORTAL AMÉRICAS,62316,14:24:30,7.5
F51,PORTAL AMÉRICAS,62316,14:32:00,7.5
F51,PORTAL AMÉRICAS,62316,14:39:30,7.5
F51,PORTAL AMÉRICAS,62316,14:47:00,7.5
F51,PORTAL AMÉRICAS,62316,14:54:30,7.5
F51,PORTAL AMÉRICAS,62316,15:02:00,7.5
F51,PORTAL AMÉRICAS,62316,15:09:30,7.5
F51,PORTAL AMÉRICAS,62316,15:17:00,7.5
F51,PORTAL AMÉRICAS,62316,15:23:45,6.8
F51,PORTAL AMÉRICAS,62316,15:30:30,6.8
F51,PORTAL AMÉRICAS,62316,15:36:45,6.2
F51,PORTAL AMÉRICAS,62316,15:43:00,6.2
F51,PORTAL AMÉRICAS,62316,15:49:15,6.2
F51,PORTAL AMÉRICAS,62316,15:55:15,6.0
F51,PORTAL AMÉRICAS,62316,16:01:15,6.0
F51,PORTAL AMÉRICAS,62316,16:06:45,5.5
F51,PORTAL AMÉRICAS,62316,16:12:15,5.5
F51,PORTAL AMÉRICAS,62316,16:17:45,5.5
F51,PORTAL AMÉRICAS,62316,16:23:00,5.2
F51,PORTAL AMÉRICAS,62316,16:28:15,5.2
F51,PORTAL AMÉRICAS,62316,16:33:30,5.2
F51,PORTAL AMÉRICAS,62316,16:38:00,4.5
F51,PORTAL AMÉRICAS,62316,16:42:30,4.5
F51,PORTAL AMÉRICAS,62316,16:47:00,4.5
F51,PORTAL AMÉRICAS,62316,16:50:45,3.8
F51,PORTAL AMÉRICAS,62316,16:54:30,3.8
F51,PORTAL AMÉRICAS,62316,16:58:15,3.8
F51,PORTAL AMÉRICAS,62316,17:02:00,3.8
F51,PORTAL AMÉRICAS,62316,17:05:00,3.0
F51,PORTAL AMÉRICAS,62316,17:08:00,3.0
F51,PORTAL AMÉRICAS,62316,17:11:00,3.0
F51,PORTAL AMÉRICAS,62316,17:14:00,3.0
F51,PORTAL AMÉRICAS,62316,17:17:00,3.0
F51,PORTAL AMÉRICAS,62316,17:20:00,3.0
F51,PORTAL AMÉRICAS,62316,17:23:00,3.0
F51,PORTAL AMÉRICAS,62316,17:26:00,3.0
F51,PORTAL AMÉRICAS,62316,17:29:00,3.0
F51,PORTAL AMÉRICAS,62316,17:32:00,3.0
F51,PORTAL AMÉRICAS,62316,17:35:00,3.0
F51,PORTAL AMÉRICAS,62316,17:38:00,3.0
F51,PORTAL AMÉRICAS,62316,17:41:00,3.0
F51,PORTAL AMÉRICAS,62316,17:44:00,3.0
F51,PORTAL AMÉRICAS,62316,17:47:00,3.0
F51,PORTAL AMÉRICAS,62316,17:50:00,3.0
F51,PORTAL AMÉRICAS,62316,17:53:00,3.0
F51,PORTAL AMÉRICAS,62316,17:56:00,3.0
F51,PORTAL AMÉRICAS,62316,17:59:00,3.0
F51,PORTAL AMÉRICAS,62316,18:02:00,3.0
F51,PORTAL AMÉRICAS,62316,18:05:00,3.0
F51,PORTAL AMÉRICAS,62316,18:08:00,3.0
F51,PORTAL AMÉRICAS,62316,18:11:00,3.0
F51,PORTAL AMÉRICAS,62316,18:14:00,3.0
F51,PORTAL AMÉRICAS,62316,18:17:00,3.0
F51,PORTAL AMÉRICAS,62316,18:20:00,3.0
F51,PORTAL AMÉRICAS,62316,18:23:00,3.0
F51,PORTAL AMÉRICAS,62316,18:26:00,3.0
F51,PORTAL AMÉRICAS,62316,18:29:00,3.0
F51,PORTAL AMÉRICAS,62316,18:32:00,3.0
F51,PORTAL AMÉRICAS,62316,18:35:15,3.2
F51,PORTAL AMÉRICAS,62316,18:38:30,3.2
F51,PORTAL AMÉRICAS,62316,18:41:45,3.2
F51,PORTAL AMÉRICAS,62316,18:45:00,3.2
F51,PORTAL AMÉRICAS,62316,18:48:30,3.5
F51,PORTAL AMÉRICAS,62316,18:52:00,3.5
F51,PORTAL AMÉRICAS,62316,18:55:30,3.5
F51,PORTAL AMÉRICAS,62316,18:59:00,3.5
F51,PORTAL AMÉRICAS,62316,19:02:30,3.5
F51,PORTAL AMÉRICAS,62316,19:06:15,3.8
F51,PORTAL AMÉRICAS,62316,19:10:00,3.8
F51,PORTAL AMÉRICAS,62316,19:13:45,3.8
F51,PORTAL AMÉRICAS,62316,19:17:30,3.8
F51,PORTAL AMÉRICAS,62316,19:21:45,4.2
F51,PORTAL AMÉRICAS,62316,19:26:00,4.2
F51,PORTAL AMÉRICAS,62316,19:30:15,4.2
F51,PORTAL AMÉRICAS,62316,19:35:15,5.0
F51,PORTAL AMÉRICAS,62316,19:40:15,5.0
F51,PORTAL AMÉRICAS,62316,19:45:15,5.0
F51,PORTAL AMÉRICAS,62316,19:50:45,5.5
F51,PORTAL AMÉRICAS,62316,19:56:15,5.5
F51,PORTAL AMÉRICAS,62316,20:01:45,5.5
F51,PORTAL AMÉRICAS,62316,20:07:45,6.0
F51,PORTAL AMÉRICAS,62316,20:13:45,6.0
F51,PORTAL AMÉRICAS,62316,20:19:45,6.0
F51,PORTAL AMÉRICAS,62316,20:26:15,6.5
F51,PORTAL AMÉRICAS,62316,20:32:45,6.5
F51,PORTAL AMÉRICAS,62316,20:39:30,6.8
F51,PORTAL AMÉRICAS,62316,20:46:15,6.8
F51,PORTAL AMÉRICAS,62316,20:53:15,7.0
F51,PORTAL AMÉRICAS,62316,21:00:15,7.0
F51,PORTAL AMÉRICAS,62316,21:07:15,7.0
F51,PORTAL AMÉRICAS,62316,21:14:15,7.0
F51,PORTAL AMÉRICAS,62316,21:21:15,7.0
F51,PORTAL AMÉRICAS,62316,21:28:15,7.0
F51,PORTAL AMÉRICAS,62316,21:35:15,7.0
F51,PORTAL AMÉRICAS,62316,21:42:15,7.0
F51,PORTAL AMÉRICAS,62316,21:49:15,7.0
F51,PORTAL AMÉRICAS,62316,21:56:15,7.0
F51,PORTAL AMÉRICAS,62316,22:03:15,7.0
F51,PORTAL AMÉRICAS,62316,22:10:15,7.0
F51,PORTAL AMÉRICAS,62316,22:17:15,7.0
F51,PORTAL AMÉRICAS,62316,22:24:15,7.0
F51,PORTAL AMÉRICAS,62316,22:30:15,6.0
F51,PORTAL AMÉRICAS,62316,22:38:15,8.0
F51,PORTAL AMÉRICAS,62316,22:46:15,8.0
F51,PORTAL AMÉRICAS,62316,22:54:15,8.0
F51,PORTAL AMÉRICAS,62316,23:00:00,5.8
4,Héroes,62011,04:00:00,0.0
4,Héroes,62011,04:06:15,6.2
4,Héroes,62011,04:12:30,6.2
4,Héroes,62011,04:18:45,6.2
4,Héroes,62011,04:25:00,6.2
4,Héroes,62011,04:31:15,6.2
4,Héroes,62011,04:37:30,6.2
4,Héroes,62011,04:43:45,6.2
4,Héroes,62011,04:50:00,6.2
4,Héroes,62011,04:56:15,6.2
4,Héroes,62011,05:02:30,6.2
4,Héroes,62011,05:08:45,6.2
4,Héroes,62011,05:15:00,6.2
4,Héroes,62011,05:21:15,6.2
4,Héroes,62011,05:27:30,6.2
4,Héroes,62011,05:33:45,6.2
4,Héroes,62011,05:39:15,5.5
4,Héroes,62011,05:44:45,5.5
4,Héroes,62011,05:50:15,5.5
4,Héroes,62011,05:55:45,5.5
4,Héroes,62011,06:01:15,5.5
4,Héroes,62011,06:06:45,5.5
4,Héroes,62011,06:12:15,5.5
4,Héroes,62011,06:17:45,5.5
4,Héroes,62011,06:23:15,5.5
4,Héroes,62011,06:28:45,5.5
4,Héroes,62011,06:34:15,5.5
4,Héroes,62011,06:39:45,5.5
4,Héroes,62011,06:45:15,5.5
4,Héroes,62011,06:50:45,5.5
4,Héroes,62011,06:56:15,5.5
4,Héroes,62011,07:01:45,5.5
4,Héroes,62011,07:07:15,5.5
4,Héroes,62011,07:12:45,5.5
4,Héroes,62011,07:18:15,5.5
4,Héroes,62011,07:23:45,5.5
4,Héroes,62011,07:29:15,5.5
4,Héroes,62011,07:34:45,5.5
4,Héroes,62011,07:40:15,5.5
4,Héroes,62011,07:45:45,5.5
4,Héroes,62011,07:51:15,5.5
4,Héroes,62011,07:56:45,5.5
4,Héroes,62011,08:02:15,5.5
4,Héroes,62011,08:07:45,5.5
4,Héroes,62011,08:13:15,5.5
4,Héroes,62011,08:18:45,5.5
4,Héroes,62011,08:24:15,5.5
4,Héroes,62011,08:29:45,5.5
4,Héroes,62011,08:35:15,5.5
4,Héroes,62011,08:40:45,5.5
4,Héroes,62011,08:46:15,5.5
4,Héroes,62011,08:51:45,5.5
4,Héroes,62011,08:57:15,5.5
4,Héroes,62011,09:02:45,5.5
4,Héroes,62011,09:08:15,5.5
4,Héroes,62011,09:13:45,5.5
4,Héroes,62011,09:19:15,5.5
4,Héroes,62011,09:24:45,5.5
4,Héroes,62011,09:30:15,5.5
4,Héroes,62011,09:35:45,5.5
4,Héroes,62011,09:41:15,5.5
4,Héroes,62011,09:46:45,5.5
4,Héroes,62011,09:52:15,5.5
4,Héroes,62011,09:57:45,5.5
4,Héroes,62011,10:03:15,5.5
4,Héroes,62011,10:09:15,6.0
4,Héroes,62011,10:15:15,6.0
4,Héroes,62011,10:21:15,6.0
4,Héroes,62011,10:27:15,6.0
4,Héroes,62011,10:33:15,6.0
4,Héroes,62011,10:39:15,6.0
4,Héroes,62011,10:45:15,6.0
4,Héroes,62011,10:51:15,6.0
4,Héroes,62011,10:57:15,6.0
4,Héroes,62011,11:03:15,6.0
4,Héroes,62011,11:09:15,6.0
4,Héroes,62011,11:15:15,6.0
4,Héroes,62011,11:21:15,6.0
4,Héroes,62011,11:27:15,6.0
4,Héroes,62011,11:33:15,6.0
4,Héroes,62011,11:39:15,6.0
4,Héroes,62011,11:45:15,6.0
4,Héroes,62011,11:51:15,6.0
4,Héroes,62011,11:57:15,6.0
4,Héroes,62011,12:03:15,6.0
4,Héroes,62011,12:09:15,6.0
4,Héroes,62011,12:15:15,6.0
4,Héroes,62011,12:21:15,6.0
4,Héroes,62011,12:27:15,6.0
4,Héroes,62011,12:33:15,6.0
4,Héroes,62011,12:39:15,6.0
4,Héroes,62011,12:45:15,6.0
4,Héroes,62011,12:51:15,6.0
4,Héroes,62011,12:57:15,6.0
4,Héroes,62011,13:03:15,6.0
4,Héroes,62011,13:09:15,6.0
4,Héroes,62011,13:15:15,6.0
4,Héroes,62011,13:21:15,6.0
4,Héroes,62011,13:27:15,6.0
4,Héroes,62011,13:33:15,6.0
4,Héroes,62011,13:39:15,6.0
4,Héroes,62011,13:45:15,6.0
4,Héroes,62011,13:51:15,6.0
4,Héroes,62011,13:57:15,6.0
4,Héroes,62011,14:03:15,6.0
4,Héroes,62011,14:09:15,6.0
4,Héroes,62011,14:15:15,6.0
4,Héroes,62011,14:21:15,6.0
4,Héroes,62011,14:27:15,6.0
4,Héroes,62011,14:33:15,6.0
4,Héroes,62011,14:39:15,6.0
4,Héroes,62011,14:45:15,6.0
4,Héroes,62011,14:51:15,6.0
4,Héroes,62011,14:57:15,6.0
4,Héroes,62011,15:03:15,6.0
4,Héroes,62011,15:09:15,6.0
4,Héroes,62011,15:15:15,6.0
4,Héroes,62011,15:21:15,6.0
4,Héroes,62011,15:27:15,6.0
4,Héroes,62011,15:33:15,6.0
4,Héroes,62011,15:39:15,6.0
4,Héroes,62011,15:45:15,6.0
4,Héroes,62011,15:51:15,6.0
4,Héroes,62011,15:57:15,6.0
4,Héroes,62011,16:03:15,6.0
4,Héroes,62011,16:09:15,6.0
4,Héroes,62011,16:15:15,6.0
4,Héroes,62011,16:21:15,6.0
4,Héroes,62011,16:27:15,6.0
4,Héroes,62011,16:33:15,6.0
4,Héroes,62011,16:39:15,6.0
4,Héroes,62011,16:45:15,6.0
4,Héroes,62011,16:51:15,6.0
4,Héroes,62011,16:57:15,6.0
4,Héroes,62011,17:03:15,6.0
4,Héroes,62011,17:09:15,6.0
4,Héroes,62011,17:15:15,6.0
4,Héroes,62011,17:21:15,6.0
4,Héroes,62011,17:27:15,6.0
4,Héroes,62011,17:33:15,6.0
4,Héroes,62011,17:39:15,6.0
4,Héroes,62011,17:45:15,6.0
4,Héroes,62011,17:51:15,6.0
4,Héroes,62011,17:57:15,6.0
4,Héroes,62011,18:03:15,6.0
4,Héroes,62011,18:08:45,5.5
4,Héroes,62011,18:14:15,5.5
4,Héroes,62011,18:19:45,5.5
4,Héroes,62011,18:25:15,5.5
4,Héroes,62011,18:30:45,5.5
4,Héroes,62011,18:36:15,5.5
4,Héroes,62011,18:41:45,5.5
4,Héroes,62011,18:47:15,5.5
4,Héroes,62011,18:52:45,5.5
4,Héroes,62011,18:58:15,5.5
4,Héroes,62011,19:03:45,5.5
4,Héroes,62011,19:09:15,5.5
4,Héroes,62011,19:14:45,5.5
4,Héroes,62011,19:20:15,5.5
4,Héroes,62011,19:25:45,5.5
4,Héroes,62011,19:31:15,5.5
4,Héroes,62011,19:36:45,5.5
4,Héroes,62011,19:42:15,5.5
4,Héroes,62011,19:47:45,5.5
4,Héroes,62011,19:53:15,5.5
4,Héroes,62011,19:58:45,5.5
4,Héroes,62011,20:04:15,5.5
4,Héroes,62011,20:10:15,6.0
4,Héroes,62011,20:16:15,6.0
4,Héroes,62011,20:22:15,6.0
4,Héroes,62011,20:28:15,6.0
4,Héroes,62011,20:34:15,6.0
4,Héroes,62011,20:40:15,6.0
4,Héroes,62011,20:46:15,6.0
4,Héroes,62011,20:52:15,6.0
4,Héroes,62011,20:58:15,6.0
4,Héroes,62011,21:04:15,6.0
4,Héroes,62011,21:10:15,6.0
4,Héroes,62011,21:16:15,6.0
4,Héroes,62011,21:22:15,6.0
4,Héroes,62011,21:28:15,6.0
4,Héroes,62011,21:34:15,6.0
4,Héroes,62011,21:40:15,6.0
4,Héroes,62011,21:46:15,6.0
4,Héroes,62011,21:52:15,6.0
4,Héroes,62011,21:58:15,6.0
4,Héroes,62011,22:04:15,6.0
4,Héroes,62011,22:10:15,6.0
4,Héroes,62011,22:16:15,6.0
4,Héroes,62011,22:22:15,6.0
4,Héroes,62011,22:28:15,6.0
4,Héroes,62011,22:34:15,6.0
4,Héroes,62011,22:40:15,6.0
4,Héroes,62011,22:45:15,5.0
4,Héroes,62011,22:52:15,7.0
4,Héroes,62011,22:58:15,6.0
4,Héroes,62011,23:05:00,6.8
1,Portal Eldorado,61919,04:30:00,0.0
1,Portal Eldorado,61919,04:36:00,6.0
1,Portal Eldorado,61919,04:42:00,6.0
1,Portal Eldorado,61919,04:48:00,6.0
1,Portal Eldorado,61919,04:54:00,6.0
1,Portal Eldorado,61919,05:00:00,6.0
1,Portal Eldorado,61919,05:06:00,6.0
1,Portal Eldorado,61919,05:12:00,6.0
1,Portal Eldorado,61919,05:18:00,6.0
1,Portal Eldorado,61919,05:24:00,6.0
1,Portal Eldorado,61919,05:30:00,6.0
1,Portal Eldorado,61919,05:36:00,6.0
1,Portal Eldorado,61919,05:42:00,6.0
1,Portal Eldorado,61919,05:48:00,6.0
1,Portal Eldorado,61919,05:54:00,6.0
1,Portal Eldorado,61919,06:00:00,6.0
1,Portal Eldorado,61919,06:05:00,5.0
1,Portal Eldorado,61919,06:10:00,5.0
1,Portal Eldorado,61919,06:15:00,5.0
1,Portal Eldorado,61919,06:20:00,5.0
1,Portal Eldorado,61919,06:25:00,5.0
1,Portal Eldorado,61919,06:30:00,5.0
1,Portal Eldorado,61919,06:35:00,5.0
1,Portal Eldorado,61919,06:40:00,5.0
1,Portal Eldorado,61919,06:45:00,5.0
1,Portal Eldorado,61919,06:50:00,5.0
1,Portal Eldorado,61919,06:55:00,5.0
1,Portal Eldorado,61919,07:00:00,5.0
1,Portal Eldorado,61919,07:05:00,5.0
1,Portal Eldorado,61919,07:10:00,5.0
1,Portal Eldorado,61919,07:15:00,5.0
1,Portal Eldorado,61919,07:20:00,5.0
1,Portal Eldorado,61919,07:25:00,5.0
1,Portal Eldorado,61919,07:30:00,5.0
1,Portal Eldorado,61919,07:35:00,5.0
1,Portal Eldorado,61919,07:40:00,5.0
1,Portal Eldorado,61919,07:45:00,5.0
1,Portal Eldorado,61919,07:50:00,5.0
1,Portal Eldorado,61919,07:55:00,5.0
1,Portal Eldorado,61919,08:00:00,5.0
1,Portal Eldorado,61919,08:05:00,5.0
1,Portal Eldorado,61919,08:10:00,5.0
1,Portal Eldorado,61919,08:15:00,5.0
1,Portal Eldorado,61919,08:20:00,5.0
1,Portal Eldorado,61919,08:25:00,5.0
1,Portal Eldorado,61919,08:30:00,5.0
1,Portal Eldorado,61919,08:35:00,5.0
1,Portal Eldorado,61919,08:40:00,5.0
1,Portal Eldorado,61919,08:45:00,5.0
1,Portal Eldorado,61919,08:50:00,5.0
1,Portal Eldorado,61919,08:55:00,5.0
1,Portal Eldorado,61919,09:00:00,5.0
1,Portal Eldorado,61919,09:06:00,6.0
1,Portal Eldorado,61919,09:12:00,6.0
1,Portal Eldorado,61919,09:18:00,6.0
1,Portal Eldorado,61919,09:24:00,6.0
1,Portal Eldorado,61919,09:30:00,6.0
1,Portal Eldorado,61919,09:36:00,6.0
1,Portal Eldorado,61919,09:42:00,6.0
1,Portal Eldorado,61919,09:48:00,6.0
1,Portal Eldorado,61919,09:54:00,6.0
1,Portal Eldorado,61919,10:00:00,6.0
1,Portal Eldorado,61919,10:06:00,6.0
1,Portal Eldorado,61919,10:12:00,6.0
1,Portal Eldorado,61919,10:18:00,6.0
1,Portal Eldorado,61919,10:24:00,6.0
1,Portal Eldorado,61919,10:30:00,6.0
1,Portal Eldorado,61919,10:36:00,6.0
1,Portal Eldorado,61919,10:42:00,6.0
1,Portal Eldorado,61919,10:48:00,6.0
1,Portal Eldorado,61919,10:54:00,6.0
1,Portal Eldorado,61919,11:00:00,6.0
1,Portal Eldorado,61919,11:06:00,6.0
1,Portal Eldorado,61919,11:12:00,6.0
1,Portal Eldorado,61919,11:18:00,6.0
1,Portal Eldorado,61919,11:24:00,6.0
1,Portal Eldorado,61919,11:30:00,6.0
1,Portal Eldorado,61919,11:36:00,6.0
1,Portal Eldorado,61919,11:42:00,6.0
1,Portal Eldorado,61919,11:48:00,6.0
1,Portal Eldorado,61919,11:54:00,6.0
1,Portal Eldorado,61919,12:00:00,6.0
1,Portal Eldorado,61919,12:06:00,6.0
1,Portal Eldorado,61919,12:12:00,6.0
1,Portal Eldorado,61919,12:18:00,6.0
1,Portal Eldorado,61919,12:24:00,6.0
1,Portal Eldorado,61919,12:30:00,6.0
1,Portal Eldorado,61919,12:36:00,6.0
1,Portal Eldorado,61919,12:42:00,6.0
1,Portal Eldorado,61919,12:48:00,6.0
1,Portal Eldorado,61919,12:54:00,6.0
1,Portal Eldorado,61919,13:00:00,6.0
1,Portal Eldorado,61919,13:06:00,6.0
1,Portal Eldorado,61919,13:12:00,6.0
1,Portal Eldorado,61919,13:18:00,6.0
1,Portal Eldorado,61919,13:24:00,6.0
1,Portal Eldorado,61919,13:30:00,6.0
1,Portal Eldorado,61919,13:36:00,6.0
1,Portal Eldorado,61919,13:42:00,6.0
1,Portal Eldorado,61919,13:48:00,6.0
1,Portal Eldorado,61919,13:54:00,6.0
1,Portal Eldorado,61919,14:00:00,6.0
1,Portal Eldorado,61919,14:06:00,6.0
1,Portal Eldorado,61919,14:12:00,6.0
1,Portal Eldorado,61919,14:18:00,6.0
1,Portal Eldorado,61919,14:24:00,6.0
1,Portal Eldorado,61919,14:30:00,6.0
1,Portal Eldorado,61919,14:36:00,6.0
1,Portal Eldorado,61919,14:42:00,6.0
1,Portal Eldorado,61919,14:48:00,6.0
1,Portal Eldorado,61919,14:54:00,6.0
1,Portal Eldorado,61919,15:00:00,6.0
1,Portal Eldorado,61919,15:06:00,6.0
1,Portal Eldorado,61919,15:12:00,6.0
1,Portal Eldorado,61919,15:18:00,6.0
1,Portal Eldorado,61919,15:24:00,6.0
1,Portal Eldorado,61919,15:30:00,6.0
1,Portal Eldorado,61919,15:36:00,6.0
1,Portal Eldorado,61919,15:42:00,6.0
1,Portal Eldorado,61919,15:48:00,6.0
1,Portal Eldorado,61919,15:54:00,6.0
1,Portal Eldorado,61919,16:00:00,6.0
1,Portal Eldorado,61919,16:05:00,5.0
1,Portal Eldorado,61919,16:10:00,5.0
1,Portal Eldorado,61919,16:15:00,5.0
1,Portal Eldorado,61919,16:20:00,5.0
1,Portal Eldorado,61919,16:25:00,5.0
1,Portal Eldorado,61919,16:30:00,5.0
1,Portal Eldorado,61919,16:35:00,5.0
1,Portal Eldorado,61919,16:40:00,5.0
1,Portal Eldorado,61919,16:45:00,5.0
1,Portal Eldorado,61919,16:50:00,5.0
1,Portal Eldorado,61919,16:55:00,5.0
1,Portal Eldorado,61919,17:00:00,5.0
1,Portal Eldorado,61919,17:05:00,5.0
1,Portal Eldorado,61919,17:10:00,5.0
1,Portal Eldorado,61919,17:15:00,5.0
1,Portal Eldorado,61919,17:20:00,5.0
1,Portal Eldorado,61919,17:25:00,5.0
1,Portal Eldorado,61919,17:30:00,5.0
1,Portal Eldorado,61919,17:35:00,5.0
1,Portal Eldorado,61919,17:40:00,5.0
1,Portal Eldorado,61919,17:45:00,5.0
1,Portal Eldorado,61919,17:50:00,5.0
1,Portal Eldorado,61919,17:55:00,5.0
1,Portal Eldorado,61919,18:00:00,5.0
1,Portal Eldorado,61919,18:05:00,5.0
1,Portal Eldorado,61919,18:10:00,5.0
1,Portal Eldorado,61919,18:15:00,5.0
1,Portal Eldorado,61919,18:20:00,5.0
1,Portal Eldorado,61919,18:25:00,5.0
1,Portal Eldorado,61919,18:30:00,5.0
1,Portal Eldorado,61919,18:35:00,5.0
1,Portal Eldorado,61919,18:40:00,5.0
1,Portal Eldorado,61919,18:45:00,5.0
1,Portal Eldorado,61919,18:50:00,5.0
1,Portal Eldorado,61919,18:55:00,5.0
1,Portal Eldorado,61919,19:00:00,5.0
1,Portal Eldorado,61919,19:05:00,5.0
1,Portal Eldorado,61919,19:10:00,5.0
1,Portal Eldorado,61919,19:15:00,5.0
1,Portal Eldorado,61919,19:20:00,5.0
1,Portal Eldorado,61919,19:25:00,5.0
1,Portal Eldorado,61919,19:30:00,5.0
1,Portal Eldorado,61919,19:35:00,5.0
1,Portal Eldorado,61919,19:40:00,5.0
1,Portal Eldorado,61919,19:45:00,5.0
1,Portal Eldorado,61919,19:50:00,5.0
1,Portal Eldorado,61919,19:55:00,5.0
1,Portal Eldorado,61919,20:00:00,5.0
1,Portal Eldorado,61919,20:06:00,6.0
1,Portal Eldorado,61919,20:12:00,6.0
1,Portal Eldorado,61919,20:18:00,6.0
1,Portal Eldorado,61919,20:24:00,6.0
1,Portal Eldorado,61919,20:30:00,6.0
1,Portal Eldorado,61919,20:36:00,6.0
1,Portal Eldorado,61919,20:42:00,6.0
1,Portal Eldorado,61919,20:48:00,6.0
1,Portal Eldorado,61919,20:54:00,6.0
1,Portal Eldorado,61919,21:00:00,6.0
1,Portal Eldorado,61919,21:06:00,6.0
1,Portal Eldorado,61919,21:12:00,6.0
1,Portal Eldorado,61919,21:18:00,6.0
1,Portal Eldorado,61919,21:24:00,6.0
1,Portal Eldorado,61919,21:30:00,6.0
1,Portal Eldorado,61919,21:36:00,6.0
1,Portal Eldorado,61919,21:42:00,6.0
1,Portal Eldorado,61919,21:48:00,6.0
1,Portal Eldorado,61919,21:54:00,6.0
1,Portal Eldorado,61919,22:00:00,6.0
1,Portal Eldorado,61919,22:09:15,9.2
1,Portal Eldorado,61919,22:18:30,9.2
1,Portal Eldorado,61919,22:25:30,7.0
1,Portal Eldorado,61919,22:32:00,6.5
1,Portal Eldorado,61919,22:38:30,6.5
1,Portal Eldorado,61919,22:45:00,6.5
1,Portal Eldorado,61919,22:51:30,6.5
1,Portal Eldorado,61919,23:00:00,8.5
4,Portal Sur,61215,04:30:00,0.0
4,Portal Sur,61215,04:36:00,6.0
4,Portal Sur,61215,04:42:00,6.0
4,Portal Sur,61215,04:48:00,6.0
4,Portal Sur,61215,04:54:00,6.0
4,Portal Sur,61215,05:00:00,6.0
4,Portal Sur,61215,05:06:00,6.0
4,Portal Sur,61215,05:12:00,6.0
4,Portal Sur,61215,05:18:00,6.0
4,Portal Sur,61215,05:24:00,6.0
4,Portal Sur,61215,05:30:00,6.0
4,Portal Sur,61215,05:36:00,6.0
4,Portal Sur,61215,05:42:00,6.0
4,Portal Sur,61215,05:48:00,6.0
4,Portal Sur,61215,05:54:00,6.0
4,Portal Sur,61215,06:00:00,6.0
4,Portal Sur,61215,06:06:00,6.0
4,Portal Sur,61215,06:12:00,6.0
4,Portal Sur,61215,06:18:00,6.0
4,Portal Sur,61215,06:24:00,6.0
4,Portal Sur,61215,06:30:00,6.0
4,Portal Sur,61215,06:36:00,6.0
4,Portal Sur,61215,06:42:00,6.0
4,Portal Sur,61215,06:48:00,6.0
4,Portal Sur,61215,06:54:00,6.0
4,Portal Sur,61215,07:00:00,6.0
4,Portal Sur,61215,07:06:00,6.0
4,Portal Sur,61215,07:12:00,6.0
4,Portal Sur,61215,07:18:00,6.0
4,Portal Sur,61215,07:24:00,6.0
4,Portal Sur,61215,07:30:00,6.0
4,Portal Sur,61215,07:36:00,6.0
4,Portal Sur,61215,07:42:00,6.0
4,Portal Sur,61215,07:48:00,6.0
4,Portal Sur,61215,07:54:00,6.0
4,Portal Sur,61215,08:00:00,6.0
4,Portal Sur,61215,08:05:30,5.5
4,Portal Sur,61215,08:11:00,5.5
4,Portal Sur,61215,08:16:30,5.5
4,Portal Sur,61215,08:22:00,5.5
4,Portal Sur,61215,08:27:30,5.5
4,Portal Sur,61215,08:33:00,5.5
4,Portal Sur,61215,08:38:30,5.5
4,Portal Sur,61215,08:44:00,5.5
4,Portal Sur,61215,08:49:30,5.5
4,Portal Sur,61215,08:55:00,5.5
4,Portal Sur,61215,09:00:30,5.5
4,Portal Sur,61215,09:06:00,5.5
4,Portal Sur,61215,09:11:30,5.5
4,Portal Sur,61215,09:17:00,5.5
4,Portal Sur,61215,09:22:30,5.5
4,Portal Sur,61215,09:28:00,5.5
4,Portal Sur,61215,09:33:30,5.5
4,Portal Sur,61215,09:39:00,5.5
4,Portal Sur,61215,09:44:30,5.5
4,Portal Sur,61215,09:50:00,5.5
4,Portal Sur,61215,09:55:30,5.5
4,Portal Sur,61215,10:01:00,5.5
4,Portal Sur,61215,10:07:15,6.2
4,Portal Sur,61215,10:13:30,6.2
4,Portal Sur,61215,10:19:45,6.2
4,Portal Sur,61215,10:26:00,6.2
4,Portal Sur,61215,10:32:15,6.2
4,Portal Sur,61215,10:38:30,6.2
4,Portal Sur,61215,10:44:45,6.2
4,Portal Sur,61215,10:51:00,6.2
4,Portal Sur,61215,10:57:15,6.2
4,Portal Sur,61215,11:03:30,6.2
4,Portal Sur,61215,11:09:45,6.2
4,Portal Sur,61215,11:16:00,6.2
4,Portal Sur,61215,11:22:15,6.2
4,Portal Sur,61215,11:28:30,6.2
4,Portal Sur,61215,11:34:45,6.2
4,Portal Sur,61215,11:41:00,6.2
4,Portal Sur,61215,11:47:15,6.2
4,Portal Sur,61215,11:53:30,6.2
4,Portal Sur,61215,11:59:45,6.2
4,Portal Sur,61215,12:06:00,6.2
4,Portal Sur,61215,12:12:15,6.2
4,Portal Sur,61215,12:18:30,6.2
4,Portal Sur,61215,12:24:45,6.2
4,Portal Sur,61215,12:31:00,6.2
4,Portal Sur,61215,12:37:15,6.2
4,Portal Sur,61215,12:43:30,6.2
4,Portal Sur,61215,12:49:45,6.2
4,Portal Sur,61215,12:56:00,6.2
4,Portal Sur,61215,13:02:15,6.2
4,Portal Sur,61215,13:08:30,6.2
4,Portal Sur,61215,13:14:45,6.2
4,Portal Sur,61215,13:21:00,6.2
4,Portal Sur,61215,13:27:15,6.2
4,Portal Sur,61215,13:33:30,6.2
4,Portal Sur,61215,13:39:15,5.8
4,Portal Sur,61215,13:45:00,5.8
4,Portal Sur,61215,13:50:45,5.8
4,Portal Sur,61215,13:56:30,5.8
4,Portal Sur,61215,14:02:15,5.8
4,Portal Sur,61215,14:08:00,5.8
4,Portal Sur,61215,14:13:45,5.8
4,Portal Sur,61215,14:19:30,5.8
4,Portal Sur,61215,14:25:15,5.8
4,Portal Sur,61215,14:31:00,5.8
4,Portal Sur,61215,14:36:45,5.8
4,Portal Sur,61215,14:42:30,5.8
4,Portal Sur,61215,14:48:15,5.8
4,Portal Sur,61215,14:54:00,5.8
4,Portal Sur,61215,14:59:45,5.8
4,Portal Sur,61215,15:05:30,5.8
4,Portal Sur,61215,15:11:00,5.5
4,Portal Sur,61215,15:16:30,5.5
4,Portal Sur,61215,15:22:00,5.5
4,Portal Sur,61215,15:27:30,5.5
4,Portal Sur,61215,15:33:00,5.5
4,Portal Sur,61215,15:38:30,5.5
4,Portal Sur,61215,15:44:00,5.5
4,Portal Sur,61215,15:49:30,5.5
4,Portal Sur,61215,15:55:00,5.5
4,Portal Sur,61215,16:00:30,5.5
4,Portal Sur,61215,16:06:00,5.5
4,Portal Sur,61215,16:11:30,5.5
4,Portal Sur,61215,16:17:00,5.5
4,Portal Sur,61215,16:22:30,5.5
4,Portal Sur,61215,16:28:00,5.5
4,Portal Sur,61215,16:33:30,5.5
4,Portal Sur,61215,16:39:00,5.5
4,Portal Sur,61215,16:44:30,5.5
4,Portal Sur,61215,16:50:00,5.5
4,Portal Sur,61215,16:55:30,5.5
4,Portal Sur,61215,17:01:00,5.5
4,Portal Sur,61215,17:06:30,5.5
4,Portal Sur,61215,17:12:00,5.5
4,Portal Sur,61215,17:17:30,5.5
4,Portal Sur,61215,17:23:00,5.5
4,Portal Sur,61215,17:28:30,5.5
4,Portal Sur,61215,17:34:00,5.5
4,Portal Sur,61215,17:39:30,5.5
4,Portal Sur,61215,17:45:00,5.5
4,Portal Sur,61215,17:50:30,5.5
4,Portal Sur,61215,17:56:00,5.5
4,Portal Sur,61215,18:01:30,5.5
4,Portal Sur,61215,18:07:00,5.5
4,Portal Sur,61215,18:12:30,5.5
4,Portal Sur,61215,18:18:00,5.5
4,Portal Sur,61215,18:23:30,5.5
4,Portal Sur,61215,18:29:00,5.5
4,Portal Sur,61215,18:34:30,5.5
4,Portal Sur,61215,18:40:00,5.5
4,Portal Sur,61215,18:45:30,5.5
4,Portal Sur,61215,18:51:00,5.5
4,Portal Sur,61215,18:56:30,5.5
4,Portal Sur,61215,19:02:00,5.5
4,Portal Sur,61215,19:07:30,5.5
4,Portal Sur,61215,19:13:00,5.5
4,Portal Sur,61215,19:18:30,5.5
4,Portal Sur,61215,19:24:00,5.5
4,Portal Sur,61215,19:29:30,5.5
4,Portal Sur,61215,19:35:00,5.5
4,Portal Sur,61215,19:40:30,5.5
4,Portal Sur,61215,19:46:00,5.5
4,Portal Sur,61215,19:51:30,5.5
4,Portal Sur,61215,19:57:00,5.5
4,Portal Sur,61215,20:02:30,5.5
4,Portal Sur,61215,20:08:00,5.5
4,Portal Sur,61215,20:13:30,5.5
4,Portal Sur,61215,20:19:00,5.5
4,Portal Sur,61215,20:25:00,6.0
4,Portal Sur,61215,20:31:00,6.0
4,Portal Sur,61215,20:37:00,6.0
4,Portal Sur,61215,20:43:00,6.0
4,Portal Sur,61215,20:49:00,6.0
4,Portal Sur,61215,20:55:00,6.0
4,Portal Sur,61215,21:01:00,6.0
4,Portal Sur,61215,21:07:00,6.0
4,Portal Sur,61215,21:13:00,6.0
4,Portal Sur,61215,21:19:00,6.0
4,Portal Sur,61215,21:25:00,6.0
4,Portal Sur,61215,21:31:00,6.0
4,Portal Sur,61215,21:37:00,6.0
4,Portal Sur,61215,21:43:00,6.0
4,Portal Sur,61215,21:49:00,6.0
4,Portal Sur,61215,21:55:00,6.0
4,Portal Sur,61215,22:01:00,6.0
4,Portal Sur,61215,22:07:00,6.0
4,Portal Sur,61215,22:12:45,5.8
4,Portal Sur,61215,22:18:45,6.0
4,Portal Sur,61215,22:24:30,5.8
4,Portal Sur,61215,22:30:15,5.8
4,Portal Sur,61215,22:35:00,4.8
4,Portal Sur,61215,22:39:45,4.8
4,Portal Sur,61215,22:46:00,6.2
4,Portal Sur,61215,22:53:00,7.0
4,Portal Sur,61215,23:00:00,7.0
4,Portal Sur,61215,23:07:00,7.0
4,Portal Sur,61215,23:14:45,7.8
4,Portal Sur,61215,23:22:30,7.8
4,Portal Sur,61215,23:30:00,7.5
4,Portal Sur,73814,04:30:00,0.0
4,Portal Sur,73814,04:45:00,15.0
7,Portal suba,61521,04:30:00,0.0
7,Portal suba,61521,04:35:00,5.0
7,Portal suba,61521,04:40:00,5.0
7,Portal suba,61521,04:45:00,5.0
7,Portal suba,61521,04:50:00,5.0
7,Portal suba,61521,04:55:00,5.0
7,Portal suba,61521,05:00:00,5.0
7,Portal suba,61521,05:05:00,5.0
7,Portal suba,61521,05:10:00,5.0
7,Portal suba,61521,05:15:00,5.0
7,Portal suba,61521,05:20:00,5.0
7,Portal suba,61521,05:25:00,5.0
7,Portal suba,61521,05:30:00,5.0
7,Portal suba,61521,05:35:00,5.0
7,Portal suba,61521,05:40:00,5.0
7,Portal suba,61521,05:45:00,5.0
7,Portal suba,61521,05:50:00,5.0
7,Portal suba,61521,05:55:00,5.0
7,Portal suba,61521,06:00:00,5.0
7,Portal suba,61521,06:05:00,5.0
7,Portal suba,61521,06:10:00,5.0
7,Portal suba,61521,06:15:00,5.0
7,Portal suba,61521,06:20:00,5.0
7,Portal suba,61521,06:25:00,5.0
7,Portal suba,61521,06:30:00,5.0
7,Portal suba,61521,06:35:00,5.0
7,Portal suba,61521,06:40:00,5.0
7,Portal suba,61521,06:45:00,5.0
7,Portal suba,61521,06:50:00,5.0
7,Portal suba,61521,06:55:00,5.0
7,Portal suba,61521,07:00:00,5.0
7,Portal suba,61521,07:05:00,5.0
7,Portal suba,61521,07:10:00,5.0
7,Portal suba,61521,07:15:00,5.0
7,Portal suba,61521,07:20:00,5.0
7,Portal suba,61521,07:25:00,5.0
7,Portal suba,61521,07:30:00,5.0
7,Portal suba,61521,07:35:00,5.0
7,Portal suba,61521,07:40:00,5.0
7,Portal suba,61521,07:45:00,5.0
7,Portal suba,61521,07:50:00,5.0
7,Portal suba,61521,07:55:00,5.0
7,Portal suba,61521,08:00:00,5.0
7,Portal suba,61521,08:04:45,4.8
7,Portal suba,61521,08:09:30,4.8
7,Portal suba,61521,08:14:15,4.8
7,Portal suba,61521,08:19:00,4.8
7,Portal suba,61521,08:23:45,4.8
7,Portal suba,61521,08:28:30,4.8
7,Portal suba,61521,08:33:15,4.8
7,Portal suba,61521,08:38:00,4.8
7,Portal suba,61521,08:42:45,4.8
7,Portal suba,61521,08:47:30,4.8
7,Portal suba,61521,08:52:15,4.8
7,Portal suba,61521,08:57:00,4.8
7,Portal suba,61521,09:01:45,4.8
7,Portal suba,61521,09:06:30,4.8
7,Portal suba,61521,09:11:15,4.8
7,Portal suba,61521,09:16:00,4.8
7,Portal suba,61521,09:20:45,4.8
7,Portal suba,61521,09:25:30,4.8
7,Portal suba,61521,09:30:15,4.8
7,Portal suba,61521,09:35:00,4.8
7,Portal suba,61521,09:39:45,4.8
7,Portal suba,61521,09:44:30,4.8
7,Portal suba,61521,09:49:15,4.8
7,Portal suba,61521,09:54:00,4.8
7,Portal suba,61521,09:58:45,4.8
7,Portal suba,61521,10:03:30,4.8
7,Portal suba,61521,10:09:30,6.0
7,Portal suba,61521,10:15:30,6.0
7,Portal suba,61521,10:21:30,6.0
7,Portal suba,61521,10:27:30,6.0
7,Portal suba,61521,10:33:30,6.0
7,Portal suba,61521,10:39:30,6.0
7,Portal suba,61521,10:45:30,6.0
7,Portal suba,61521,10:51:30,6.0
7,Portal suba,61521,10:57:30,6.0
7,Portal suba,61521,11:03:30,6.0
7,Portal suba,61521,11:09:30,6.0
7,Portal suba,61521,11:15:30,6.0
7,Portal suba,61521,11:21:30,6.0
7,Portal suba,61521,11:27:30,6.0
7,Portal suba,61521,11:33:30,6.0
7,Portal suba,61521,11:39:30,6.0
7,Portal suba,61521,11:45:30,6.0
7,Portal suba,61521,11:51:30,6.0
7,Portal suba,61521,11:57:30,6.0
7,Portal suba,61521,12:03:30,6.0
7,Portal suba,61521,12:09:30,6.0
7,Portal suba,61521,12:15:30,6.0
7,Portal suba,61521,12:21:30,6.0
7,Portal suba,61521,12:27:30,6.0
7,Portal suba,61521,12:33:30,6.0
7,Portal suba,61521,12:39:30,6.0
7,Portal suba,61521,12:45:30,6.0
7,Portal suba,61521,12:51:30,6.0
7,Portal suba,61521,12:57:30,6.0
7,Portal suba,61521,13:03:30,6.0
7,Portal suba,61521,13:09:30,6.0
7,Portal suba,61521,13:15:30,6.0
7,Portal suba,61521,13:21:30,6.0
7,Portal suba,61521,13:27:30,6.0
7,Portal suba,61521,13:33:30,6.0
7,Portal suba,61521,13:39:30,6.0
7,Portal suba,61521,13:45:30,6.0
7,Portal suba,61521,13:51:30,6.0
7,Portal suba,61521,13:57:30,6.0
7,Portal suba,61521,14:03:30,6.0
7,Portal suba,61521,14:09:30,6.0
7,Portal suba,61521,14:15:30,6.0
7,Portal suba,61521,14:21:30,6.0
7,Portal suba,61521,14:27:30,6.0
7,Portal suba,61521,14:33:30,6.0
7,Portal suba,61521,14:39:30,6.0
7,Portal suba,61521,14:45:30,6.0
7,Portal suba,61521,14:51:30,6.0
7,Portal suba,61521,14:57:30,6.0
7,Portal suba,61521,15:03:30,6.0
7,Portal suba,61521,15:09:30,6.0
7,Portal suba,61521,15:15:30,6.0
7,Portal suba,61521,15:21:30,6.0
7,Portal suba,61521,15:27:30,6.0
7,Portal suba,61521,15:33:30,6.0
7,Portal suba,61521,15:39:30,6.0
7,Portal suba,61521,15:45:30,6.0
7,Portal suba,61521,15:51:30,6.0
7,Portal suba,61521,15:57:30,6.0
7,Portal suba,61521,16:03:30,6.0
7,Portal suba,61521,16:08:30,5.0
7,Portal suba,61521,16:13:30,5.0
7,Portal suba,61521,16:18:30,5.0
7,Portal suba,61521,16:23:30,5.0
7,Portal suba,61521,16:28:30,5.0
7,Portal suba,61521,16:33:30,5.0
7,Portal suba,61521,16:38:30,5.0
7,Portal suba,61521,16:43:30,5.0
7,Portal suba,61521,16:48:30,5.0
7,Portal suba,61521,16:53:30,5.0
7,Portal suba,61521,16:58:30,5.0
7,Portal suba,61521,17:03:30,5.0
7,Portal suba,61521,17:08:30,5.0
7,Portal suba,61521,17:13:30,5.0
7,Portal suba,61521,17:18:30,5.0
7,Portal suba,61521,17:23:30,5.0
7,Portal suba,61521,17:28:30,5.0
7,Portal suba,61521,17:33:30,5.0
7,Portal suba,61521,17:38:30,5.0
7,Portal suba,61521,17:43:30,5.0
7,Portal suba,61521,17:48:30,5.0
7,Portal suba,61521,17:53:30,5.0
7,Portal suba,61521,17:58:30,5.0
7,Portal suba,61521,18:03:30,5.0
7,Portal suba,61521,18:08:00,4.5
7,Portal suba,61521,18:12:30,4.5
7,Portal suba,61521,18:17:00,4.5
7,Portal suba,61521,18:21:30,4.5
7,Portal suba,61521,18:26:00,4.5
7,Portal suba,61521,18:30:30,4.5
7,Portal suba,61521,18:35:00,4.5
7,Portal suba,61521,18:39:30,4.5
7,Portal suba,61521,18:44:00,4.5
7,Portal suba,61521,18:48:30,4.5
7,Portal suba,61521,18:53:00,4.5
7,Portal suba,61521,18:57:30,4.5
7,Portal suba,61521,19:02:00,4.5
7,Portal suba,61521,19:07:30,5.5
7,Portal suba,61521,19:13:00,5.5
7,Portal suba,61521,19:18:30,5.5
7,Portal suba,61521,19:24:00,5.5
7,Portal suba,61521,19:29:30,5.5
7,Portal suba,61521,19:35:00,5.5
7,Portal suba,61521,19:40:30,5.5
7,Portal suba,61521,19:46:00,5.5
7,Portal suba,61521,19:51:30,5.5
7,Portal suba,61521,19:57:00,5.5
7,Portal suba,61521,20:02:30,5.5
7,Portal suba,61521,20:08:30,6.0
7,Portal suba,61521,20:14:30,6.0
7,Portal suba,61521,20:20:30,6.0
7,Portal suba,61521,20:26:30,6.0
7,Portal suba,61521,20:32:30,6.0
7,Portal suba,61521,20:38:30,6.0
7,Portal suba,61521,20:44:30,6.0
7,Portal suba,61521,20:50:30,6.0
7,Portal suba,61521,20:56:30,6.0
7,Portal suba,61521,21:02:30,6.0
7,Portal suba,61521,21:08:30,6.0
7,Portal suba,61521,21:14:30,6.0
7,Portal suba,61521,21:20:30,6.0
7,Portal suba,61521,21:26:30,6.0
7,Portal suba,61521,21:32:30,6.0
7,Portal suba,61521,21:38:30,6.0
7,Portal suba,61521,21:44:30,6.0
7,Portal suba,61521,21:50:30,6.0
7,Portal suba,61521,21:56:30,6.0
7,Portal suba,61521,22:02:30,6.0
7,Portal suba,61521,22:08:30,6.0
7,Portal suba,61521,22:14:30,6.0
7,Portal suba,61521,22:20:30,6.0
7,Portal suba,61521,22:26:30,6.0
7,Portal suba,61521,22:32:15,5.8
7,Portal suba,61521,22:38:00,5.8
7,Portal suba,61521,22:43:45,5.8
7,Portal suba,61521,22:49:30,5.8
7,Portal suba,61521,22:55:15,5.8
7,Portal suba,61521,23:01:00,5.8
7,Portal suba,61521,23:15:45,14.8
7,Portal suba,61521,23:28:00,12.2
7,Portal suba,61521,23:42:30,14.5
7,Portal suba,61521,24:00:00,17.5
F32,Portal Américas,62034,05:00:00,0.0
F32,Portal Américas,62034,05:03:00,3.0
F32,Portal Américas,62034,05:06:00,3.0
F32,Portal Américas,62034,05:09:00,3.0
F32,Portal Américas,62034,05:12:00,3.0
F32,Portal Américas,62034,05:15:00,3.0
F32,Portal Américas,62034,05:18:00,3.0
F32,Portal Américas,62034,05:21:00,3.0
F32,Portal Américas,62034,05:24:00,3.0
F32,Portal Américas,62034,05:27:00,3.0
F32,Portal Américas,62034,05:30:00,3.0
F32,Portal Américas,62034,05:33:00,3.0
F32,Portal Américas,62034,05:36:00,3.0
F32,Portal Américas,62034,05:39:00,3.0
F32,Portal Américas,62034,05:42:00,3.0
F32,Portal Américas,62034,05:45:00,3.0
F32,Portal Américas,62034,05:48:00,3.0
F32,Portal Américas,62034,05:51:00,3.0
F32,Portal Américas,62034,05:54:00,3.0
F32,Portal Américas,62034,05:57:00,3.0
F32,Portal Américas,62034,06:00:00,3.0
F32,Portal Américas,62034,06:04:00,4.0
F32,Portal Américas,62034,06:08:00,4.0
F32,Portal Américas,62034,06:12:00,4.0
F32,Portal Américas,62034,06:16:00,4.0
F32,Portal Américas,62034,06:20:00,4.0
F32,Portal Américas,62034,06:24:00,4.0
F32,Portal Américas,62034,06:28:00,4.0
F32,Portal Américas,62034,06:32:00,4.0
F32,Portal Américas,62034,06:36:00,4.0
F32,Portal Américas,62034,06:40:00,4.0
F32,Portal Américas,62034,06:44:00,4.0
F32,Portal Américas,62034,06:48:00,4.0
F32,Portal Américas,62034,06:52:00,4.0
F32,Portal Américas,62034,06:56:00,4.0
F32,Portal Américas,62034,07:00:00,4.0
F32,Portal Américas,62034,07:06:00,6.0
F32,Portal Américas,62034,07:12:00,6.0
F32,Portal Américas,62034,07:18:00,6.0
F32,Portal Américas,62034,07:24:00,6.0
F32,Portal Américas,62034,07:30:00,6.0
F32,Portal Américas,62034,07:36:00,6.0
F32,Portal Américas,62034,07:42:00,6.0
F32,Portal Américas,62034,07:48:00,6.0
F32,Portal Américas,62034,07:54:00,6.0
F32,Portal Américas,62034,08:00:00,6.0
F32,Portal Américas,62034,08:06:00,6.0
F32,Portal Américas,62034,08:12:00,6.0
F32,Portal Américas,62034,08:18:00,6.0
F32,Portal Américas,62034,08:24:00,6.0
F32,Portal Américas,62034,08:30:00,6.0
F32,Portal Américas,62034,08:36:00,6.0
F32,Portal Américas,62034,08:42:00,6.0
F32,Portal Américas,62034,08:48:00,6.0
F32,Portal Américas,62034,08:54:00,6.0
F32,Portal Américas,62034,09:00:00,6.0
F32,Portal Américas,62034,09:06:00,6.0
F32,Portal Américas,62034,09:12:00,6.0
F32,Portal Américas,62034,09:18:00,6.0
F32,Portal Américas,62034,09:24:00,6.0
F32,Portal Américas,62034,09:30:00,6.0
F32,Portal Américas,62034,09:36:00,6.0
F32,Portal Américas,62034,09:42:00,6.0
F32,Portal Américas,62034,09:48:00,6.0
F32,Portal Américas,62034,09:54:00,6.0
F32,Portal Américas,62034,10:00:00,6.0
F32,Portal Américas,62034,10:06:00,6.0
F32,Portal Américas,62034,10:12:00,6.0
F32,Portal Américas,62034,10:18:00,6.0
F32,Portal Américas,62034,10:24:00,6.0
F32,Portal Américas,62034,10:30:00,6.0
F32,Portal Américas,62034,10:36:00,6.0
F32,Portal Américas,62034,10:42:00,6.0
F32,Portal Américas,62034,10:48:00,6.0
F32,Portal Américas,62034,10:54:00,6.0
F32,Portal Américas,62034,11:00:00,6.0
F32,Portal Américas,62034,11:06:00,6.0
F32,Portal Américas,62034,11:12:00,6.0
F32,Portal Américas,62034,11:18:00,6.0
F32,Portal Américas,62034,11:24:00,6.0
F32,Portal Américas,62034,11:30:00,6.0
F32,Portal Américas,62034,11:36:00,6.0
F32,Portal Américas,62034,11:42:00,6.0
F32,Portal Américas,62034,11:48:00,6.0
F32,Portal Américas,62034,11:54:00,6.0
F32,Portal Américas,62034,12:00:00,6.0
F32,Portal Américas,62034,12:06:00,6.0
F32,Portal Américas,62034,12:12:00,6.0
F32,Portal Américas,62034,12:18:00,6.0
F32,Portal Américas,62034,12:24:00,6.0
F32,Portal Américas,62034,12:30:00,6.0
F32,Portal Américas,62034,12:36:00,6.0
F32,Portal Américas,62034,12:42:00,6.0
F32,Portal Américas,62034,12:48:00,6.0
F32,Portal Américas,62034,12:54:00,6.0
F32,Portal Américas,62034,13:00:00,6.0
F32,Portal Américas,62034,13:06:00,6.0
F32,Portal Américas,62034,13:12:00,6.0
F32,Portal Américas,62034,13:18:00,6.0
F32,Portal Américas,62034,13:24:00,6.0
F32,Portal Américas,62034,13:30:00,6.0
F32,Portal Américas,62034,13:36:00,6.0
F32,Portal Américas,62034,13:42:00,6.0
F32,Portal Américas,62034,13:48:00,6.0
F32,Portal Américas,62034,13:54:00,6.0
F32,Portal Américas,62034,14:00:00,6.0
F32,Portal Américas,62034,14:06:00,6.0
F32,Portal Américas,62034,14:12:00,6.0
F32,Portal Américas,62034,14:18:00,6.0
F32,Portal Américas,62034,14:24:00,6.0
F32,Portal Américas,62034,14:30:00,6.0
F32,Portal Américas,62034,14:36:00,6.0
F32,Portal Américas,62034,14:42:00,6.0
F32,Portal Américas,62034,14:48:00,6.0
F32,Portal Américas,62034,14:54:00,6.0
F32,Portal Américas,62034,15:00:00,6.0
F32,Portal Américas,62034,15:05:00,5.0
F32,Portal Américas,62034,15:10:00,5.0
F32,Portal Américas,62034,15:15:00,5.0
F32,Portal Américas,62034,15:20:00,5.0
F32,Portal Américas,62034,15:25:00,5.0
F32,Portal Américas,62034,15:30:00,5.0
F32,Portal Américas,62034,15:33:30,3.5
F32,Portal Américas,62034,15:37:00,3.5
F32,Portal Américas,62034,15:40:30,3.5
F32,Portal Américas,62034,15:44:00,3.5
F32,Portal Américas,62034,15:47:30,3.5
F32,Portal Américas,62034,15:51:00,3.5
F32,Portal Américas,62034,15:54:30,3.5
F32,Portal Américas,62034,15:58:00,3.5
F32,Portal Américas,62034,16:01:30,3.5
F32,Portal Américas,62034,16:04:30,3.0
F32,Portal Américas,62034,16:07:30,3.0
F32,Portal Américas,62034,16:10:30,3.0
F32,Portal Américas,62034,16:13:30,3.0
F32,Portal Américas,62034,16:16:30,3.0
F32,Portal Américas,62034,16:19:30,3.0
F32,Portal Américas,62034,16:22:30,3.0
F32,Portal Américas,62034,16:25:30,3.0
F32,Portal Américas,62034,16:28:30,3.0
F32,Portal Américas,62034,16:31:30,3.0
F32,Portal Américas,62034,16:34:30,3.0
F32,Portal Américas,62034,16:37:30,3.0
F32,Portal Américas,62034,16:40:30,3.0
F32,Portal Américas,62034,16:43:30,3.0
F32,Portal Américas,62034,16:46:30,3.0
F32,Portal Américas,62034,16:49:30,3.0
F32,Portal Américas,62034,16:52:30,3.0
F32,Portal Américas,62034,16:55:30,3.0
F32,Portal Américas,62034,16:58:30,3.0
F32,Portal Américas,62034,17:01:30,3.0
F32,Portal Américas,62034,17:04:30,3.0
F32,Portal Américas,62034,17:07:30,3.0
F32,Portal Américas,62034,17:10:30,3.0
F32,Portal Américas,62034,17:13:30,3.0
F32,Portal Américas,62034,17:16:30,3.0
F32,Portal Américas,62034,17:19:30,3.0
F32,Portal Américas,62034,17:22:30,3.0
F32,Portal Américas,62034,17:25:30,3.0
F32,Portal Américas,62034,17:28:30,3.0
F32,Portal Américas,62034,17:31:30,3.0
F32,Portal Américas,62034,17:34:30,3.0
F32,Portal Américas,62034,17:37:30,3.0
F32,Portal Américas,62034,17:40:30,3.0
F32,Portal Américas,62034,17:43:30,3.0
F32,Portal Américas,62034,17:46:30,3.0
F32,Portal Américas,62034,17:49:30,3.0
F32,Portal Américas,62034,17:52:30,3.0
F32,Portal Américas,62034,17:55:30,3.0
F32,Portal Américas,62034,17:58:30,3.0
F32,Portal Américas,62034,18:01:30,3.0
F32,Portal Américas,62034,18:04:30,3.0
F32,Portal Américas,62034,18:07:30,3.0
F32,Portal Américas,62034,18:10:30,3.0
F32,Portal Américas,62034,18:13:30,3.0
F32,Portal Américas,62034,18:16:30,3.0
F32,Portal Américas,62034,18:19:30,3.0
F32,Portal Américas,62034,18:22:30,3.0
F32,Portal Américas,62034,18:25:30,3.0
F32,Portal Américas,62034,18:28:30,3.0
F32,Portal Américas,62034,18:31:30,3.0
F32,Portal Américas,62034,18:34:45,3.2
F32,Portal Américas,62034,18:38:00,3.2
F32,Portal Américas,62034,18:41:15,3.2
F32,Portal Américas,62034,18:44:30,3.2
F32,Portal Américas,62034,18:47:45,3.2
F32,Portal Américas,62034,18:51:00,3.2
F32,Portal Américas,62034,18:54:15,3.2
F32,Portal Américas,62034,18:57:30,3.2
F32,Portal Américas,62034,19:00:45,3.2
F32,Portal Américas,62034,19:04:45,4.0
F32,Portal Américas,62034,19:08:45,4.0
F32,Portal Américas,62034,19:12:45,4.0
F32,Portal Américas,62034,19:16:45,4.0
F32,Portal Américas,62034,19:20:45,4.0
F32,Portal Américas,62034,19:24:45,4.0
F32,Portal Américas,62034,19:28:45,4.0
F32,Portal Américas,62034,19:32:45,4.0
F32,Portal Américas,62034,19:37:45,5.0
F32,Portal Américas,62034,19:42:45,5.0
F32,Portal Américas,62034,19:47:45,5.0
F32,Portal Américas,62034,19:52:45,5.0
F32,Portal Américas,62034,19:57:45,5.0
F32,Portal Américas,62034,20:02:45,5.0
F32,Portal Américas,62034,20:08:45,6.0
F32,Portal Américas,62034,20:14:45,6.0
F32,Portal Américas,62034,20:20:45,6.0
F32,Portal Américas,62034,20:26:45,6.0
F32,Portal Américas,62034,20:32:45,6.0
F32,Portal Américas,62034,20:38:45,6.0
F32,Portal Américas,62034,20:44:45,6.0
F32,Portal Américas,62034,20:50:45,6.0
F32,Portal Américas,62034,20:56:45,6.0
F32,Portal Américas,62034,21:02:30,5.8
F32,Portal Américas,62034,21:08:15,5.8
F32,Portal Américas,62034,21:14:00,5.8
F32,Portal Américas,62034,21:20:00,6.0
F32,Portal Américas,62034,21:24:45,4.8
F32,Portal Américas,62034,21:29:30,4.8
F32,Portal Américas,62034,21:34:15,4.8
F32,Portal Américas,62034,21:40:00,5.8
F32,Portal Américas,62034,21:47:00,7.0
F32,Portal Américas,62034,21:53:00,6.0
F32,Portal Américas,62034,22:00:00,7.0
L41,Bicentenario,62285,04:30:00,0.0
L41,Bicentenario,62285,04:34:30,4.5
L41,Bicentenario,62285,04:39:00,4.5
L41,Bicentenario,62285,04:43:30,4.5
L41,Bicentenario,62285,04:48:00,4.5
L41,Bicentenario,62285,04:52:30,4.5
L41,Bicentenario,62285,04:57:00,4.5
L41,Bicentenario,62285,05:01:30,4.5
L41,Bicentenario,62285,05:05:45,4.2
L41,Bicentenario,62285,05:10:00,4.2
L41,Bicentenario,62285,05:14:15,4.2
L41,Bicentenario,62285,05:18:30,4.2
L41,Bicentenario,62285,05:21:30,3.0
L41,Bicentenario,62285,05:24:30,3.0
L41,Bicentenario,62285,05:27:30,3.0
L41,Bicentenario,62285,05:30:30,3.0
L41,Bicentenario,62285,05:33:30,3.0
L41,Bicentenario,62285,05:36:30,3.0
L41,Bicentenario,62285,05:39:30,3.0
L41,Bicentenario,62285,05:42:30,3.0
L41,Bicentenario,62285,05:45:30,3.0
L41,Bicentenario,62285,05:48:30,3.0
L41,Bicentenario,62285,05:51:30,3.0
L41,Bicentenario,62285,05:54:30,3.0
L41,Bicentenario,62285,05:57:30,3.0
L41,Bicentenario,62285,06:00:30,3.0
L41,Bicentenario,62285,06:03:30,3.0
L41,Bicentenario,62285,06:06:30,3.0
L41,Bicentenario,62285,06:09:30,3.0
L41,Bicentenario,62285,06:12:30,3.0
L41,Bicentenario,62285,06:15:30,3.0
L41,Bicentenario,62285,06:18:30,3.0
L41,Bicentenario,62285,06:21:30,3.0
L41,Bicentenario,62285,06:24:30,3.0
L41,Bicentenario,62285,06:27:30,3.0
L41,Bicentenario,62285,06:30:30,3.0
L41,Bicentenario,62285,06:33:30,3.0
L41,Bicentenario,62285,06:36:30,3.0
L41,Bicentenario,62285,06:39:30,3.0
L41,Bicentenario,62285,06:42:30,3.0
L41,Bicentenario,62285,06:45:30,3.0
L41,Bicentenario,62285,06:48:30,3.0
L41,Bicentenario,62285,06:51:30,3.0
L41,Bicentenario,62285,06:54:30,3.0
L41,Bicentenario,62285,06:57:30,3.0
L41,Bicentenario,62285,07:00:30,3.0
L41,Bicentenario,62285,07:03:45,3.2
L41,Bicentenario,62285,07:07:00,3.2
L41,Bicentenario,62285,07:10:15,3.2
L41,Bicentenario,62285,07:13:30,3.2
L41,Bicentenario,62285,07:16:45,3.2
L41,Bicentenario,62285,07:20:00,3.2
L41,Bicentenario,62285,07:23:15,3.2
L41,Bicentenario,62285,07:26:30,3.2
L41,Bicentenario,62285,07:29:45,3.2
L41,Bicentenario,62285,07:33:00,3.2
L41,Bicentenario,62285,07:36:15,3.2
L41,Bicentenario,62285,07:39:30,3.2
L41,Bicentenario,62285,07:42:45,3.2
L41,Bicentenario,62285,07:46:00,3.2
L41,Bicentenario,62285,07:49:15,3.2
L41,Bicentenario,62285,07:52:30,3.2
L41,Bicentenario,62285,07:55:45,3.2
L41,Bicentenario,62285,07:59:00,3.2
L41,Bicentenario,62285,08:02:15,3.2
L41,Bicentenario,62285,08:05:30,3.2
L41,Bicentenario,62285,08:08:45,3.2
L41,Bicentenario,62285,08:12:00,3.2
L41,Bicentenario,62285,08:15:15,3.2
L41,Bicentenario,62285,08:18:30,3.2
L41,Bicentenario,62285,08:21:45,3.2
L41,Bicentenario,62285,08:25:00,3.2
L41,Bicentenario,62285,08:28:15,3.2
L41,Bicentenario,62285,08:31:30,3.2
L41,Bicentenario,62285,08:35:15,3.8
L41,Bicentenario,62285,08:39:00,3.8
L41,Bicentenario,62285,08:42:45,3.8
L41,Bicentenario,62285,08:46:30,3.8
L41,Bicentenario,62285,08:50:45,4.2
L41,Bicentenario,62285,08:55:00,4.2
L41,Bicentenario,62285,08:59:15,4.2
L41,Bicentenario,62285,09:03:30,4.2
L41,Bicentenario,62285,09:09:00,5.5
L41,Bicentenario,62285,09:14:30,5.5
L41,Bicentenario,62285,09:20:00,5.5
L41,Bicentenario,62285,09:25:30,5.5
L41,Bicentenario,62285,09:31:00,5.5
L41,Bicentenario,62285,09:36:30,5.5
L41,Bicentenario,62285,09:42:00,5.5
L41,Bicentenario,62285,09:47:30,5.5
L41,Bicentenario,62285,09:53:00,5.5
L41,Bicentenario,62285,09:58:30,5.5
L41,Bicentenario,62285,10:04:00,5.5
L41,Bicentenario,62285,10:09:45,5.8
L41,Bicentenario,62285,10:15:30,5.8
L41,Bicentenario,62285,10:21:15,5.8
L41,Bicentenario,62285,10:27:00,5.8
L41,Bicentenario,62285,10:32:45,5.8
L41,Bicentenario,62285,10:38:45,6.0
L41,Bicentenario,62285,10:44:45,6.0
L41,Bicentenario,62285,10:50:45,6.0
L41,Bicentenario,62285,10:56:45,6.0
L41,Bicentenario,62285,11:02:45,6.0
L41,Bicentenario,62285,11:08:45,6.0
L41,Bicentenario,62285,11:14:45,6.0
L41,Bicentenario,62285,11:20:45,6.0
L41,Bicentenario,62285,11:26:45,6.0
L41,Bicentenario,62285,11:32:45,6.0
L41,Bicentenario,62285,11:38:45,6.0
L41,Bicentenario,62285,11:44:45,6.0
L41,Bicentenario,62285,11:50:45,6.0
L41,Bicentenario,62285,11:56:45,6.0
L41,Bicentenario,62285,12:02:45,6.0
L41,Bicentenario,62285,12:08:45,6.0
L41,Bicentenario,62285,12:14:45,6.0
L41,Bicentenario,62285,12:20:45,6.0
L41,Bicentenario,62285,12:26:45,6.0
L41,Bicentenario,62285,12:32:45,6.0
L41,Bicentenario,62285,12:38:45,6.0
L41,Bicentenario,62285,12:44:45,6.0
L41,Bicentenario,62285,12:50:45,6.0
L41,Bicentenario,62285,12:56:45,6.0
L41,Bicentenario,62285,13:02:45,6.0
L41,Bicentenario,62285,13:08:45,6.0
L41,Bicentenario,62285,13:14:45,6.0
L41,Bicentenario,62285,13:20:45,6.0
L41,Bicentenario,62285,13:26:45,6.0
L41,Bicentenario,62285,13:32:45,6.0
L41,Bicentenario,62285,13:38:45,6.0
L41,Bicentenario,62285,13:44:45,6.0
L41,Bicentenario,62285,13:50:45,6.0
L41,Bicentenario,62285,13:56:45,6.0
L41,Bicentenario,62285,14:02:45,6.0
L41,Bicentenario,62285,14:08:45,6.0
L41,Bicentenario,62285,14:14:45,6.0
L41,Bicentenario,62285,14:20:45,6.0
L41,Bicentenario,62285,14:26:45,6.0
L41,Bicentenario,62285,14:32:45,6.0
L41,Bicentenario,62285,14:38:45,6.0
L41,Bicentenario,62285,14:44:45,6.0
L41,Bicentenario,62285,14:50:45,6.0
L41,Bicentenario,62285,14:56:45,6.0
L41,Bicentenario,62285,15:02:45,6.0
L41,Bicentenario,62285,15:08:45,6.0
L41,Bicentenario,62285,15:14:45,6.0
L41,Bicentenario,62285,15:20:45,6.0
L41,Bicentenario,62285,15:26:45,6.0
L41,Bicentenario,62285,15:32:45,6.0
L41,Bicentenario,62285,15:38:45,6.0
L41,Bicentenario,62285,15:44:45,6.0
L41,Bicentenario,62285,15:50:45,6.0
L41,Bicentenario,62285,15:56:45,6.0
L41,Bicentenario,62285,16:02:45,6.0
L41,Bicentenario,62285,16:10:45,8.0
L41,Bicentenario,62285,16:18:45,8.0
L41,Bicentenario,62285,16:26:45,8.0
L41,Bicentenario,62285,16:34:45,8.0
L41,Bicentenario,62285,16:42:45,8.0
L41,Bicentenario,62285,16:50:45,8.0
L41,Bicentenario,62285,16:58:45,8.0
L41,Bicentenario,62285,17:06:45,8.0
L41,Bicentenario,62285,17:14:45,8.0
L41,Bicentenario,62285,17:22:45,8.0
L41,Bicentenario,62285,17:30:45,8.0
L41,Bicentenario,62285,17:38:45,8.0
L41,Bicentenario,62285,17:46:45,8.0
L41,Bicentenario,62285,17:54:45,8.0
L41,Bicentenario,62285,18:02:45,8.0
L41,Bicentenario,62285,18:10:45,8.0
L41,Bicentenario,62285,18:18:45,8.0
L41,Bicentenario,62285,18:26:45,8.0
L41,Bicentenario,62285,18:34:45,8.0
L41,Bicentenario,62285,18:42:45,8.0
L41,Bicentenario,62285,18:50:45,8.0
L41,Bicentenario,62285,18:58:45,8.0
L41,Bicentenario,62285,19:06:45,8.0
L41,Bicentenario,62285,19:14:45,8.0
L41,Bicentenario,62285,19:22:45,8.0
L41,Bicentenario,62285,19:30:45,8.0
L41,Bicentenario,62285,19:38:45,8.0
L41,Bicentenario,62285,19:46:45,8.0
L41,Bicentenario,62285,19:54:45,8.0
L41,Bicentenario,62285,20:02:45,8.0
L41,Bicentenario,62285,20:10:45,8.0
L41,Bicentenario,62285,20:18:45,8.0
L41,Bicentenario,62285,20:26:45,8.0
L41,Bicentenario,62285,20:33:30,6.8
L41,Bicentenario,62285,20:43:45,10.2
L41,Bicentenario,62285,20:52:30,8.8
L41,Bicentenario,62285,21:00:00,7.5
G42,San Mateo,61608,04:30:00,0.0
G42,San Mateo,61608,04:35:00,5.0
G42,San Mateo,61608,04:40:00,5.0
G42,San Mateo,61608,04:45:00,5.0
G42,San Mateo,61608,04:50:00,5.0
G42,San Mateo,61608,04:55:00,5.0
G42,San Mateo,61608,05:00:00,5.0
G42,San Mateo,61608,05:05:00,5.0
G42,San Mateo,61608,05:10:00,5.0
G42,San Mateo,61608,05:15:00,5.0
G42,San Mateo,61608,05:20:00,5.0
G42,San Mateo,61608,05:25:00,5.0
G42,San Mateo,61608,05:30:00,5.0
G42,San Mateo,61608,05:37:00,7.0
G42,San Mateo,61608,05:44:00,7.0
G42,San Mateo,61608,05:51:00,7.0
G42,San Mateo,61608,05:58:00,7.0
G42,San Mateo,61608,06:05:00,7.0
G42,San Mateo,61608,06:12:00,7.0
G42,San Mateo,61608,06:19:00,7.0
G42,San Mateo,61608,06:26:00,7.0
G42,San Mateo,61608,06:33:00,7.0
G42,San Mateo,61608,06:40:00,7.0
G42,San Mateo,61608,06:47:00,7.0
G42,San Mateo,61608,06:54:00,7.0
G42,San Mateo,61608,07:01:00,7.0
G42,San Mateo,61608,07:08:00,7.0
G42,San Mateo,61608,07:15:00,7.0
G42,San Mateo,61608,07:22:00,7.0
G42,San Mateo,61608,07:29:00,7.0
G42,San Mateo,61608,07:36:00,7.0
G42,San Mateo,61608,07:43:00,7.0
G42,San Mateo,61608,07:50:00,7.0
G42,San Mateo,61608,07:57:00,7.0
G42,San Mateo,61608,08:04:00,7.0
G42,San Mateo,61608,08:11:00,7.0
G42,San Mateo,61608,08:18:00,7.0
G42,San Mateo,61608,08:25:00,7.0
G42,San Mateo,61608,08:32:00,7.0
G42,San Mateo,61608,08:38:45,6.8
G42,San Mateo,61608,08:45:30,6.8
G42,San Mateo,61608,08:51:15,5.8
G42,San Mateo,61608,08:57:00,5.8
G42,San Mateo,61608,09:02:45,5.8
G42,San Mateo,61608,09:08:30,5.8
G42,San Mateo,61608,09:14:15,5.8
G42,San Mateo,61608,09:20:00,5.8
G42,San Mateo,61608,09:25:45,5.8
G42,San Mateo,61608,09:31:30,5.8
G42,San Mateo,61608,09:37:15,5.8
G42,San Mateo,61608,09:43:00,5.8
G42,San Mateo,61608,09:48:45,5.8
G42,San Mateo,61608,09:54:30,5.8
G42,San Mateo,61608,10:00:15,5.8
G42,San Mateo,61608,10:06:00,5.8
G42,San Mateo,61608,10:11:45,5.8
G42,San Mateo,61608,10:17:30,5.8
G42,San Mateo,61608,10:23:15,5.8
G42,San Mateo,61608,10:29:00,5.8
G42,San Mateo,61608,10:34:45,5.8
G42,San Mateo,61608,10:40:30,5.8
G42,San Mateo,61608,10:46:15,5.8
G42,San Mateo,61608,10:52:00,5.8
G42,San Mateo,61608,10:57:45,5.8
G42,San Mateo,61608,11:03:30,5.8
G42,San Mateo,61608,11:09:15,5.8
G42,San Mateo,61608,11:15:00,5.8
G42,San Mateo,61608,11:20:45,5.8
G42,San Mateo,61608,11:26:30,5.8
G42,San Mateo,61608,11:32:15,5.8
G42,San Mateo,61608,11:38:00,5.8
G42,San Mateo,61608,11:43:45,5.8
G42,San Mateo,61608,11:49:30,5.8
G42,San Mateo,61608,11:55:15,5.8
G42,San Mateo,61608,12:01:00,5.8
G42,San Mateo,61608,12:06:45,5.8
G42,San Mateo,61608,12:12:30,5.8
G42,San Mateo,61608,12:18:15,5.8
G42,San Mateo,61608,12:23:45,5.5
G42,San Mateo,61608,12:29:15,5.5
G42,San Mateo,61608,12:34:45,5.5
G42,San Mateo,61608,12:39:45,5.0
G42,San Mateo,61608,12:44:45,5.0
G42,San Mateo,61608,12:49:45,5.0
G42,San Mateo,61608,12:54:45,5.0
G42,San Mateo,61608,12:59:45,5.0
G42,San Mateo,61608,13:04:45,5.0
G42,San Mateo,61608,13:09:45,5.0
G42,San Mateo,61608,13:14:45,5.0
G42,San Mateo,61608,13:19:45,5.0
G42,San Mateo,61608,13:24:45,5.0
G42,San Mateo,61608,13:29:45,5.0
G42,San Mateo,61608,13:34:45,5.0
G42,San Mateo,61608,13:39:45,5.0
G42,San Mateo,61608,13:44:45,5.0
G42,San Mateo,61608,13:49:45,5.0
G42,San Mateo,61608,13:54:45,5.0
G42,San Mateo,61608,13:59:45,5.0
G42,San Mateo,61608,14:04:45,5.0
G42,San Mateo,61608,14:09:45,5.0
G42,San Mateo,61608,14:14:45,5.0
G42,San Mateo,61608,14:19:45,5.0
G42,San Mateo,61608,14:24:45,5.0
G42,San Mateo,61608,14:29:45,5.0
G42,San Mateo,61608,14:34:45,5.0
G42,San Mateo,61608,14:39:30,4.8
G42,San Mateo,61608,14:44:15,4.8
G42,San Mateo,61608,14:49:00,4.8
G42,San Mateo,61608,14:53:30,4.5
G42,San Mateo,61608,14:58:00,4.5
G42,San Mateo,61608,15:02:30,4.5
G42,San Mateo,61608,15:06:15,3.8
G42,San Mateo,61608,15:10:00,3.8
G42,San Mateo,61608,15:13:45,3.8
G42,San Mateo,61608,15:17:30,3.8
G42,San Mateo,61608,15:21:00,3.5
G42,San Mateo,61608,15:24:30,3.5
G42,San Mateo,61608,15:28:00,3.5
G42,San Mateo,61608,15:31:30,3.5
G42,San Mateo,61608,15:35:00,3.5
G42,San Mateo,61608,15:38:30,3.5
G42,San Mateo,61608,15:42:00,3.5
G42,San Mateo,61608,15:45:30,3.5
G42,San Mateo,61608,15:49:00,3.5
G42,San Mateo,61608,15:52:30,3.5
G42,San Mateo,61608,15:56:00,3.5
G42,San Mateo,61608,15:59:30,3.5
G42,San Mateo,61608,16:03:00,3.5
G42,San Mateo,61608,16:06:30,3.5
G42,San Mateo,61608,16:10:00,3.5
G42,San Mateo,61608,16:13:30,3.5
G42,San Mateo,61608,16:17:00,3.5
G42,San Mateo,61608,16:20:30,3.5
G42,San Mateo,61608,16:24:00,3.5
G42,San Mateo,61608,16:27:30,3.5
G42,San Mateo,61608,16:31:00,3.5
G42,San Mateo,61608,16:34:00,3.0
G42,San Mateo,61608,16:37:00,3.0
G42,San Mateo,61608,16:40:00,3.0
G42,San Mateo,61608,16:43:00,3.0
G42,San Mateo,61608,16:46:00,3.0
G42,San Mateo,61608,16:49:00,3.0
G42,San Mateo,61608,16:52:00,3.0
G42,San Mateo,61608,16:55:00,3.0
G42,San Mateo,61608,16:58:00,3.0
G42,San Mateo,61608,17:01:00,3.0
G42,San Mateo,61608,17:04:00,3.0
G42,San Mateo,61608,17:07:00,3.0
G42,San Mateo,61608,17:10:00,3.0
G42,San Mateo,61608,17:13:00,3.0
G42,San Mateo,61608,17:16:00,3.0
G42,San Mateo,61608,17:19:00,3.0
G42,San Mateo,61608,17:22:00,3.0
G42,San Mateo,61608,17:25:00,3.0
G42,San Mateo,61608,17:28:00,3.0
G42,San Mateo,61608,17:31:00,3.0
G42,San Mateo,61608,17:34:00,3.0
G42,San Mateo,61608,17:37:00,3.0
G42,San Mateo,61608,17:40:00,3.0
G42,San Mateo,61608,17:43:00,3.0
G42,San Mateo,61608,17:46:00,3.0
G42,San Mateo,61608,17:49:00,3.0
G42,San Mateo,61608,17:52:00,3.0
G42,San Mateo,61608,17:55:00,3.0
G42,San Mateo,61608,17:58:00,3.0
G42,San Mateo,61608,18:01:00,3.0
G42,San Mateo,61608,18:04:00,3.0
G42,San Mateo,61608,18:07:00,3.0
G42,San Mateo,61608,18:10:00,3.0
G42,San Mateo,61608,18:13:00,3.0
G42,San Mateo,61608,18:16:00,3.0
G42,San Mateo,61608,18:19:00,3.0
G42,San Mateo,61608,18:22:00,3.0
G42,San Mateo,61608,18:25:00,3.0
G42,San Mateo,61608,18:28:00,3.0
G42,San Mateo,61608,18:31:00,3.0
G42,San Mateo,61608,18:34:00,3.0
G42,San Mateo,61608,18:37:00,3.0
G42,San Mateo,61608,18:40:00,3.0
G42,San Mateo,61608,18:43:00,3.0
G42,San Mateo,61608,18:46:00,3.0
G42,San Mateo,61608,18:49:00,3.0
G42,San Mateo,61608,18:52:00,3.0
G42,San Mateo,61608,18:55:00,3.0
G42,San Mateo,61608,18:58:00,3.0
G42,San Mateo,61608,19:01:00,3.0
G42,San Mateo,61608,19:04:15,3.2
G42,San Mateo,61608,19:07:30,3.2
G42,San Mateo,61608,19:10:45,3.2
G42,San Mateo,61608,19:14:00,3.2
G42,San Mateo,61608,19:17:15,3.2
G42,San Mateo,61608,19:21:15,4.0
G42,San Mateo,61608,19:25:15,4.0
G42,San Mateo,61608,19:29:15,4.0
G42,San Mateo,61608,19:33:15,4.0
G42,San Mateo,61608,19:37:45,4.5
G42,San Mateo,61608,19:42:15,4.5
G42,San Mateo,61608,19:46:45,4.5
G42,San Mateo,61608,19:51:15,4.5
G42,San Mateo,61608,19:55:45,4.5
G42,San Mateo,61608,20:00:15,4.5
G42,San Mateo,61608,20:04:45,4.5
G42,San Mateo,61608,20:09:15,4.5
G42,San Mateo,61608,20:13:45,4.5
G42,San Mateo,61608,20:18:15,4.5
G42,San Mateo,61608,20:22:45,4.5
G42,San Mateo,61608,20:27:15,4.5
G42,San Mateo,61608,20:31:45,4.5
G42,San Mateo,61608,20:36:15,4.5
G42,San Mateo,61608,20:40:45,4.5
G42,San Mateo,61608,20:45:15,4.5
G42,San Mateo,61608,20:49:45,4.5
G42,San Mateo,61608,20:54:15,4.5
G42,San Mateo,61608,20:58:45,4.5
G42,San Mateo,61608,21:03:15,4.5
G42,San Mateo,61608,21:07:45,4.5
G42,San Mateo,61608,21:12:15,4.5
G42,San Mateo,61608,21:16:45,4.5
G42,San Mateo,61608,21:21:15,4.5
G42,San Mateo,61608,21:25:45,4.5
G42,San Mateo,61608,21:30:15,4.5
G42,San Mateo,61608,21:34:45,4.5
G42,San Mateo,61608,21:39:15,4.5
G42,San Mateo,61608,21:43:45,4.5
G42,San Mateo,61608,21:48:15,4.5
G42,San Mateo,61608,21:52:45,4.5
G42,San Mateo,61608,21:57:15,4.5
G42,San Mateo,61608,22:01:45,4.5
G42,San Mateo,61608,22:06:30,4.8
G42,San Mateo,61608,22:11:15,4.8
G42,San Mateo,61608,22:16:00,4.8
G42,San Mateo,61608,22:21:00,5.0
G42,San Mateo,61608,22:26:00,5.0
G42,San Mateo,61608,22:31:00,5.0
G42,San Mateo,61608,22:36:45,5.8
G42,San Mateo,61608,22:42:15,5.5
G42,San Mateo,61608,22:47:45,5.5
G42,San Mateo,61608,22:53:45,6.0
G42,San Mateo,61608,22:59:15,5.5
G42,San Mateo,61608,23:06:15,7.0
G42,San Mateo,61608,23:14:00,7.8
G42,San Mateo,61608,23:21:45,7.8
G42,San Mateo,61608,23:30:00,8.2
B46,Portal Norte,62287,04:00:00,0.0
B46,Portal Norte,62287,04:04:00,4.0
B46,Portal Norte,62287,04:08:00,4.0
B46,Portal Norte,62287,04:12:00,4.0
B46,Portal Norte,62287,04:16:00,4.0
B46,Portal Norte,62287,04:20:00,4.0
B46,Portal Norte,62287,04:24:00,4.0
B46,Portal Norte,62287,04:28:00,4.0
B46,Portal Norte,62287,04:32:00,4.0
B46,Portal Norte,62287,04:36:00,4.0
B46,Portal Norte,62287,04:40:00,4.0
B46,Portal Norte,62287,04:44:00,4.0
B46,Portal Norte,62287,04:48:00,4.0
B46,Portal Norte,62287,04:51:30,3.5
B46,Portal Norte,62287,04:55:00,3.5
B46,Portal Norte,62287,04:58:30,3.5
B46,Portal Norte,62287,05:02:00,3.5
B46,Portal Norte,62287,05:05:30,3.5
B46,Portal Norte,62287,05:09:00,3.5
B46,Portal Norte,62287,05:12:30,3.5
B46,Portal Norte,62287,05:16:00,3.5
B46,Portal Norte,62287,05:19:30,3.5
B46,Portal Norte,62287,05:23:00,3.5
B46,Portal Norte,62287,05:26:30,3.5
B46,Portal Norte,62287,05:30:00,3.5
B46,Portal Norte,62287,05:33:30,3.5
B46,Portal Norte,62287,05:37:00,3.5
B46,Portal Norte,62287,05:40:30,3.5
B46,Portal Norte,62287,05:44:00,3.5
B46,Portal Norte,62287,05:47:30,3.5
B46,Portal Norte,62287,05:51:00,3.5
B46,Portal Norte,62287,05:54:30,3.5
B46,Portal Norte,62287,05:58:00,3.5
B46,Portal Norte,62287,06:01:30,3.5
B46,Portal Norte,62287,06:05:00,3.5
B46,Portal Norte,62287,06:08:30,3.5
B46,Portal Norte,62287,06:12:00,3.5
B46,Portal Norte,62287,06:15:30,3.5
B46,Portal Norte,62287,06:19:00,3.5
B46,Portal Norte,62287,06:22:30,3.5
B46,Portal Norte,62287,06:26:00,3.5
B46,Portal Norte,62287,06:29:30,3.5
B46,Portal Norte,62287,06:33:00,3.5
B46,Portal Norte,62287,06:36:30,3.5
B46,Portal Norte,62287,06:40:00,3.5
B46,Portal Norte,62287,06:43:30,3.5
B46,Portal Norte,62287,06:47:00,3.5
B46,Portal Norte,62287,06:50:30,3.5
B46,Portal Norte,62287,06:54:00,3.5
B46,Portal Norte,62287,06:57:30,3.5
B46,Portal Norte,62287,07:01:00,3.5
B46,Portal Norte,62287,07:04:30,3.5
B46,Portal Norte,62287,07:08:00,3.5
B46,Portal Norte,62287,07:11:30,3.5
B46,Portal Norte,62287,07:15:00,3.5
B46,Portal Norte,62287,07:18:30,3.5
B46,Portal Norte,62287,07:22:00,3.5
B46,Portal Norte,62287,07:25:30,3.5
B46,Portal Norte,62287,07:29:00,3.5
B46,Portal Norte,62287,07:32:30,3.5
B46,Portal Norte,62287,07:36:00,3.5
B46,Portal Norte,62287,07:39:30,3.5
B46,Portal Norte,62287,07:43:00,3.5
B46,Portal Norte,62287,07:46:30,3.5
B46,Portal Norte,62287,07:50:45,4.2
B46,Portal Norte,62287,07:55:00,4.2
B46,Portal Norte,62287,07:59:15,4.2
B46,Portal Norte,62287,08:03:30,4.2
B46,Portal Norte,62287,08:07:45,4.2
B46,Portal Norte,62287,08:12:00,4.2
B46,Portal Norte,62287,08:16:00,4.0
B46,Portal Norte,62287,08:20:15,4.2
B46,Portal Norte,62287,08:24:45,4.5
B46,Portal Norte,62287,08:28:15,3.5
B46,Portal Norte,62287,08:32:45,4.5
B46,Portal Norte,62287,08:37:15,4.5
B46,Portal Norte,62287,08:40:45,3.5
B46,Portal Norte,62287,08:45:45,5.0
B46,Portal Norte,62287,08:50:30,4.8
B46,Portal Norte,62287,08:55:15,4.8
B46,Portal Norte,62287,09:00:00,4.8
B46,Portal Norte,62287,15:00:00,360.0
B46,Portal Norte,62287,15:08:00,8.0
B46,Portal Norte,62287,15:16:00,8.0
B46,Portal Norte,62287,15:24:00,8.0
B46,Portal Norte,62287,15:32:00,8.0
B46,Portal Norte,62287,15:40:00,8.0
B46,Portal Norte,62287,15:48:00,8.0
B46,Portal Norte,62287,15:56:00,8.0
B46,Portal Norte,62287,16:04:00,8.0
B46,Portal Norte,62287,16:12:00,8.0
B46,Portal Norte,62287,16:20:00,8.0
B46,Portal Norte,62287,16:28:00,8.0
B46,Portal Norte,62287,16:36:00,8.0
B46,Portal Norte,62287,16:44:00,8.0
B46,Portal Norte,62287,16:52:00,8.0
B46,Portal Norte,62287,17:00:00,8.0
B46,Portal Norte,62287,17:08:00,8.0
B46,Portal Norte,62287,17:16:00,8.0
B46,Portal Norte,62287,17:24:00,8.0
B46,Portal Norte,62287,17:32:00,8.0
B46,Portal Norte,62287,17:40:00,8.0
B46,Portal Norte,62287,17:48:00,8.0
B46,Portal Norte,62287,17:56:00,8.0
B46,Portal Norte,62287,18:04:00,8.0
B46,Portal Norte,62287,18:12:00,8.0
B46,Portal Norte,62287,18:20:00,8.0
B46,Portal Norte,62287,18:28:00,8.0
B46,Portal Norte,62287,18:36:00,8.0
B46,Portal Norte,62287,18:44:00,8.0
B46,Portal Norte,62287,18:52:00,8.0
B46,Portal Norte,62287,19:00:00,8.0
B46,Portal Norte,62287,19:08:00,8.0
B46,Portal Norte,62287,19:16:00,8.0
B46,Portal Norte,62287,19:24:00,8.0
B46,Portal Norte,62287,19:32:00,8.0
B46,Portal Norte,62287,19:40:00,8.0
B46,Portal Norte,62287,19:46:30,6.5
B46,Portal Norte,62287,19:53:30,7.0
B46,Portal Norte,62287,20:00:00,6.5
B46,Portal Norte,62291,05:00:00,0.0
B46,Portal Norte,62291,05:03:30,3.5
B46,Portal Norte,62291,05:11:45,8.2
B46,Portal Norte,62291,05:20:00,8.2
B46,Portal Norte,62291,05:28:15,8.2
B46,Portal Norte,62291,05:36:30,8.2
B46,Portal Norte,62291,05:44:30,8.0
B46,Portal Norte,62291,05:52:30,8.0
B46,Portal Norte,62291,05:59:45,7.2
B46,Portal Norte,62291,06:07:00,7.2
B46,Portal Norte,62291,06:14:15,7.2
B46,Portal Norte,62291,06:21:30,7.2
B46,Portal Norte,62291,06:28:30,7.0
B46,Portal Norte,62291,06:35:30,7.0
B46,Portal Norte,62291,06:42:15,6.8
B46,Portal Norte,62291,06:49:00,6.8
B46,Portal Norte,62291,06:56:15,7.2
B46,Portal Norte,62291,07:03:45,7.5
B46,Portal Norte,62291,07:11:30,7.8
B46,Portal Norte,62291,07:19:15,7.8
B46,Portal Norte,62291,07:28:00,8.8
B46,Portal Norte,62291,07:36:45,8.8
B46,Portal Norte,62291,07:45:45,9.0
B46,Portal Norte,62291,07:53:45,8.0
F60,Portal Américas,60324,05:00:00,0.0
F60,Portal Américas,60324,05:07:30,7.5
F60,Portal Américas,60324,05:15:00,7.5
F60,Portal Américas,60324,05:22:30,7.5
F60,Portal Américas,60324,05:30:00,7.5
F60,Portal Américas,60324,05:37:30,7.5
F60,Portal Américas,60324,05:45:00,7.5
F60,Portal Américas,60324,05:52:30,7.5
F60,Portal Américas,60324,06:00:00,7.5
F60,Portal Américas,60324,06:07:45,7.8
F60,Portal Américas,60324,06:15:30,7.8
F60,Portal Américas,60324,06:23:15,7.8
F60,Portal Américas,60324,06:31:00,7.8
F60,Portal Américas,60324,06:38:30,7.5
F60,Portal Américas,60324,06:46:00,7.5
F60,Portal Américas,60324,06:53:00,7.0
F60,Portal Américas,60324,07:00:00,7.0
F60,Portal Américas,60324,07:06:30,6.5
F60,Portal Américas,60324,07:13:00,6.5
F60,Portal Américas,60324,07:19:30,6.5
F60,Portal Américas,60324,07:26:00,6.5
F60,Portal Américas,60324,07:32:30,6.5
F60,Portal Américas,60324,07:39:00,6.5
F60,Portal Américas,60324,07:45:30,6.5
F60,Portal Américas,60324,07:52:00,6.5
F60,Portal Américas,60324,07:58:30,6.5
F60,Portal Américas,60324,08:05:00,6.5
F60,Portal Américas,60324,08:11:30,6.5
F60,Portal Américas,60324,08:18:00,6.5
F60,Portal Américas,60324,08:24:30,6.5
F60,Portal Américas,60324,08:31:00,6.5
F60,Portal Américas,60324,08:37:30,6.5
F60,Portal Américas,60324,08:44:00,6.5
F60,Portal Américas,60324,08:50:30,6.5
F60,Portal Américas,60324,08:57:00,6.5
F60,Portal Américas,60324,09:03:30,6.5
F60,Portal Américas,60324,09:09:15,5.8
F60,Portal Américas,60324,09:15:00,5.8
F60,Portal Américas,60324,09:20:45,5.8
F60,Portal Américas,60324,09:26:30,5.8
F60,Portal Américas,60324,09:32:15,5.8
F60,Portal Américas,60324,09:37:45,5.5
F60,Portal Américas,60324,09:43:15,5.5
F60,Portal Américas,60324,09:48:45,5.5
F60,Portal Américas,60324,09:54:15,5.5
F60,Portal Américas,60324,09:59:45,5.5
F60,Portal Américas,60324,10:05:15,5.5
F60,Portal Américas,60324,10:10:45,5.5
F60,Portal Américas,60324,10:16:15,5.5
F60,Portal Américas,60324,10:21:45,5.5
F60,Portal Américas,60324,10:27:15,5.5
F60,Portal Américas,60324,10:32:45,5.5
F60,Portal Américas,60324,10:38:15,5.5
F60,Portal Américas,60324,10:43:45,5.5
F60,Portal Américas,60324,10:49:15,5.5
F60,Portal Américas,60324,10:54:45,5.5
F60,Portal Américas,60324,11:00:15,5.5
F60,Portal Américas,60324,11:05:45,5.5
F60,Portal Américas,60324,11:11:15,5.5
F60,Portal Américas,60324,11:16:45,5.5
F60,Portal Américas,60324,11:22:15,5.5
F60,Portal Américas,60324,11:27:45,5.5
F60,Portal Américas,60324,11:33:15,5.5
F60,Portal Américas,60324,11:38:45,5.5
F60,Portal Américas,60324,11:44:15,5.5
F60,Portal Américas,60324,11:49:45,5.5
F60,Portal Américas,60324,11:55:15,5.5
F60,Portal Américas,60324,12:00:45,5.5
F60,Portal Américas,60324,12:06:15,5.5
F60,Portal Américas,60324,12:11:45,5.5
F60,Portal Américas,60324,12:17:15,5.5
F60,Portal Américas,60324,12:22:45,5.5
F60,Portal Américas,60324,12:28:15,5.5
F60,Portal Américas,60324,12:33:45,5.5
F60,Portal Américas,60324,12:39:15,5.5
F60,Portal Américas,60324,12:44:45,5.5
F60,Portal Américas,60324,12:50:15,5.5
F60,Portal Américas,60324,12:55:45,5.5
F60,Portal Américas,60324,13:01:15,5.5
F60,Portal Américas,60324,13:06:45,5.5
F60,Portal Américas,60324,13:12:15,5.5
F60,Portal Américas,60324,13:17:45,5.5
F60,Portal Américas,60324,13:23:15,5.5
F60,Portal Américas,60324,13:28:45,5.5
F60,Portal Américas,60324,13:34:15,5.5
F60,Portal Américas,60324,13:39:45,5.5
F60,Portal Américas,60324,13:45:15,5.5
F60,Portal Américas,60324,13:50:45,5.5
F60,Portal Américas,60324,13:56:15,5.5
F60,Portal Américas,60324,14:01:45,5.5
F60,Portal Américas,60324,14:07:00,5.2
F60,Portal Américas,60324,14:12:15,5.2
F60,Portal Américas,60324,14:17:30,5.2
F60,Portal Américas,60324,14:22:15,4.8
F60,Portal Américas,60324,14:27:00,4.8
F60,Portal Américas,60324,14:31:45,4.8
F60,Portal Américas,60324,14:36:15,4.5
F60,Portal Américas,60324,14:40:45,4.5
F60,Portal Américas,60324,14:45:15,4.5
F60,Portal Américas,60324,14:49:45,4.5
F60,Portal Américas,60324,14:54:15,4.5
F60,Portal Américas,60324,14:58:45,4.5
F60,Portal Américas,60324,15:03:15,4.5
F60,Portal Américas,60324,15:07:45,4.5
F60,Portal Américas,60324,15:12:15,4.5
F60,Portal Américas,60324,15:16:45,4.5
F60,Portal Américas,60324,15:21:15,4.5
F60,Portal Américas,60324,15:25:45,4.5
F60,Portal Américas,60324,15:30:15,4.5
F60,Portal Américas,60324,15:34:30,4.2
F60,Portal Américas,60324,15:38:45,4.2
F60,Portal Américas,60324,15:43:00,4.2
F60,Portal Américas,60324,15:47:15,4.2
F60,Portal Américas,60324,15:51:00,3.8
F60,Portal Américas,60324,15:54:45,3.8
F60,Portal Américas,60324,15:58:30,3.8
F60,Portal Américas,60324,16:02:15,3.8
F60,Portal Américas,60324,16:05:30,3.2
F60,Portal Américas,60324,16:08:45,3.2
F60,Portal Américas,60324,16:12:00,3.2
F60,Portal Américas,60324,16:15:15,3.2
F60,Portal Américas,60324,16:18:30,3.2
F60,Portal Américas,60324,16:21:45,3.2
F60,Portal Américas,60324,16:25:00,3.2
F60,Portal Américas,60324,16:28:15,3.2
F60,Portal Américas,60324,16:31:30,3.2
F60,Portal Américas,60324,16:34:45,3.2
F60,Portal Américas,60324,16:38:00,3.2
F60,Portal Américas,60324,16:41:15,3.2
F60,Portal Américas,60324,16:44:30,3.2
F60,Portal Américas,60324,16:47:45,3.2
F60,Portal Américas,60324,16:51:00,3.2
F60,Portal Américas,60324,16:54:15,3.2
F60,Portal Américas,60324,16:57:30,3.2
F60,Portal Américas,60324,17:00:45,3.2
F60,Portal Américas,60324,17:04:00,3.2
F60,Portal Américas,60324,17:07:15,3.2
F60,Portal Américas,60324,17:10:30,3.2
F60,Portal Américas,60324,17:13:45,3.2
F60,Portal Américas,60324,17:17:00,3.2
F60,Portal Américas,60324,17:20:15,3.2
F60,Portal Américas,60324,17:23:30,3.2
F60,Portal Américas,60324,17:26:45,3.2
F60,Portal Américas,60324,17:30:00,3.2
F60,Portal Américas,60324,17:33:15,3.2
F60,Portal Américas,60324,17:36:30,3.2
F60,Portal Américas,60324,17:39:45,3.2
F60,Portal Américas,60324,17:43:00,3.2
F60,Portal Américas,60324,17:46:15,3.2
F60,Portal Américas,60324,17:49:30,3.2
F60,Portal Américas,60324,17:52:45,3.2
F60,Portal Américas,60324,17:56:00,3.2
F60,Portal Américas,60324,17:59:15,3.2
F60,Portal Américas,60324,18:02:30,3.2
F60,Portal Américas,60324,18:05:45,3.2
F60,Portal Américas,60324,18:09:00,3.2
F60,Portal Américas,60324,18:12:15,3.2
F60,Portal Américas,60324,18:15:30,3.2
F60,Portal Américas,60324,18:18:45,3.2
F60,Portal Américas,60324,18:22:00,3.2
F60,Portal Américas,60324,18:25:15,3.2
F60,Portal Américas,60324,18:28:30,3.2
F60,Portal Américas,60324,18:31:45,3.2
F60,Portal Américas,60324,18:35:00,3.2
F60,Portal Américas,60324,18:38:15,3.2
F60,Portal Américas,60324,18:41:30,3.2
F60,Portal Américas,60324,18:44:45,3.2
F60,Portal Américas,60324,18:48:00,3.2
F60,Portal Américas,60324,18:51:15,3.2
F60,Portal Américas,60324,18:54:30,3.2
F60,Portal Américas,60324,18:57:45,3.2
F60,Portal Américas,60324,19:01:00,3.2
F60,Portal Américas,60324,19:04:00,3.0
F60,Portal Américas,60324,19:07:00,3.0
F60,Portal Américas,60324,19:10:00,3.0
F60,Portal Américas,60324,19:13:00,3.0
F60,Portal Américas,60324,19:16:00,3.0
F60,Portal Américas,60324,19:19:45,3.8
F60,Portal Américas,60324,19:23:30,3.8
F60,Portal Américas,60324,19:27:15,3.8
F60,Portal Américas,60324,19:31:00,3.8
F60,Portal Américas,60324,19:35:00,4.0
F60,Portal Américas,60324,19:39:00,4.0
F60,Portal Américas,60324,19:43:00,4.0
F60,Portal Américas,60324,19:47:00,4.0
F60,Portal Américas,60324,19:51:00,4.0
F60,Portal Américas,60324,19:55:00,4.0
F60,Portal Américas,60324,19:59:00,4.0
F60,Portal Américas,60324,20:03:00,4.0
F60,Portal Américas,60324,20:07:15,4.2
F60,Portal Américas,60324,20:11:30,4.2
F60,Portal Américas,60324,20:15:45,4.2
F60,Portal Américas,60324,20:20:15,4.5
F60,Portal Américas,60324,20:24:45,4.5
F60,Portal Américas,60324,20:29:15,4.5
F60,Portal Américas,60324,20:33:45,4.5
F60,Portal Américas,60324,20:38:45,5.0
F60,Portal Américas,60324,20:43:45,5.0
F60,Portal Américas,60324,20:48:45,5.0
F60,Portal Américas,60324,20:53:45,5.0
F60,Portal Américas,60324,20:58:45,5.0
F60,Portal Américas,60324,21:03:45,5.0
F60,Portal Américas,60324,21:08:45,5.0
F60,Portal Américas,60324,21:13:45,5.0
F60,Portal Américas,60324,21:18:45,5.0
F60,Portal Américas,60324,21:23:30,4.8
F60,Portal Américas,60324,21:28:30,5.0
F60,Portal Américas,60324,21:33:30,5.0
F60,Portal Américas,60324,21:38:30,5.0
F60,Portal Américas,60324,21:43:30,5.0
F60,Portal Américas,60324,21:48:30,5.0
F60,Portal Américas,60324,21:53:15,4.8
F60,Portal Américas,60324,21:57:15,4.0
F60,Portal Américas,60324,22:01:30,4.2
F60,Portal Américas,60324,22:07:45,6.2
F60,Portal Américas,60324,22:14:00,6.2
F60,Portal Américas,60324,22:18:30,4.5
F60,Portal Américas,60324,22:23:45,5.2
F60,Portal Américas,60324,22:30:00,6.2
F26,Portal Américas,61143,15:00:00,0.0
F26,Portal Américas,61143,15:07:15,7.2
F26,Portal Américas,61143,15:14:30,7.2
F26,Portal Américas,61143,15:21:45,7.2
F26,Portal Américas,61143,15:29:00,7.2
F26,Portal Américas,61143,15:36:15,7.2
F26,Portal Américas,61143,15:43:30,7.2
F26,Portal Américas,61143,15:50:45,7.2
F26,Portal Américas,61143,15:58:00,7.2
F26,Portal Américas,61143,16:05:15,7.2
F26,Portal Américas,61143,16:12:30,7.2
F26,Portal Américas,61143,16:19:45,7.2
F26,Portal Américas,61143,16:27:00,7.2
F26,Portal Américas,61143,16:34:15,7.2
F26,Portal Américas,61143,16:37:45,3.5
F26,Portal Américas,61143,16:41:15,3.5
F26,Portal Américas,61143,16:44:45,3.5
F26,Portal Américas,61143,16:48:15,3.5
F26,Portal Américas,61143,16:51:45,3.5
F26,Portal Américas,61143,16:55:15,3.5
F26,Portal Américas,61143,16:58:45,3.5
F26,Portal Américas,61143,17:02:15,3.5
F26,Portal Américas,61143,17:05:45,3.5
F26,Portal Américas,61143,17:09:15,3.5
F26,Portal Américas,61143,17:12:45,3.5
F26,Portal Américas,61143,17:16:15,3.5
F26,Portal Américas,61143,17:19:45,3.5
F26,Portal Américas,61143,17:23:15,3.5
F26,Portal Américas,61143,17:26:45,3.5
F26,Portal Américas,61143,17:30:15,3.5
F26,Portal Américas,61143,17:33:45,3.5
F26,Portal Américas,61143,17:37:15,3.5
F26,Portal Américas,61143,17:40:45,3.5
F26,Portal Américas,61143,17:44:15,3.5
F26,Portal Américas,61143,17:47:45,3.5
F26,Portal Américas,61143,17:51:15,3.5
F26,Portal Américas,61143,17:54:45,3.5
F26,Portal Américas,61143,17:58:15,3.5
F26,Portal Américas,61143,18:01:45,3.5
F26,Portal Américas,61143,18:05:45,4.0
F26,Portal Américas,61143,18:09:45,4.0
F26,Portal Américas,61143,18:13:45,4.0
F26,Portal Américas,61143,18:17:45,4.0
F26,Portal Américas,61143,18:21:45,4.0
F26,Portal Américas,61143,18:25:45,4.0
F26,Portal Américas,61143,18:29:45,4.0
F26,Portal Américas,61143,18:33:45,4.0
F26,Portal Américas,61143,18:38:45,5.0
F26,Portal Américas,61143,18:43:45,5.0
F26,Portal Américas,61143,18:48:45,5.0
F26,Portal Américas,61143,18:53:45,5.0
F26,Portal Américas,61143,18:58:45,5.0
F26,Portal Américas,61143,19:03:45,5.0
F26,Portal Américas,61143,19:10:15,6.5
F26,Portal Américas,61143,19:16:45,6.5
F26,Portal Américas,61143,19:23:00,6.2
F26,Portal Américas,61143,19:30:30,7.5
F26,Portal Américas,61143,19:36:15,5.8
F26,Portal Américas,61143,19:41:30,5.2
F26,Portal Américas,61143,19:49:00,7.5
F26,Portal Américas,61143,19:54:45,5.8
F26,Portal Américas,61143,20:00:00,5.2
B12,P. Norte,61735,05:30:00,0.0
B12,P. Norte,61735,05:36:00,6.0
B12,P. Norte,61735,05:42:00,6.0
B12,P. Norte,61735,05:48:00,6.0
B12,P. Norte,61735,05:54:00,6.0
B12,P. Norte,61735,06:00:00,6.0
B12,P. Norte,61735,06:06:00,6.0
B12,P. Norte,61735,06:12:00,6.0
B12,P. Norte,61735,06:18:00,6.0
B12,P. Norte,61735,06:24:00,6.0
B12,P. Norte,61735,06:30:00,6.0
B12,P. Norte,61735,06:38:30,8.5
B12,P. Norte,61735,06:47:00,8.5
B12,P. Norte,61735,06:54:45,7.8
B12,P. Norte,61735,07:02:30,7.8
B12,P. Norte,61735,07:10:00,7.5
B12,P. Norte,61735,07:17:30,7.5
B12,P. Norte,61735,07:25:00,7.5
B12,P. Norte,61735,07:31:15,6.2
B12,P. Norte,61735,07:40:15,9.0
B12,P. Norte,61735,07:47:45,7.5
B12,P. Norte,61735,07:55:15,7.5
B12,P. Norte,61735,08:00:00,4.8
G41,San Mateo,61928,05:00:00,0.0
G41,San Mateo,61928,05:08:00,8.0
G41,San Mateo,61928,05:16:00,8.0
G41,San Mateo,61928,05:24:00,8.0
G41,San Mateo,61928,05:32:00,8.0
G41,San Mateo,61928,05:40:00,8.0
G41,San Mateo,61928,05:48:00,8.0
G41,San Mateo,61928,05:56:00,8.0
G41,San Mateo,61928,06:04:00,8.0
G41,San Mateo,61928,06:12:00,8.0
G41,San Mateo,61928,06:20:00,8.0
G41,San Mateo,61928,06:28:00,8.0
G41,San Mateo,61928,06:36:00,8.0
G41,San Mateo,61928,06:44:00,8.0
G41,San Mateo,61928,06:52:00,8.0
G41,San Mateo,61928,07:00:00,8.0
G41,San Mateo,61928,07:08:00,8.0
G41,San Mateo,61928,07:16:00,8.0
G41,San Mateo,61928,07:24:00,8.0
G41,San Mateo,61928,07:32:00,8.0
G41,San Mateo,61928,07:40:00,8.0
G41,San Mateo,61928,07:48:00,8.0
G41,San Mateo,61928,07:56:00,8.0
G41,San Mateo,61928,08:04:00,8.0
G41,San Mateo,61928,08:12:00,8.0
G41,San Mateo,61928,08:20:00,8.0
G41,San Mateo,61928,08:28:00,8.0
G41,San Mateo,61928,08:36:00,8.0
G41,San Mateo,61928,08:44:00,8.0
G41,San Mateo,61928,08:52:00,8.0
G41,San Mateo,61928,09:00:00,8.0
G41,San Mateo,61928,09:06:00,6.0
G41,San Mateo,61928,09:12:00,6.0
G41,San Mateo,61928,09:18:00,6.0
G41,San Mateo,61928,09:24:00,6.0
G41,San Mateo,61928,09:30:00,6.0
G41,San Mateo,61928,09:36:00,6.0
G41,San Mateo,61928,09:42:00,6.0
G41,San Mateo,61928,09:48:00,6.0
G41,San Mateo,61928,09:54:00,6.0
G41,San Mateo,61928,10:00:00,6.0
G41,San Mateo,61928,10:06:00,6.0
G41,San Mateo,61928,10:12:00,6.0
G41,San Mateo,61928,10:18:00,6.0
G41,San Mateo,61928,10:24:00,6.0
G41,San Mateo,61928,10:30:00,6.0
G41,San Mateo,61928,10:36:00,6.0
G41,San Mateo,61928,10:42:00,6.0
G41,San Mateo,61928,10:48:00,6.0
G41,San Mateo,61928,10:54:00,6.0
G41,San Mateo,61928,11:00:00,6.0
G41,San Mateo,61928,11:06:00,6.0
G41,San Mateo,61928,11:12:00,6.0
G41,San Mateo,61928,11:18:00,6.0
G41,San Mateo,61928,11:24:00,6.0
G41,San Mateo,61928,11:30:00,6.0
G41,San Mateo,61928,11:36:00,6.0
G41,San Mateo,61928,11:42:00,6.0
G41,San Mateo,61928,11:48:00,6.0
G41,San Mateo,61928,11:54:00,6.0
G41,San Mateo,61928,12:00:00,6.0
G41,San Mateo,61928,12:06:00,6.0
G41,San Mateo,61928,12:12:00,6.0
G41,San Mateo,61928,12:18:00,6.0
G41,San Mateo,61928,12:24:00,6.0
G41,San Mateo,61928,12:30:00,6.0
G41,San Mateo,61928,12:36:00,6.0
G41,San Mateo,61928,12:42:00,6.0
G41,San Mateo,61928,12:48:00,6.0
G41,San Mateo,61928,12:54:00,6.0
G41,San Mateo,61928,13:00:00,6.0
G41,San Mateo,61928,13:06:00,6.0
G41,San Mateo,61928,13:12:00,6.0
G41,San Mateo,61928,13:18:00,6.0
G41,San Mateo,61928,13:24:00,6.0
G41,San Mateo,61928,13:30:00,6.0
G41,San Mateo,61928,13:36:00,6.0
G41,San Mateo,61928,13:42:00,6.0
G41,San Mateo,61928,13:48:00,6.0
G41,San Mateo,61928,13:54:00,6.0
G41,San Mateo,61928,14:00:00,6.0
G41,San Mateo,61928,14:06:00,6.0
G41,San Mateo,61928,14:12:00,6.0
G41,San Mateo,61928,14:18:00,6.0
G41,San Mateo,61928,14:24:00,6.0
G41,San Mateo,61928,14:30:00,6.0
G41,San Mateo,61928,14:36:00,6.0
G41,San Mateo,61928,14:42:00,6.0
G41,San Mateo,61928,14:48:00,6.0
G41,San Mateo,61928,14:54:00,6.0
G41,San Mateo,61928,15:00:00,6.0
G41,San Mateo,61928,15:06:00,6.0
G41,San Mateo,61928,15:12:00,6.0
G41,San Mateo,61928,15:18:00,6.0
G41,San Mateo,61928,15:24:00,6.0
G41,San Mateo,61928,15:30:00,6.0
G41,San Mateo,61928,15:36:00,6.0
G41,San Mateo,61928,15:42:00,6.0
G41,San Mateo,61928,15:48:00,6.0
G41,San Mateo,61928,15:54:00,6.0
G41,San Mateo,61928,15:59:45,5.8
G41,San Mateo,61928,16:05:45,6.0
G41,San Mateo,61928,16:11:30,5.8
G41,San Mateo,61928,16:17:15,5.8
G41,San Mateo,61928,16:22:30,5.2
G41,San Mateo,61928,16:27:45,5.2
G41,San Mateo,61928,16:33:00,5.2
G41,San Mateo,61928,16:37:30,4.5
G41,San Mateo,61928,16:42:00,4.5
G41,San Mateo,61928,16:46:30,4.5
G41,San Mateo,61928,16:49:30,3.0
G41,San Mateo,61928,16:52:30,3.0
G41,San Mateo,61928,16:55:30,3.0
G41,San Mateo,61928,16:58:30,3.0
G41,San Mateo,61928,17:01:30,3.0
G41,San Mateo,61928,17:04:30,3.0
G41,San Mateo,61928,17:07:30,3.0
G41,San Mateo,61928,17:10:30,3.0
G41,San Mateo,61928,17:13:30,3.0
G41,San Mateo,61928,17:16:30,3.0
G41,San Mateo,61928,17:19:30,3.0
G41,San Mateo,61928,17:22:30,3.0
G41,San Mateo,61928,17:25:30,3.0
G41,San Mateo,61928,17:28:30,3.0
G41,San Mateo,61928,17:31:30,3.0
G41,San Mateo,61928,17:34:30,3.0
G41,San Mateo,61928,17:37:30,3.0
G41,San Mateo,61928,17:40:30,3.0
G41,San Mateo,61928,17:43:30,3.0
G41,San Mateo,61928,17:46:30,3.0
G41,San Mateo,61928,17:49:30,3.0
G41,San Mateo,61928,17:52:30,3.0
G41,San Mateo,61928,17:55:30,3.0
G41,San Mateo,61928,17:58:30,3.0
G41,San Mateo,61928,18:01:30,3.0
G41,San Mateo,61928,18:04:30,3.0
G41,San Mateo,61928,18:07:30,3.0
G41,San Mateo,61928,18:10:30,3.0
G41,San Mateo,61928,18:13:30,3.0
G41,San Mateo,61928,18:16:30,3.0
G41,San Mateo,61928,18:19:30,3.0
G41,San Mateo,61928,18:22:30,3.0
G41,San Mateo,61928,18:25:30,3.0
G41,San Mateo,61928,18:28:30,3.0
G41,San Mateo,61928,18:31:30,3.0
G41,San Mateo,61928,18:34:30,3.0
G41,San Mateo,61928,18:37:30,3.0
G41,San Mateo,61928,18:40:30,3.0
G41,San Mateo,61928,18:43:30,3.0
G41,San Mateo,61928,18:46:30,3.0
G41,San Mateo,61928,18:49:30,3.0
G41,San Mateo,61928,18:52:30,3.0
G41,San Mateo,61928,18:55:30,3.0
G41,San Mateo,61928,18:58:30,3.0
G41,San Mateo,61928,19:01:30,3.0
G41,San Mateo,61928,19:04:45,3.2
G41,San Mateo,61928,19:08:00,3.2
G41,San Mateo,61928,19:11:15,3.2
G41,San Mateo,61928,19:14:30,3.2
G41,San Mateo,61928,19:17:45,3.2
G41,San Mateo,61928,19:21:30,3.8
G41,San Mateo,61928,19:25:15,3.8
G41,San Mateo,61928,19:29:00,3.8
G41,San Mateo,61928,19:32:45,3.8
G41,San Mateo,61928,19:36:45,4.0
G41,San Mateo,61928,19:40:45,4.0
G41,San Mateo,61928,19:44:45,4.0
G41,San Mateo,61928,19:48:45,4.0
G41,San Mateo,61928,19:53:00,4.2
G41,San Mateo,61928,19:57:15,4.2
G41,San Mateo,61928,20:01:30,4.2
G41,San Mateo,61928,20:06:30,5.0
G41,San Mateo,61928,20:11:15,4.8
G41,San Mateo,61928,20:16:00,4.8
G41,San Mateo,61928,20:22:00,6.0
G41,San Mateo,61928,20:28:45,6.8
G41,San Mateo,61928,20:33:30,4.8
G41,San Mateo,61928,20:39:00,5.5
G41,San Mateo,61928,20:46:00,7.0
G41,San Mateo,61928,20:53:00,7.0
G41,San Mateo,61928,21:00:00,7.0
E42,7 de Agosto,62287,04:00:00,0.0
E42,7 de Agosto,62287,04:05:00,5.0
E42,7 de Agosto,62287,04:10:00,5.0
E42,7 de Agosto,62287,04:15:00,5.0
E42,7 de Agosto,62287,04:20:00,5.0
E42,7 de Agosto,62287,04:25:00,5.0
E42,7 de Agosto,62287,04:30:00,5.0
E42,7 de Agosto,62287,04:33:15,3.2
E42,7 de Agosto,62287,04:36:30,3.2
E42,7 de Agosto,62287,04:39:45,3.2
E42,7 de Agosto,62287,04:43:00,3.2
E42,7 de Agosto,62287,04:46:15,3.2
E42,7 de Agosto,62287,04:49:30,3.2
E42,7 de Agosto,62287,04:52:45,3.2
E42,7 de Agosto,62287,04:56:00,3.2
E42,7 de Agosto,62287,04:59:15,3.2
E42,7 de Agosto,62287,05:02:30,3.2
E42,7 de Agosto,62287,05:05:45,3.2
E42,7 de Agosto,62287,05:09:00,3.2
E42,7 de Agosto,62287,05:12:15,3.2
E42,7 de Agosto,62287,05:15:30,3.2
E42,7 de Agosto,62287,05:18:45,3.2
E42,7 de Agosto,62287,05:22:00,3.2
E42,7 de Agosto,62287,05:25:15,3.2
E42,7 de Agosto,62287,05:28:30,3.2
E42,7 de Agosto,62287,05:31:45,3.2
E42,7 de Agosto,62287,05:35:00,3.2
E42,7 de Agosto,62287,05:38:15,3.2
E42,7 de Agosto,62287,05:41:30,3.2
E42,7 de Agosto,62287,05:44:45,3.2
E42,7 de Agosto,62287,05:48:00,3.2
E42,7 de Agosto,62287,05:51:15,3.2
E42,7 de Agosto,62287,05:54:30,3.2
E42,7 de Agosto,62287,05:57:45,3.2
E42,7 de Agosto,62287,06:01:00,3.2
E42,7 de Agosto,62287,06:04:15,3.2
E42,7 de Agosto,62287,06:07:30,3.2
E42,7 de Agosto,62287,06:10:45,3.2
E42,7 de Agosto,62287,06:14:00,3.2
E42,7 de Agosto,62287,06:17:15,3.2
E42,7 de Agosto,62287,06:20:30,3.2
E42,7 de Agosto,62287,06:23:45,3.2
E42,7 de Agosto,62287,06:27:00,3.2
E42,7 de Agosto,62287,06:30:15,3.2
E42,7 de Agosto,62287,06:33:30,3.2
E42,7 de Agosto,62287,06:36:45,3.2
E42,7 de Agosto,62287,06:40:00,3.2
E42,7 de Agosto,62287,06:43:15,3.2
E42,7 de Agosto,62287,06:46:30,3.2
E42,7 de Agosto,62287,06:49:45,3.2
E42,7 de Agosto,62287,06:53:00,3.2
E42,7 de Agosto,62287,06:56:15,3.2
E42,7 de Agosto,62287,06:59:30,3.2
E42,7 de Agosto,62287,07:02:45,3.2
E42,7 de Agosto,62287,07:06:00,3.2
E42,7 de Agosto,62287,07:09:15,3.2
E42,7 de Agosto,62287,07:12:30,3.2
E42,7 de Agosto,62287,07:15:45,3.2
E42,7 de Agosto,62287,07:19:00,3.2
E42,7 de Agosto,62287,07:22:15,3.2
E42,7 de Agosto,62287,07:25:30,3.2
E42,7 de Agosto,62287,07:28:45,3.2
E42,7 de Agosto,62287,07:32:00,3.2
E42,7 de Agosto,62287,07:35:30,3.5
E42,7 de Agosto,62287,07:39:00,3.5
E42,7 de Agosto,62287,07:42:30,3.5
E42,7 de Agosto,62287,07:46:00,3.5
E42,7 de Agosto,62287,07:50:30,4.5
E42,7 de Agosto,62287,07:55:00,4.5
E42,7 de Agosto,62287,07:59:30,4.5
E42,7 de Agosto,62287,08:04:00,4.5
E42,7 de Agosto,62287,08:08:30,4.5
E42,7 de Agosto,62287,08:13:00,4.5
E42,7 de Agosto,62287,08:17:30,4.5
E42,7 de Agosto,62287,08:22:00,4.5
E42,7 de Agosto,62287,08:26:30,4.5
E42,7 de Agosto,62287,08:31:00,4.5
E42,7 de Agosto,62287,08:35:30,4.5
E42,7 de Agosto,62287,08:40:00,4.5
E42,7 de Agosto,62287,08:44:30,4.5
E42,7 de Agosto,62287,08:49:00,4.5
E42,7 de Agosto,62287,08:53:30,4.5
E42,7 de Agosto,62287,08:58:00,4.5
E42,7 de Agosto,62287,09:02:30,4.5
E42,7 de Agosto,62287,09:07:00,4.5
E42,7 de Agosto,62287,09:11:30,4.5
E42,7 de Agosto,62287,09:16:00,4.5
E42,7 de Agosto,62287,09:20:30,4.5
E42,7 de Agosto,62287,09:25:00,4.5
E42,7 de Agosto,62287,09:29:30,4.5
E42,7 de Agosto,62287,09:34:00,4.5
E42,7 de Agosto,62287,09:39:00,5.0
E42,7 de Agosto,62287,09:44:00,5.0
E42,7 de Agosto,62287,09:49:00,5.0
E42,7 de Agosto,62287,09:54:30,5.5
E42,7 de Agosto,62287,10:00:00,5.5
E42,7 de Agosto,62287,10:05:30,5.5
E42,7 de Agosto,62287,10:11:00,5.5
E42,7 de Agosto,62287,10:16:30,5.5
E42,7 de Agosto,62287,10:22:00,5.5
E42,7 de Agosto,62287,10:27:30,5.5
E42,7 de Agosto,62287,10:33:00,5.5
E42,7 de Agosto,62287,10:38:30,5.5
E42,7 de Agosto,62287,10:44:00,5.5
E42,7 de Agosto,62287,10:49:30,5.5
E42,7 de Agosto,62287,10:55:00,5.5
E42,7 de Agosto,62287,11:00:30,5.5
E42,7 de Agosto,62287,11:06:00,5.5
E42,7 de Agosto,62287,11:11:30,5.5
E42,7 de Agosto,62287,11:17:00,5.5
E42,7 de Agosto,62287,11:22:30,5.5
E42,7 de Agosto,62287,11:28:00,5.5
E42,7 de Agosto,62287,11:33:30,5.5
E42,7 de Agosto,62287,11:39:00,5.5
E42,7 de Agosto,62287,11:44:30,5.5
E42,7 de Agosto,62287,11:50:00,5.5
E42,7 de Agosto,62287,11:55:30,5.5
E42,7 de Agosto,62287,12:01:00,5.5
E42,7 de Agosto,62287,12:06:45,5.8
E42,7 de Agosto,62287,12:12:30,5.8
E42,7 de Agosto,62287,12:18:15,5.8
E42,7 de Agosto,62287,12:24:15,6.0
E42,7 de Agosto,62287,12:30:15,6.0
E42,7 de Agosto,62287,12:36:15,6.0
E42,7 de Agosto,62287,12:42:15,6.0
E42,7 de Agosto,62287,12:48:15,6.0
E42,7 de Agosto,62287,12:54:15,6.0
E42,7 de Agosto,62287,13:00:15,6.0
E42,7 de Agosto,62287,13:06:15,6.0
E42,7 de Agosto,62287,13:12:15,6.0
E42,7 de Agosto,62287,13:18:15,6.0
E42,7 de Agosto,62287,13:24:15,6.0
E42,7 de Agosto,62287,13:30:15,6.0
E42,7 de Agosto,62287,13:36:15,6.0
E42,7 de Agosto,62287,13:42:15,6.0
E42,7 de Agosto,62287,13:48:15,6.0
E42,7 de Agosto,62287,13:54:15,6.0
E42,7 de Agosto,62287,14:00:15,6.0
E42,7 de Agosto,62287,14:06:15,6.0
E42,7 de Agosto,62287,14:12:15,6.0
E42,7 de Agosto,62287,14:18:15,6.0
E42,7 de Agosto,62287,14:24:15,6.0
E42,7 de Agosto,62287,14:30:15,6.0
E42,7 de Agosto,62287,14:36:15,6.0
E42,7 de Agosto,62287,14:42:15,6.0
E42,7 de Agosto,62287,14:48:15,6.0
E42,7 de Agosto,62287,14:54:15,6.0
E42,7 de Agosto,62287,15:00:15,6.0
E42,7 de Agosto,62287,15:06:30,6.2
E42,7 de Agosto,62287,15:12:45,6.2
E42,7 de Agosto,62287,15:19:00,6.2
E42,7 de Agosto,62287,15:25:30,6.5
E42,7 de Agosto,62287,15:32:00,6.5
E42,7 de Agosto,62287,15:38:45,6.8
E42,7 de Agosto,62287,15:45:30,6.8
E42,7 de Agosto,62287,15:51:30,6.0
E42,7 de Agosto,62287,15:57:30,6.0
E42,7 de Agosto,62287,16:03:30,6.0
E42,7 de Agosto,62287,16:09:30,6.0
E42,7 de Agosto,62287,16:15:30,6.0
E42,7 de Agosto,62287,16:21:30,6.0
E42,7 de Agosto,62287,16:27:30,6.0
E42,7 de Agosto,62287,16:33:30,6.0
E42,7 de Agosto,62287,16:39:30,6.0
E42,7 de Agosto,62287,16:45:30,6.0
E42,7 de Agosto,62287,16:51:30,6.0
E42,7 de Agosto,62287,16:57:30,6.0
E42,7 de Agosto,62287,17:03:30,6.0
E42,7 de Agosto,62287,17:09:30,6.0
E42,7 de Agosto,62287,17:15:30,6.0
E42,7 de Agosto,62287,17:21:30,6.0
E42,7 de Agosto,62287,17:27:30,6.0
E42,7 de Agosto,62287,17:33:30,6.0
E42,7 de Agosto,62287,17:39:30,6.0
E42,7 de Agosto,62287,17:45:30,6.0
E42,7 de Agosto,62287,17:51:30,6.0
E42,7 de Agosto,62287,17:57:30,6.0
E42,7 de Agosto,62287,18:03:30,6.0
E42,7 de Agosto,62287,18:09:30,6.0
E42,7 de Agosto,62287,18:15:30,6.0
E42,7 de Agosto,62287,18:21:30,6.0
E42,7 de Agosto,62287,18:27:30,6.0
E42,7 de Agosto,62287,18:33:30,6.0
E42,7 de Agosto,62287,18:39:30,6.0
E42,7 de Agosto,62287,18:45:30,6.0
E42,7 de Agosto,62287,18:51:30,6.0
E42,7 de Agosto,62287,18:57:30,6.0
E42,7 de Agosto,62287,19:03:30,6.0
E42,7 de Agosto,62287,19:09:30,6.0
E42,7 de Agosto,62287,19:15:30,6.0
E42,7 de Agosto,62287,19:21:30,6.0
E42,7 de Agosto,62287,19:27:30,6.0
E42,7 de Agosto,62287,19:33:30,6.0
E42,7 de Agosto,62287,19:39:30,6.0
E42,7 de Agosto,62287,19:45:30,6.0
E42,7 de Agosto,62287,19:51:30,6.0
E42,7 de Agosto,62287,19:57:30,6.0
E42,7 de Agosto,62287,20:03:30,6.0
E42,7 de Agosto,62287,20:09:30,6.0
E42,7 de Agosto,62287,20:15:30,6.0
E42,7 de Agosto,62287,20:21:30,6.0
E42,7 de Agosto,62287,20:27:30,6.0
E42,7 de Agosto,62287,20:33:30,6.0
E42,7 de Agosto,62287,20:39:30,6.0
E42,7 de Agosto,62287,20:45:30,6.0
E42,7 de Agosto,62287,20:51:30,6.0
E42,7 de Agosto,62287,20:57:30,6.0
E42,7 de Agosto,62287,21:03:30,6.0
E42,7 de Agosto,62287,21:09:30,6.0
E42,7 de Agosto,62287,21:15:30,6.0
E42,7 de Agosto,62287,21:21:30,6.0
E42,7 de Agosto,62287,21:27:30,6.0
E42,7 de Agosto,62287,21:33:30,6.0
E42,7 de Agosto,62287,21:39:30,6.0
E42,7 de Agosto,62287,21:45:30,6.0
E42,7 de Agosto,62287,21:51:15,5.8
E42,7 de Agosto,62287,21:57:15,6.0
E42,7 de Agosto,62287,22:03:15,6.0
E42,7 de Agosto,62287,22:09:00,5.8
E42,7 de Agosto,62287,22:15:00,6.0
E42,7 de Agosto,62287,22:20:45,5.8
E42,7 de Agosto,62287,22:28:00,7.2
E42,7 de Agosto,62287,22:33:30,5.5
E42,7 de Agosto,62287,22:42:00,8.5
E42,7 de Agosto,62287,22:50:30,8.5
E42,7 de Agosto,62287,23:00:00,9.5
E42,7 de Agosto,62291,05:00:15,0.0
E42,7 de Agosto,62291,05:05:15,5.0
E42,7 de Agosto,62291,05:10:30,5.2
E42,7 de Agosto,62291,05:15:30,5.0
E42,7 de Agosto,62291,05:20:30,5.0
E42,7 de Agosto,62291,05:25:30,5.0
E42,7 de Agosto,62291,05:30:45,5.2
E42,7 de Agosto,62291,05:35:30,4.8
E42,7 de Agosto,62291,05:40:30,5.0
E42,7 de Agosto,62291,05:45:30,5.0
E42,7 de Agosto,62291,05:50:30,5.0
E42,7 de Agosto,62291,05:55:30,5.0
E42,7 de Agosto,62291,06:00:30,5.0
E42,7 de Agosto,62291,06:05:30,5.0
E42,7 de Agosto,62291,06:10:30,5.0
E42,7 de Agosto,62291,06:15:30,5.0
E42,7 de Agosto,62291,06:20:30,5.0
E42,7 de Agosto,62291,06:26:30,6.0
E42,7 de Agosto,62291,06:31:30,5.0
E42,7 de Agosto,62291,06:36:30,5.0
E42,7 de Agosto,62291,06:41:30,5.0
E42,7 de Agosto,62291,06:46:30,5.0
E42,7 de Agosto,62291,06:51:30,5.0
E42,7 de Agosto,62291,06:56:30,5.0
E42,7 de Agosto,62291,07:01:30,5.0
E42,7 de Agosto,62291,07:09:15,7.8
E42,7 de Agosto,62291,07:17:15,8.0
E42,7 de Agosto,62291,07:25:15,8.0
E42,7 de Agosto,62291,07:33:15,8.0
E42,7 de Agosto,62291,07:41:15,8.0
E42,7 de Agosto,62291,07:48:15,7.0
E42,7 de Agosto,62291,07:57:00,8.8
3,Corferias,61807,04:00:00,0.0
3,Corferias,61807,04:05:00,5.0
3,Corferias,61807,04:10:00,5.0
3,Corferias,61807,04:15:00,5.0
3,Corferias,61807,04:20:00,5.0
3,Corferias,61807,04:25:00,5.0
3,Corferias,61807,04:30:00,5.0
3,Corferias,61807,04:35:00,5.0
3,Corferias,61807,04:40:00,5.0
3,Corferias,61807,04:45:00,5.0
3,Corferias,61807,04:50:00,5.0
3,Corferias,61807,04:55:00,5.0
3,Corferias,61807,05:00:00,5.0
3,Corferias,61807,05:05:00,5.0
3,Corferias,61807,05:10:00,5.0
3,Corferias,61807,05:15:00,5.0
3,Corferias,61807,05:20:00,5.0
3,Corferias,61807,05:25:00,5.0
3,Corferias,61807,05:30:00,5.0
3,Corferias,61807,05:35:00,5.0
3,Corferias,61807,05:40:00,5.0
3,Corferias,61807,05:45:00,5.0
3,Corferias,61807,05:50:00,5.0
3,Corferias,61807,05:55:00,5.0
3,Corferias,61807,06:00:00,5.0
3,Corferias,61807,06:05:00,5.0
3,Corferias,61807,06:10:00,5.0
3,Corferias,61807,06:15:00,5.0
3,Corferias,61807,06:20:00,5.0
3,Corferias,61807,06:25:00,5.0
3,Corferias,61807,06:30:00,5.0
3,Corferias,61807,06:35:00,5.0
3,Corferias,61807,06:40:00,5.0
3,Corferias,61807,06:45:00,5.0
3,Corferias,61807,06:50:00,5.0
3,Corferias,61807,06:55:00,5.0
3,Corferias,61807,07:00:00,5.0
3,Corferias,61807,07:05:00,5.0
3,Corferias,61807,07:10:00,5.0
3,Corferias,61807,07:15:00,5.0
3,Corferias,61807,07:20:00,5.0
3,Corferias,61807,07:25:00,5.0
3,Corferias,61807,07:30:00,5.0
3,Corferias,61807,07:35:00,5.0
3,Corferias,61807,07:40:00,5.0
3,Corferias,61807,07:45:00,5.0
3,Corferias,61807,07:50:00,5.0
3,Corferias,61807,07:55:00,5.0
3,Corferias,61807,08:00:00,5.0
3,Corferias,61807,08:05:00,5.0
3,Corferias,61807,08:10:00,5.0
3,Corferias,61807,08:15:00,5.0
3,Corferias,61807,08:20:00,5.0
3,Corferias,61807,08:25:00,5.0
3,Corferias,61807,08:30:00,5.0
3,Corferias,61807,08:35:00,5.0
3,Corferias,61807,08:40:00,5.0
3,Corferias,61807,08:45:00,5.0
3,Corferias,61807,08:50:00,5.0
3,Corferias,61807,08:55:00,5.0
3,Corferias,61807,09:00:00,5.0
3,Corferias,61807,09:05:00,5.0
3,Corferias,61807,09:10:00,5.0
3,Corferias,61807,09:15:00,5.0
3,Corferias,61807,09:20:00,5.0
3,Corferias,61807,09:25:00,5.0
3,Corferias,61807,09:30:00,5.0
3,Corferias,61807,09:35:00,5.0
3,Corferias,61807,09:40:00,5.0
3,Corferias,61807,09:45:00,5.0
3,Corferias,61807,09:50:00,5.0
3,Corferias,61807,09:55:00,5.0
3,Corferias,61807,10:00:00,5.0
3,Corferias,61807,10:05:00,5.0
3,Corferias,61807,10:10:00,5.0
3,Corferias,61807,10:15:00,5.0
3,Corferias,61807,10:20:00,5.0
3,Corferias,61807,10:25:00,5.0
3,Corferias,61807,10:30:00,5.0
3,Corferias,61807,10:35:00,5.0
3,Corferias,61807,10:40:00,5.0
3,Corferias,61807,10:45:00,5.0
3,Corferias,61807,10:50:00,5.0
3,Corferias,61807,10:55:00,5.0
3,Corferias,61807,11:00:00,5.0
3,Corferias,61807,11:05:00,5.0
3,Corferias,61807,11:10:00,5.0
3,Corferias,61807,11:15:00,5.0
3,Corferias,61807,11:20:00,5.0
3,Corferias,61807,11:25:00,5.0
3,Corferias,61807,11:30:00,5.0
3,Corferias,61807,11:35:00,5.0
3,Corferias,61807,11:40:00,5.0
3,Corferias,61807,11:45:00,5.0
3,Corferias,61807,11:50:00,5.0
3,Corferias,61807,11:55:00,5.0
3,Corferias,61807,12:00:00,5.0
3,Corferias,61807,12:05:00,5.0
3,Corferias,61807,12:10:00,5.0
3,Corferias,61807,12:15:00,5.0
3,Corferias,61807,12:20:00,5.0
3,Corferias,61807,12:25:00,5.0
3,Corferias,61807,12:30:00,5.0
3,Corferias,61807,12:35:00,5.0
3,Corferias,61807,12:40:00,5.0
3,Corferias,61807,12:45:00,5.0
3,Corferias,61807,12:50:00,5.0
3,Corferias,61807,12:55:00,5.0
3,Corferias,61807,13:00:00,5.0
3,Corferias,61807,13:05:00,5.0
3,Corferias,61807,13:10:00,5.0
3,Corferias,61807,13:15:00,5.0
3,Corferias,61807,13:20:00,5.0
3,Corferias,61807,13:25:00,5.0
3,Corferias,61807,13:30:00,5.0
3,Corferias,61807,13:35:00,5.0
3,Corferias,61807,13:40:00,5.0
3,Corferias,61807,13:45:00,5.0
3,Corferias,61807,13:50:00,5.0
3,Corferias,61807,13:55:00,5.0
3,Corferias,61807,14:00:00,5.0
3,Corferias,61807,14:05:00,5.0
3,Corferias,61807,14:10:00,5.0
3,Corferias,61807,14:15:00,5.0
3,Corferias,61807,14:20:00,5.0
3,Corferias,61807,14:25:00,5.0
3,Corferias,61807,14:30:00,5.0
3,Corferias,61807,14:35:00,5.0
3,Corferias,61807,14:40:00,5.0
3,Corferias,61807,14:45:00,5.0
3,Corferias,61807,14:50:00,5.0
3,Corferias,61807,14:55:00,5.0
3,Corferias,61807,15:00:00,5.0
3,Corferias,61807,15:05:00,5.0
3,Corferias,61807,15:10:00,5.0
3,Corferias,61807,15:15:00,5.0
3,Corferias,61807,15:20:00,5.0
3,Corferias,61807,15:25:00,5.0
3,Corferias,61807,15:30:00,5.0
3,Corferias,61807,15:35:00,5.0
3,Corferias,61807,15:40:00,5.0
3,Corferias,61807,15:45:00,5.0
3,Corferias,61807,15:50:00,5.0
3,Corferias,61807,15:55:00,5.0
3,Corferias,61807,16:00:00,5.0
3,Corferias,61807,16:05:00,5.0
3,Corferias,61807,16:10:00,5.0
3,Corferias,61807,16:15:00,5.0
3,Corferias,61807,16:21:15,6.2
3,Corferias,61807,16:27:30,6.2
3,Corferias,61807,16:33:45,6.2
3,Corferias,61807,16:40:00,6.2
3,Corferias,61807,16:46:15,6.2
3,Corferias,61807,16:52:30,6.2
3,Corferias,61807,16:58:45,6.2
3,Corferias,61807,17:05:00,6.2
3,Corferias,61807,17:11:15,6.2
3,Corferias,61807,17:17:30,6.2
3,Corferias,61807,17:23:45,6.2
3,Corferias,61807,17:30:00,6.2
3,Corferias,61807,17:36:15,6.2
3,Corferias,61807,17:42:30,6.2
3,Corferias,61807,17:48:45,6.2
3,Corferias,61807,17:55:00,6.2
3,Corferias,61807,18:01:15,6.2
3,Corferias,61807,18:07:30,6.2
3,Corferias,61807,18:13:45,6.2
3,Corferias,61807,18:20:00,6.2
3,Corferias,61807,18:26:15,6.2
3,Corferias,61807,18:32:30,6.2
3,Corferias,61807,18:38:45,6.2
3,Corferias,61807,18:45:00,6.2
3,Corferias,61807,18:51:15,6.2
3,Corferias,61807,18:57:30,6.2
3,Corferias,61807,19:03:45,6.2
3,Corferias,61807,19:10:00,6.2
3,Corferias,61807,19:16:15,6.2
3,Corferias,61807,19:22:30,6.2
3,Corferias,61807,19:28:45,6.2
3,Corferias,61807,19:35:00,6.2
3,Corferias,61807,19:41:15,6.2
3,Corferias,61807,19:47:30,6.2
3,Corferias,61807,19:53:45,6.2
3,Corferias,61807,20:00:00,6.2
3,Corferias,61807,20:06:15,6.2
3,Corferias,61807,20:12:30,6.2
3,Corferias,61807,20:18:45,6.2
3,Corferias,61807,20:25:00,6.2
3,Corferias,61807,20:31:15,6.2
3,Corferias,61807,20:37:30,6.2
3,Corferias,61807,20:43:45,6.2
3,Corferias,61807,20:50:00,6.2
3,Corferias,61807,20:56:15,6.2
3,Corferias,61807,21:02:30,6.2
3,Corferias,61807,21:08:45,6.2
3,Corferias,61807,21:15:00,6.2
3,Corferias,61807,21:21:15,6.2
3,Corferias,61807,21:27:30,6.2
3,Corferias,61807,21:33:45,6.2
3,Corferias,61807,21:40:00,6.2
3,Corferias,61807,21:46:15,6.2
3,Corferias,61807,21:52:30,6.2
3,Corferias,61807,21:58:45,6.2
3,Corferias,61807,22:05:00,6.2
3,Corferias,61807,22:11:15,6.2
3,Corferias,61807,22:17:30,6.2
3,Corferias,61807,22:24:45,7.2
3,Corferias,61807,22:31:15,6.5
3,Corferias,61807,22:36:15,5.0
3,Corferias,61807,22:42:00,5.8
3,Corferias,61807,22:48:00,6.0
3,Corferias,61807,22:54:00,6.0
3,Corferias,61807,23:00:30,6.5
3,Corferias,61807,23:07:45,7.2
3,Corferias,61807,23:15:00,7.2
3,Portal Tunal,61879,04:30:00,0.0
3,Portal Tunal,61879,04:37:00,7.0
3,Portal Tunal,61879,04:44:00,7.0
3,Portal Tunal,61879,04:51:00,7.0
3,Portal Tunal,61879,04:58:00,7.0
3,Portal Tunal,61879,05:05:00,7.0
3,Portal Tunal,61879,05:10:00,5.0
3,Portal Tunal,61879,05:15:00,5.0
3,Portal Tunal,61879,05:20:00,5.0
3,Portal Tunal,61879,05:25:00,5.0
3,Portal Tunal,61879,05:30:00,5.0
3,Portal Tunal,61879,05:35:00,5.0
3,Portal Tunal,61879,05:40:00,5.0
3,Portal Tunal,61879,05:45:00,5.0
3,Portal Tunal,61879,05:50:00,5.0
3,Portal Tunal,61879,05:55:00,5.0
3,Portal Tunal,61879,06:00:00,5.0
3,Portal Tunal,61879,06:05:00,5.0
3,Portal Tunal,61879,06:10:00,5.0
3,Portal Tunal,61879,06:15:00,5.0
3,Portal Tunal,61879,06:20:00,5.0
3,Portal Tunal,61879,06:25:00,5.0
3,Portal Tunal,61879,06:30:00,5.0
3,Portal Tunal,61879,06:35:00,5.0
3,Portal Tunal,61879,06:40:00,5.0
3,Portal Tunal,61879,06:45:00,5.0
3,Portal Tunal,61879,06:50:00,5.0
3,Portal Tunal,61879,06:55:00,5.0
3,Portal Tunal,61879,07:00:00,5.0
3,Portal Tunal,61879,07:05:00,5.0
3,Portal Tunal,61879,07:10:00,5.0
3,Portal Tunal,61879,07:15:00,5.0
3,Portal Tunal,61879,07:20:00,5.0
3,Portal Tunal,61879,07:25:00,5.0
3,Portal Tunal,61879,07:30:00,5.0
3,Portal Tunal,61879,07:35:00,5.0
3,Portal Tunal,61879,07:40:00,5.0
3,Portal Tunal,61879,07:45:00,5.0
3,Portal Tunal,61879,07:50:00,5.0
3,Portal Tunal,61879,07:55:00,5.0
3,Portal Tunal,61879,08:00:00,5.0
3,Portal Tunal,61879,08:05:00,5.0
3,Portal Tunal,61879,08:10:00,5.0
3,Portal Tunal,61879,08:15:00,5.0
3,Portal Tunal,61879,08:20:00,5.0
3,Portal Tunal,61879,08:25:00,5.0
3,Portal Tunal,61879,08:30:00,5.0
3,Portal Tunal,61879,08:35:00,5.0
3,Portal Tunal,61879,08:40:00,5.0
3,Portal Tunal,61879,08:45:00,5.0
3,Portal Tunal,61879,08:50:00,5.0
3,Portal Tunal,61879,08:55:00,5.0
3,Portal Tunal,61879,09:00:00,5.0
3,Portal Tunal,61879,09:05:00,5.0
3,Portal Tunal,61879,09:10:00,5.0
3,Portal Tunal,61879,09:15:00,5.0
3,Portal Tunal,61879,09:20:00,5.0
3,Portal Tunal,61879,09:25:00,5.0
3,Portal Tunal,61879,09:30:00,5.0
3,Portal Tunal,61879,09:35:00,5.0
3,Portal Tunal,61879,09:40:00,5.0
3,Portal Tunal,61879,09:45:00,5.0
3,Portal Tunal,61879,09:50:00,5.0
3,Portal Tunal,61879,09:55:00,5.0
3,Portal Tunal,61879,10:00:00,5.0
3,Portal Tunal,61879,10:05:00,5.0
3,Portal Tunal,61879,10:10:00,5.0
3,Portal Tunal,61879,10:15:00,5.0
3,Portal Tunal,61879,10:20:00,5.0
3,Portal Tunal,61879,10:25:00,5.0
3,Portal Tunal,61879,10:30:00,5.0
3,Portal Tunal,61879,10:35:00,5.0
3,Portal Tunal,61879,10:40:00,5.0
3,Portal Tunal,61879,10:45:00,5.0
3,Portal Tunal,61879,10:50:00,5.0
3,Portal Tunal,61879,10:55:00,5.0
3,Portal Tunal,61879,11:00:00,5.0
3,Portal Tunal,61879,11:05:00,5.0
3,Portal Tunal,61879,11:10:00,5.0
3,Portal Tunal,61879,11:15:00,5.0
3,Portal Tunal,61879,11:20:00,5.0
3,Portal Tunal,61879,11:25:00,5.0
3,Portal Tunal,61879,11:30:00,5.0
3,Portal Tunal,61879,11:35:00,5.0
3,Portal Tunal,61879,11:40:00,5.0
3,Portal Tunal,61879,11:45:00,5.0
3,Portal Tunal,61879,11:50:00,5.0
3,Portal Tunal,61879,11:55:00,5.0
3,Portal Tunal,61879,12:00:00,5.0
3,Portal Tunal,61879,12:05:00,5.0
3,Portal Tunal,61879,12:10:00,5.0
3,Portal Tunal,61879,12:15:00,5.0
3,Portal Tunal,61879,12:20:00,5.0
3,Portal Tunal,61879,12:25:00,5.0
3,Portal Tunal,61879,12:30:00,5.0
3,Portal Tunal,61879,12:35:00,5.0
3,Portal Tunal,61879,12:40:00,5.0
3,Portal Tunal,61879,12:45:00,5.0
3,Portal Tunal,61879,12:50:00,5.0
3,Portal Tunal,61879,12:55:00,5.0
3,Portal Tunal,61879,13:00:00,5.0
3,Portal Tunal,61879,13:05:00,5.0
3,Portal Tunal,61879,13:10:00,5.0
3,Portal Tunal,61879,13:15:00,5.0
3,Portal Tunal,61879,13:20:00,5.0
3,Portal Tunal,61879,13:25:00,5.0
3,Portal Tunal,61879,13:30:00,5.0
3,Portal Tunal,61879,13:35:00,5.0
3,Portal Tunal,61879,13:40:00,5.0
3,Portal Tunal,61879,13:45:00,5.0
3,Portal Tunal,61879,13:50:00,5.0
3,Portal Tunal,61879,13:55:00,5.0
3,Portal Tunal,61879,14:00:00,5.0
3,Portal Tunal,61879,14:05:00,5.0
3,Portal Tunal,61879,14:10:00,5.0
3,Portal Tunal,61879,14:15:00,5.0
3,Portal Tunal,61879,14:20:00,5.0
3,Portal Tunal,61879,14:25:00,5.0
3,Portal Tunal,61879,14:30:00,5.0
3,Portal Tunal,61879,14:35:00,5.0
3,Portal Tunal,61879,14:40:00,5.0
3,Portal Tunal,61879,14:45:00,5.0
3,Portal Tunal,61879,14:50:00,5.0
3,Portal Tunal,61879,14:55:00,5.0
3,Portal Tunal,61879,15:00:00,5.0
3,Portal Tunal,61879,15:05:00,5.0
3,Portal Tunal,61879,15:10:00,5.0
3,Portal Tunal,61879,15:15:00,5.0
3,Portal Tunal,61879,15:20:00,5.0
3,Portal Tunal,61879,15:25:00,5.0
3,Portal Tunal,61879,15:30:00,5.0
3,Portal Tunal,61879,15:35:00,5.0
3,Portal Tunal,61879,15:40:00,5.0
3,Portal Tunal,61879,15:45:00,5.0
3,Portal Tunal,61879,15:50:00,5.0
3,Portal Tunal,61879,15:55:00,5.0
3,Portal Tunal,61879,16:00:00,5.0
3,Portal Tunal,61879,16:05:00,5.0
3,Portal Tunal,61879,16:10:00,5.0
3,Portal Tunal,61879,16:15:00,5.0
3,Portal Tunal,61879,16:20:00,5.0
3,Portal Tunal,61879,16:25:00,5.0
3,Portal Tunal,61879,16:30:00,5.0
3,Portal Tunal,61879,16:35:00,5.0
3,Portal Tunal,61879,16:40:00,5.0
3,Portal Tunal,61879,16:45:00,5.0
3,Portal Tunal,61879,16:50:00,5.0
3,Portal Tunal,61879,16:55:00,5.0
3,Portal Tunal,61879,17:00:00,5.0
3,Portal Tunal,61879,17:05:00,5.0
3,Portal Tunal,61879,17:10:00,5.0
3,Portal Tunal,61879,17:15:00,5.0
3,Portal Tunal,61879,17:20:00,5.0
3,Portal Tunal,61879,17:25:00,5.0
3,Portal Tunal,61879,17:30:00,5.0
3,Portal Tunal,61879,17:35:00,5.0
3,Portal Tunal,61879,17:40:00,5.0
3,Portal Tunal,61879,17:45:00,5.0
3,Portal Tunal,61879,17:50:00,5.0
3,Portal Tunal,61879,17:55:00,5.0
3,Portal Tunal,61879,18:00:00,5.0
3,Portal Tunal,61879,18:05:00,5.0
3,Portal Tunal,61879,18:10:00,5.0
3,Portal Tunal,61879,18:15:00,5.0
3,Portal Tunal,61879,18:20:00,5.0
3,Portal Tunal,61879,18:25:00,5.0
3,Portal Tunal,61879,18:30:00,5.0
3,Portal Tunal,61879,18:35:00,5.0
3,Portal Tunal,61879,18:40:00,5.0
3,Portal Tunal,61879,18:45:00,5.0
3,Portal Tunal,61879,18:50:00,5.0
3,Portal Tunal,61879,18:55:00,5.0
3,Portal Tunal,61879,19:00:00,5.0
3,Portal Tunal,61879,19:05:00,5.0
3,Portal Tunal,61879,19:10:00,5.0
3,Portal Tunal,61879,19:15:00,5.0
3,Portal Tunal,61879,19:20:00,5.0
3,Portal Tunal,61879,19:25:00,5.0
3,Portal Tunal,61879,19:30:00,5.0
3,Portal Tunal,61879,19:35:00,5.0
3,Portal Tunal,61879,19:40:00,5.0
3,Portal Tunal,61879,19:45:00,5.0
3,Portal Tunal,61879,19:51:15,6.2
3,Portal Tunal,61879,19:57:30,6.2
3,Portal Tunal,61879,20:03:45,6.2
3,Portal Tunal,61879,20:10:00,6.2
3,Portal Tunal,61879,20:16:15,6.2
3,Portal Tunal,61879,20:22:30,6.2
3,Portal Tunal,61879,20:28:45,6.2
3,Portal Tunal,61879,20:35:00,6.2
3,Portal Tunal,61879,20:41:15,6.2
3,Portal Tunal,61879,20:47:30,6.2
3,Portal Tunal,61879,20:53:45,6.2
3,Portal Tunal,61879,21:00:00,6.2
3,Portal Tunal,61879,21:06:15,6.2
3,Portal Tunal,61879,21:12:30,6.2
3,Portal Tunal,61879,21:18:45,6.2
3,Portal Tunal,61879,21:25:00,6.2
3,Portal Tunal,61879,21:31:15,6.2
3,Portal Tunal,61879,21:37:30,6.2
3,Portal Tunal,61879,21:43:45,6.2
3,Portal Tunal,61879,21:50:00,6.2
3,Portal Tunal,61879,21:56:15,6.2
3,Portal Tunal,61879,22:02:30,6.2
3,Portal Tunal,61879,22:08:45,6.2
3,Portal Tunal,61879,22:15:00,6.2
3,Portal Tunal,61879,22:21:15,6.2
3,Portal Tunal,61879,22:27:30,6.2
3,Portal Tunal,61879,22:33:45,6.2
3,Portal Tunal,61879,22:40:00,6.2
3,Portal Tunal,61879,22:46:15,6.2
3,Portal Tunal,61879,22:53:30,7.2
3,Portal Tunal,61879,22:59:45,6.2
3,Portal Tunal,61879,23:06:15,6.5
3,Portal Tunal,61879,23:13:30,7.2
3,Portal Tunal,61879,23:23:15,9.8
3,Portal Tunal,61879,23:30:45,7.5
3,Portal Tunal,61879,23:37:15,6.5
3,Portal Tunal,61879,23:45:00,7.8
G30,PORTAL SUR,61433,04:30:00,0.0
G30,PORTAL SUR,61433,04:33:45,3.8
G30,PORTAL SUR,61433,04:37:30,3.8
G30,PORTAL SUR,61433,04:41:15,3.8
G30,PORTAL SUR,61433,04:45:00,3.8
G30,PORTAL SUR,61433,04:48:45,3.8
G30,PORTAL SUR,61433,04:52:30,3.8
G30,PORTAL SUR,61433,04:56:15,3.8
G30,PORTAL SUR,61433,05:00:00,3.8
G30,PORTAL SUR,61433,05:03:45,3.8
G30,PORTAL SUR,61433,05:07:30,3.8
G30,PORTAL SUR,61433,05:11:15,3.8
G30,PORTAL SUR,61433,05:15:00,3.8
G30,PORTAL SUR,61433,05:18:45,3.8
G30,PORTAL SUR,61433,05:22:30,3.8
G30,PORTAL SUR,61433,05:26:15,3.8
G30,PORTAL SUR,61433,05:30:00,3.8
G30,PORTAL SUR,61433,05:33:45,3.8
G30,PORTAL SUR,61433,05:37:30,3.8
G30,PORTAL SUR,61433,05:41:15,3.8
G30,PORTAL SUR,61433,05:45:00,3.8
G30,PORTAL SUR,61433,05:48:45,3.8
G30,PORTAL SUR,61433,05:52:30,3.8
G30,PORTAL SUR,61433,05:56:15,3.8
G30,PORTAL SUR,61433,06:00:00,3.8
G30,PORTAL SUR,61433,06:03:45,3.8
G30,PORTAL SUR,61433,06:07:30,3.8
G30,PORTAL SUR,61433,06:11:15,3.8
G30,PORTAL SUR,61433,06:15:00,3.8
G30,PORTAL SUR,61433,06:18:45,3.8
G30,PORTAL SUR,61433,06:22:30,3.8
G30,PORTAL SUR,61433,06:26:15,3.8
G30,PORTAL SUR,61433,06:30:00,3.8
G30,PORTAL SUR,61433,06:33:45,3.8
G30,PORTAL SUR,61433,06:37:30,3.8
G30,PORTAL SUR,61433,06:41:15,3.8
G30,PORTAL SUR,61433,06:45:00,3.8
G30,PORTAL SUR,61433,06:48:45,3.8
G30,PORTAL SUR,61433,06:52:30,3.8
G30,PORTAL SUR,61433,06:56:15,3.8
G30,PORTAL SUR,61433,07:00:00,3.8
G30,PORTAL SUR,61433,07:03:45,3.8
G30,PORTAL SUR,61433,07:07:30,3.8
G30,PORTAL SUR,61433,07:11:15,3.8
G30,PORTAL SUR,61433,07:15:00,3.8
G30,PORTAL SUR,61433,07:18:45,3.8
G30,PORTAL SUR,61433,07:22:30,3.8
G30,PORTAL SUR,61433,07:26:15,3.8
G30,PORTAL SUR,61433,07:30:00,3.8
G30,PORTAL SUR,61433,07:33:45,3.8
G30,PORTAL SUR,61433,07:37:30,3.8
G30,PORTAL SUR,61433,07:41:15,3.8
G30,PORTAL SUR,61433,07:45:00,3.8
G30,PORTAL SUR,61433,07:48:45,3.8
G30,PORTAL SUR,61433,07:52:30,3.8
G30,PORTAL SUR,61433,07:56:15,3.8
G30,PORTAL SUR,61433,08:00:00,3.8
G30,PORTAL SUR,61433,08:04:15,4.2
G30,PORTAL SUR,61433,08:08:30,4.2
G30,PORTAL SUR,61433,08:12:45,4.2
G30,PORTAL SUR,61433,08:17:00,4.2
G30,PORTAL SUR,61433,08:22:00,5.0
G30,PORTAL SUR,61433,08:27:30,5.5
G30,PORTAL SUR,61433,08:31:45,4.2
G30,PORTAL SUR,61433,08:37:00,5.2
G30,PORTAL SUR,61433,08:42:15,5.2
G30,PORTAL SUR,61433,08:47:30,5.2
G30,PORTAL SUR,61433,08:52:00,4.5
G30,PORTAL SUR,61433,08:56:00,4.0
G30,PORTAL SUR,61433,09:00:00,4.0
G30,PORTAL SUR,61433,15:00:00,360.0
G30,PORTAL SUR,61433,15:07:00,7.0
G30,PORTAL SUR,61433,15:14:00,7.0
G30,PORTAL SUR,61433,15:21:00,7.0
G30,PORTAL SUR,61433,15:28:00,7.0
G30,PORTAL SUR,61433,15:35:00,7.0
G30,PORTAL SUR,61433,15:41:45,6.8
G30,PORTAL SUR,61433,15:48:30,6.8
G30,PORTAL SUR,61433,15:55:15,6.8
G30,PORTAL SUR,61433,16:02:00,6.8
G30,PORTAL SUR,61433,16:07:30,5.5
G30,PORTAL SUR,61433,16:13:00,5.5
G30,PORTAL SUR,61433,16:18:30,5.5
G30,PORTAL SUR,61433,16:22:30,4.0
G30,PORTAL SUR,61433,16:26:30,4.0
G30,PORTAL SUR,61433,16:30:30,4.0
G30,PORTAL SUR,61433,16:34:30,4.0
G30,PORTAL SUR,61433,16:38:30,4.0
G30,PORTAL SUR,61433,16:42:30,4.0
G30,PORTAL SUR,61433,16:46:30,4.0
G30,PORTAL SUR,61433,16:50:30,4.0
G30,PORTAL SUR,61433,16:54:30,4.0
G30,PORTAL SUR,61433,16:58:30,4.0
G30,PORTAL SUR,61433,17:02:30,4.0
G30,PORTAL SUR,61433,17:06:30,4.0
G30,PORTAL SUR,61433,17:10:30,4.0
G30,PORTAL SUR,61433,17:14:30,4.0
G30,PORTAL SUR,61433,17:18:30,4.0
G30,PORTAL SUR,61433,17:22:30,4.0
G30,PORTAL SUR,61433,17:26:30,4.0
G30,PORTAL SUR,61433,17:30:30,4.0
G30,PORTAL SUR,61433,17:34:30,4.0
G30,PORTAL SUR,61433,17:38:30,4.0
G30,PORTAL SUR,61433,17:42:30,4.0
G30,PORTAL SUR,61433,17:46:30,4.0
G30,PORTAL SUR,61433,17:50:30,4.0
G30,PORTAL SUR,61433,17:54:30,4.0
G30,PORTAL SUR,61433,17:58:30,4.0
G30,PORTAL SUR,61433,18:02:30,4.0
G30,PORTAL SUR,61433,18:07:30,5.0
G30,PORTAL SUR,61433,18:12:30,5.0
G30,PORTAL SUR,61433,18:17:30,5.0
G30,PORTAL SUR,61433,18:22:30,5.0
G30,PORTAL SUR,61433,18:27:30,5.0
G30,PORTAL SUR,61433,18:32:30,5.0
G30,PORTAL SUR,61433,18:37:30,5.0
G30,PORTAL SUR,61433,18:42:30,5.0
G30,PORTAL SUR,61433,18:47:30,5.0
G30,PORTAL SUR,61433,18:52:30,5.0
G30,PORTAL SUR,61433,18:57:30,5.0
G30,PORTAL SUR,61433,19:02:30,5.0
G30,PORTAL SUR,61433,19:07:15,4.8
G30,PORTAL SUR,61433,19:12:00,4.8
G30,PORTAL SUR,61433,19:16:30,4.5
G30,PORTAL SUR,61433,19:21:30,5.0
G30,PORTAL SUR,61433,19:26:00,4.5
G30,PORTAL SUR,61433,19:31:45,5.8
G30,PORTAL SUR,61433,19:35:30,3.8
G30,PORTAL SUR,61433,19:39:15,3.8
G30,PORTAL SUR,61433,19:43:45,4.5
G30,PORTAL SUR,61433,19:48:30,4.8
G30,PORTAL SUR,61433,19:54:00,5.5
G30,PORTAL SUR,61433,20:00:00,6.0
C30,PORTAL SUBA,61735,05:15:00,0.0
C30,PORTAL SUBA,61735,05:21:00,6.0
C30,PORTAL SUBA,61735,05:36:00,15.0
C30,PORTAL SUBA,61735,05:50:45,14.8
C30,PORTAL SUBA,61735,06:05:30,14.8
C30,PORTAL SUBA,61735,06:22:15,16.8
C30,PORTAL SUBA,61735,06:38:15,16.0
C30,PORTAL SUBA,61735,06:53:45,15.5
C30,PORTAL SUBA,61735,07:09:00,15.2
C30,PORTAL SUBA,62010,05:00:00,0.0
C30,PORTAL SUBA,62010,05:06:00,6.0
C30,PORTAL SUBA,62010,05:12:00,6.0
C30,PORTAL SUBA,62010,05:18:00,6.0
C30,PORTAL SUBA,62010,05:24:00,6.0
C30,PORTAL SUBA,62010,05:30:00,6.0
C30,PORTAL SUBA,62010,05:35:45,5.8
C30,PORTAL SUBA,62010,05:41:30,5.8
C30,PORTAL SUBA,62010,05:47:15,5.8
C30,PORTAL SUBA,62010,05:52:15,5.0
C30,PORTAL SUBA,62010,05:57:15,5.0
C30,PORTAL SUBA,62010,06:02:15,5.0
C30,PORTAL SUBA,62010,06:07:15,5.0
C30,PORTAL SUBA,62010,06:12:15,5.0
C30,PORTAL SUBA,62010,06:17:15,5.0
C30,PORTAL SUBA,62010,06:22:15,5.0
C30,PORTAL SUBA,62010,06:27:15,5.0
C30,PORTAL SUBA,62010,06:32:15,5.0
C30,PORTAL SUBA,62010,06:37:15,5.0
C30,PORTAL SUBA,62010,06:42:15,5.0
C30,PORTAL SUBA,62010,06:47:15,5.0
C30,PORTAL SUBA,62010,06:52:15,5.0
C30,PORTAL SUBA,62010,06:57:15,5.0
C30,PORTAL SUBA,62010,07:02:15,5.0
C30,PORTAL SUBA,62010,07:07:15,5.0
C30,PORTAL SUBA,62010,07:12:15,5.0
C30,PORTAL SUBA,62010,07:17:15,5.0
C30,PORTAL SUBA,62010,07:22:15,5.0
C30,PORTAL SUBA,62010,07:27:15,5.0
C30,PORTAL SUBA,62010,07:32:15,5.0
C30,PORTAL SUBA,62010,07:38:30,6.2
C30,PORTAL SUBA,62010,07:44:45,6.2
C30,PORTAL SUBA,62010,07:51:00,6.2
C30,PORTAL SUBA,62010,07:57:30,6.5
C30,PORTAL SUBA,62010,08:04:00,6.5
C30,PORTAL SUBA,62010,08:10:45,6.8
C30,PORTAL SUBA,62010,08:17:15,6.5
C30,PORTAL SUBA,62010,08:24:15,7.0
C30,PORTAL SUBA,62010,08:30:00,5.8
C30,PORTAL SUBA,62010,08:35:00,5.0
C30,PORTAL SUBA,62010,08:40:00,5.0
C30,PORTAL SUBA,62010,08:45:00,5.0
C30,PORTAL SUBA,62010,08:52:30,7.5
C30,PORTAL SUBA,62010,09:00:00,7.5
C30,PORTAL SUBA,62010,15:00:00,360.0
C30,PORTAL SUBA,62010,15:07:00,7.0
C30,PORTAL SUBA,62010,15:14:00,7.0
C30,PORTAL SUBA,62010,15:21:00,7.0
C30,PORTAL SUBA,62010,15:28:00,7.0
C30,PORTAL SUBA,62010,15:35:00,7.0
C30,PORTAL SUBA,62010,15:41:45,6.8
C30,PORTAL SUBA,62010,15:48:30,6.8
C30,PORTAL SUBA,62010,15:55:15,6.8
C30,PORTAL SUBA,62010,16:02:00,6.8
C30,PORTAL SUBA,62010,16:08:15,6.2
C30,PORTAL SUBA,62010,16:14:30,6.2
C30,PORTAL SUBA,62010,16:20:45,6.2
C30,PORTAL SUBA,62010,16:26:30,5.8
C30,PORTAL SUBA,62010,16:32:15,5.8
C30,PORTAL SUBA,62010,16:37:15,5.0
C30,PORTAL SUBA,62010,16:42:15,5.0
C30,PORTAL SUBA,62010,16:47:15,5.0
C30,PORTAL SUBA,62010,16:51:30,4.2
C30,PORTAL SUBA,62010,16:55:45,4.2
C30,PORTAL SUBA,62010,17:00:00,4.2
C30,PORTAL SUBA,62010,17:04:15,4.2
C30,PORTAL SUBA,62010,17:08:30,4.2
C30,PORTAL SUBA,62010,17:12:45,4.2
C30,PORTAL SUBA,62010,17:17:00,4.2
C30,PORTAL SUBA,62010,17:21:15,4.2
C30,PORTAL SUBA,62010,17:25:30,4.2
C30,PORTAL SUBA,62010,17:29:45,4.2
C30,PORTAL SUBA,62010,17:34:00,4.2
C30,PORTAL SUBA,62010,17:38:15,4.2
C30,PORTAL SUBA,62010,17:42:30,4.2
C30,PORTAL SUBA,62010,17:46:45,4.2
C30,PORTAL SUBA,62010,17:51:00,4.2
C30,PORTAL SUBA,62010,17:55:15,4.2
C30,PORTAL SUBA,62010,17:59:30,4.2
C30,PORTAL SUBA,62010,18:03:45,4.2
C30,PORTAL SUBA,62010,18:09:00,5.2
C30,PORTAL SUBA,62010,18:14:15,5.2
C30,PORTAL SUBA,62010,18:19:30,5.2
C30,PORTAL SUBA,62010,18:25:00,5.5
C30,PORTAL SUBA,62010,18:30:30,5.5
C30,PORTAL SUBA,62010,18:36:45,6.2
C30,PORTAL SUBA,62010,18:43:00,6.2
C30,PORTAL SUBA,62010,18:49:15,6.2
C30,PORTAL SUBA,62010,18:56:15,7.0
C30,PORTAL SUBA,62010,19:03:15,7.0
C30,PORTAL SUBA,62010,19:10:15,7.0
C30,PORTAL SUBA,62010,19:17:15,7.0
C30,PORTAL SUBA,62010,19:23:45,6.5
C30,PORTAL SUBA,62010,19:29:15,5.5
C30,PORTAL SUBA,62010,19:34:45,5.5
C30,PORTAL SUBA,62010,19:39:45,5.0
C30,PORTAL SUBA,62010,19:44:45,5.0
C30,PORTAL SUBA,62010,19:50:30,5.8
C30,PORTAL SUBA,62010,19:55:00,4.5
C30,PORTAL SUBA,62010,20:00:00,5.0
C17,Portal Suba,61837,04:00:00,0.0
C17,Portal Suba,61837,04:03:15,3.2
C17,Portal Suba,61837,04:06:30,3.2
C17,Portal Suba,61837,04:09:45,3.2
C17,Portal Suba,61837,04:13:00,3.2
C17,Portal Suba,61837,04:16:15,3.2
C17,Portal Suba,61837,04:19:30,3.2
C17,Portal Suba,61837,04:22:45,3.2
C17,Portal Suba,61837,04:26:00,3.2
C17,Portal Suba,61837,04:29:15,3.2
C17,Portal Suba,61837,04:32:30,3.2
C17,Portal Suba,61837,04:35:45,3.2
C17,Portal Suba,61837,04:39:00,3.2
C17,Portal Suba,61837,04:42:15,3.2
C17,Portal Suba,61837,04:45:30,3.2
C17,Portal Suba,61837,04:48:45,3.2
C17,Portal Suba,61837,04:52:00,3.2
C17,Portal Suba,61837,04:55:15,3.2
C17,Portal Suba,61837,04:58:30,3.2
C17,Portal Suba,61837,05:01:45,3.2
C17,Portal Suba,61837,05:05:00,3.2
C17,Portal Suba,61837,05:08:15,3.2
C17,Portal Suba,61837,05:11:30,3.2
C17,Portal Suba,61837,05:14:45,3.2
C17,Portal Suba,61837,05:18:00,3.2
C17,Portal Suba,61837,05:21:15,3.2
C17,Portal Suba,61837,05:24:30,3.2
C17,Portal Suba,61837,05:27:45,3.2
C17,Portal Suba,61837,05:31:00,3.2
C17,Portal Suba,61837,05:34:15,3.2
C17,Portal Suba,61837,05:37:30,3.2
C17,Portal Suba,61837,05:40:45,3.2
C17,Portal Suba,61837,05:44:00,3.2
C17,Portal Suba,61837,05:47:15,3.2
C17,Portal Suba,61837,05:50:30,3.2
C17,Portal Suba,61837,05:53:45,3.2
C17,Portal Suba,61837,05:57:00,3.2
C17,Portal Suba,61837,06:00:15,3.2
C17,Portal Suba,61837,06:03:15,3.0
C17,Portal Suba,61837,06:06:15,3.0
C17,Portal Suba,61837,06:09:15,3.0
C17,Portal Suba,61837,06:12:15,3.0
C17,Portal Suba,61837,06:15:15,3.0
C17,Portal Suba,61837,06:18:15,3.0
C17,Portal Suba,61837,06:21:15,3.0
C17,Portal Suba,61837,06:24:15,3.0
C17,Portal Suba,61837,06:27:15,3.0
C17,Portal Suba,61837,06:30:15,3.0
C17,Portal Suba,61837,06:33:15,3.0
C17,Portal Suba,61837,06:36:15,3.0
C17,Portal Suba,61837,06:39:15,3.0
C17,Portal Suba,61837,06:42:15,3.0
C17,Portal Suba,61837,06:45:15,3.0
C17,Portal Suba,61837,06:48:15,3.0
C17,Portal Suba,61837,06:51:15,3.0
C17,Portal Suba,61837,06:54:15,3.0
C17,Portal Suba,61837,06:57:15,3.0
C17,Portal Suba,61837,07:00:15,3.0
C17,Portal Suba,61837,07:04:15,4.0
C17,Portal Suba,61837,07:08:15,4.0
C17,Portal Suba,61837,07:12:15,4.0
C17,Portal Suba,61837,07:16:15,4.0
C17,Portal Suba,61837,07:20:30,4.2
C17,Portal Suba,61837,07:24:45,4.2
C17,Portal Suba,61837,07:29:00,4.2
C17,Portal Suba,61837,07:33:15,4.2
C17,Portal Suba,61837,07:38:15,5.0
C17,Portal Suba,61837,07:43:15,5.0
C17,Portal Suba,61837,07:48:15,5.0
C17,Portal Suba,61837,07:54:15,6.0
C17,Portal Suba,61837,08:00:15,6.0
C17,Portal Suba,61837,08:06:00,5.8
C17,Portal Suba,61837,08:11:45,5.8
C17,Portal Suba,61837,08:17:30,5.8
C17,Portal Suba,61837,08:23:15,5.8
C17,Portal Suba,61837,08:29:00,5.8
C17,Portal Suba,61837,08:34:45,5.8
C17,Portal Suba,61837,08:40:30,5.8
C17,Portal Suba,61837,08:46:15,5.8
C17,Portal Suba,61837,08:52:00,5.8
C17,Portal Suba,61837,08:57:45,5.8
C17,Portal Suba,61837,09:03:30,5.8
C17,Portal Suba,61837,09:09:15,5.8
C17,Portal Suba,61837,09:15:00,5.8
C17,Portal Suba,61837,09:20:45,5.8
C17,Portal Suba,61837,09:26:30,5.8
C17,Portal Suba,61837,09:32:15,5.8
C17,Portal Suba,61837,09:38:00,5.8
C17,Portal Suba,61837,09:43:45,5.8
C17,Portal Suba,61837,09:49:30,5.8
C17,Portal Suba,61837,09:55:15,5.8
C17,Portal Suba,61837,10:01:00,5.8
C17,Portal Suba,61837,10:07:30,6.5
C17,Portal Suba,61837,10:14:00,6.5
C17,Portal Suba,61837,10:20:30,6.5
C17,Portal Suba,61837,10:27:00,6.5
C17,Portal Suba,61837,10:33:30,6.5
C17,Portal Suba,61837,10:40:00,6.5
C17,Portal Suba,61837,10:46:30,6.5
C17,Portal Suba,61837,10:53:00,6.5
C17,Portal Suba,61837,10:59:30,6.5
C17,Portal Suba,61837,11:06:00,6.5
C17,Portal Suba,61837,11:12:30,6.5
C17,Portal Suba,61837,11:19:00,6.5
C17,Portal Suba,61837,11:25:30,6.5
C17,Portal Suba,61837,11:32:00,6.5
C17,Portal Suba,61837,11:38:30,6.5
C17,Portal Suba,61837,11:45:00,6.5
C17,Portal Suba,61837,11:51:30,6.5
C17,Portal Suba,61837,11:58:00,6.5
C17,Portal Suba,61837,12:04:30,6.5
C17,Portal Suba,61837,12:11:00,6.5
C17,Portal Suba,61837,12:17:30,6.5
C17,Portal Suba,61837,12:24:00,6.5
C17,Portal Suba,61837,12:30:30,6.5
C17,Portal Suba,61837,12:37:00,6.5
C17,Portal Suba,61837,12:43:30,6.5
C17,Portal Suba,61837,12:50:00,6.5
C17,Portal Suba,61837,12:56:30,6.5
C17,Portal Suba,61837,13:03:00,6.5
C17,Portal Suba,61837,13:09:30,6.5
C17,Portal Suba,61837,13:16:00,6.5
C17,Portal Suba,61837,13:22:30,6.5
C17,Portal Suba,61837,13:29:00,6.5
C17,Portal Suba,61837,13:35:30,6.5
C17,Portal Suba,61837,13:42:00,6.5
C17,Portal Suba,61837,13:48:30,6.5
C17,Portal Suba,61837,13:55:00,6.5
C17,Portal Suba,61837,14:01:30,6.5
C17,Portal Suba,61837,14:08:00,6.5
C17,Portal Suba,61837,14:14:30,6.5
C17,Portal Suba,61837,14:21:00,6.5
C17,Portal Suba,61837,14:27:30,6.5
C17,Portal Suba,61837,14:34:00,6.5
C17,Portal Suba,61837,14:40:30,6.5
C17,Portal Suba,61837,14:47:00,6.5
C17,Portal Suba,61837,14:53:30,6.5
C17,Portal Suba,61837,15:00:00,6.5
C17,Portal Suba,61837,15:06:30,6.5
C17,Portal Suba,61837,15:13:00,6.5
C17,Portal Suba,61837,15:19:30,6.5
C17,Portal Suba,61837,15:25:30,6.0
C17,Portal Suba,61837,15:31:30,6.0
C17,Portal Suba,61837,15:37:00,5.5
C17,Portal Suba,61837,15:42:30,5.5
C17,Portal Suba,61837,15:48:00,5.5
C17,Portal Suba,61837,15:53:30,5.5
C17,Portal Suba,61837,15:59:00,5.5
C17,Portal Suba,61837,16:04:30,5.5
C17,Portal Suba,61837,16:09:00,4.5
C17,Portal Suba,61837,16:13:30,4.5
C17,Portal Suba,61837,16:18:00,4.5
C17,Portal Suba,61837,16:22:00,4.0
C17,Portal Suba,61837,16:26:00,4.0
C17,Portal Suba,61837,16:30:00,4.0
C17,Portal Suba,61837,16:33:45,3.8
C17,Portal Suba,61837,16:37:30,3.8
C17,Portal Suba,61837,16:41:15,3.8
C17,Portal Suba,61837,16:45:00,3.8
C17,Portal Suba,61837,16:48:45,3.8
C17,Portal Suba,61837,16:52:30,3.8
C17,Portal Suba,61837,16:56:15,3.8
C17,Portal Suba,61837,17:00:00,3.8
C17,Portal Suba,61837,17:03:45,3.8
C17,Portal Suba,61837,17:07:30,3.8
C17,Portal Suba,61837,17:11:15,3.8
C17,Portal Suba,61837,17:15:00,3.8
C17,Portal Suba,61837,17:18:45,3.8
C17,Portal Suba,61837,17:22:30,3.8
C17,Portal Suba,61837,17:26:15,3.8
C17,Portal Suba,61837,17:30:00,3.8
C17,Portal Suba,61837,17:33:45,3.8
C17,Portal Suba,61837,17:37:30,3.8
C17,Portal Suba,61837,17:41:15,3.8
C17,Portal Suba,61837,17:45:00,3.8
C17,Portal Suba,61837,17:49:15,4.2
C17,Portal Suba,61837,17:53:30,4.2
C17,Portal Suba,61837,17:57:45,4.2
C17,Portal Suba,61837,18:02:00,4.2
C17,Portal Suba,61837,18:06:30,4.5
C17,Portal Suba,61837,18:11:00,4.5
C17,Portal Suba,61837,18:15:30,4.5
C17,Portal Suba,61837,18:20:00,4.5
C17,Portal Suba,61837,18:24:15,4.2
C17,Portal Suba,61837,18:28:45,4.5
C17,Portal Suba,61837,18:33:15,4.5
C17,Portal Suba,61837,18:37:45,4.5
C17,Portal Suba,61837,18:42:15,4.5
C17,Portal Suba,61837,18:46:45,4.5
C17,Portal Suba,61837,18:51:15,4.5
C17,Portal Suba,61837,18:55:45,4.5
C17,Portal Suba,61837,19:00:00,4.2
C17,Portal Suba,61837,19:05:15,5.2
C17,Portal Suba,61837,19:08:45,3.5
C17,Portal Suba,61837,19:14:00,5.2
C17,Portal Suba,61837,19:17:45,3.8
C17,Portal Suba,61837,19:23:00,5.2
C17,Portal Suba,61837,19:26:45,3.8
C17,Portal Suba,61837,19:31:45,5.0
C17,Portal Suba,61837,19:35:30,3.8
C17,Portal Suba,61837,19:40:30,5.0
C17,Portal Suba,61837,19:45:45,5.2
C17,Portal Suba,61837,19:49:45,4.0
C17,Portal Suba,61837,19:55:00,5.2
C17,Portal Suba,61837,20:00:00,5.0
H17,Portal Usme,61432,04:30:00,0.0
H17,Portal Usme,61432,04:35:00,5.0
H17,Portal Usme,61432,04:40:00,5.0
H17,Portal Usme,61432,04:45:00,5.0
H17,Portal Usme,61432,04:50:00,5.0
H17,Portal Usme,61432,04:55:00,5.0
H17,Portal Usme,61432,05:00:00,5.0
H17,Portal Usme,61432,05:05:00,5.0
H17,Portal Usme,61432,05:10:00,5.0
H17,Portal Usme,61432,05:15:00,5.0
H17,Portal Usme,61432,05:18:00,3.0
H17,Portal Usme,61432,05:21:00,3.0
H17,Portal Usme,61432,05:24:00,3.0
H17,Portal Usme,61432,05:27:00,3.0
H17,Portal Usme,61432,05:30:00,3.0
H17,Portal Usme,61432,05:33:00,3.0
H17,Portal Usme,61432,05:36:00,3.0
H17,Portal Usme,61432,05:39:00,3.0
H17,Portal Usme,61432,05:42:00,3.0
H17,Portal Usme,61432,05:45:00,3.0
H17,Portal Usme,61432,05:48:00,3.0
H17,Portal Usme,61432,05:51:00,3.0
H17,Portal Usme,61432,05:54:00,3.0
H17,Portal Usme,61432,05:57:00,3.0
H17,Portal Usme,61432,06:00:00,3.0
H17,Portal Usme,61432,06:03:00,3.0
H17,Portal Usme,61432,06:06:00,3.0
H17,Portal Usme,61432,06:09:00,3.0
H17,Portal Usme,61432,06:12:00,3.0
H17,Portal Usme,61432,06:15:00,3.0
H17,Portal Usme,61432,06:18:15,3.2
H17,Portal Usme,61432,06:21:30,3.2
H17,Portal Usme,61432,06:24:45,3.2
H17,Portal Usme,61432,06:28:00,3.2
H17,Portal Usme,61432,06:31:15,3.2
H17,Portal Usme,61432,06:34:30,3.2
H17,Portal Usme,61432,06:37:45,3.2
H17,Portal Usme,61432,06:41:00,3.2
H17,Portal Usme,61432,06:44:15,3.2
H17,Portal Usme,61432,06:47:30,3.2
H17,Portal Usme,61432,06:51:45,4.2
H17,Portal Usme,61432,06:56:00,4.2
H17,Portal Usme,61432,07:00:15,4.2
H17,Portal Usme,61432,07:04:30,4.2
H17,Portal Usme,61432,07:08:45,4.2
H17,Portal Usme,61432,07:13:00,4.2
H17,Portal Usme,61432,07:17:15,4.2
H17,Portal Usme,61432,07:21:30,4.2
H17,Portal Usme,61432,07:25:45,4.2
H17,Portal Usme,61432,07:30:00,4.2
H17,Portal Usme,61432,07:34:30,4.5
H17,Portal Usme,61432,07:39:00,4.5
H17,Portal Usme,61432,07:43:30,4.5
H17,Portal Usme,61432,07:48:00,4.5
H17,Portal Usme,61432,07:53:30,5.5
H17,Portal Usme,61432,07:59:00,5.5
H17,Portal Usme,61432,08:04:30,5.5
H17,Portal Usme,61432,08:10:30,6.0
H17,Portal Usme,61432,08:16:30,6.0
H17,Portal Usme,61432,08:22:30,6.0
H17,Portal Usme,61432,08:28:30,6.0
H17,Portal Usme,61432,08:34:30,6.0
H17,Portal Usme,61432,08:40:30,6.0
H17,Portal Usme,61432,08:46:30,6.0
H17,Portal Usme,61432,08:52:30,6.0
H17,Portal Usme,61432,08:58:30,6.0
H17,Portal Usme,61432,09:04:30,6.0
H17,Portal Usme,61432,09:10:30,6.0
H17,Portal Usme,61432,09:16:30,6.0
H17,Portal Usme,61432,09:22:30,6.0
H17,Portal Usme,61432,09:28:30,6.0
H17,Portal Usme,61432,09:34:30,6.0
H17,Portal Usme,61432,09:40:30,6.0
H17,Portal Usme,61432,09:46:30,6.0
H17,Portal Usme,61432,09:52:30,6.0
H17,Portal Usme,61432,09:58:30,6.0
H17,Portal Usme,61432,10:04:30,6.0
H17,Portal Usme,61432,10:10:30,6.0
H17,Portal Usme,61432,10:16:30,6.0
H17,Portal Usme,61432,10:22:30,6.0
H17,Portal Usme,61432,10:28:30,6.0
H17,Portal Usme,61432,10:34:30,6.0
H17,Portal Usme,61432,10:40:30,6.0
H17,Portal Usme,61432,10:46:30,6.0
H17,Portal Usme,61432,10:52:30,6.0
H17,Portal Usme,61432,10:58:30,6.0
H17,Portal Usme,61432,11:04:30,6.0
H17,Portal Usme,61432,11:10:30,6.0
H17,Portal Usme,61432,11:16:30,6.0
H17,Portal Usme,61432,11:22:30,6.0
H17,Portal Usme,61432,11:28:30,6.0
H17,Portal Usme,61432,11:34:30,6.0
H17,Portal Usme,61432,11:40:30,6.0
H17,Portal Usme,61432,11:46:30,6.0
H17,Portal Usme,61432,11:52:30,6.0
H17,Portal Usme,61432,11:58:30,6.0
H17,Portal Usme,61432,12:04:30,6.0
H17,Portal Usme,61432,12:10:30,6.0
H17,Portal Usme,61432,12:16:30,6.0
H17,Portal Usme,61432,12:22:30,6.0
H17,Portal Usme,61432,12:28:30,6.0
H17,Portal Usme,61432,12:34:30,6.0
H17,Portal Usme,61432,12:40:30,6.0
H17,Portal Usme,61432,12:46:30,6.0
H17,Portal Usme,61432,12:52:30,6.0
H17,Portal Usme,61432,12:58:30,6.0
H17,Portal Usme,61432,13:04:30,6.0
H17,Portal Usme,61432,13:10:30,6.0
H17,Portal Usme,61432,13:16:30,6.0
H17,Portal Usme,61432,13:22:30,6.0
H17,Portal Usme,61432,13:28:30,6.0
H17,Portal Usme,61432,13:34:30,6.0
H17,Portal Usme,61432,13:40:30,6.0
H17,Portal Usme,61432,13:46:30,6.0
H17,Portal Usme,61432,13:52:30,6.0
H17,Portal Usme,61432,13:58:30,6.0
H17,Portal Usme,61432,14:04:30,6.0
H17,Portal Usme,61432,14:10:30,6.0
H17,Portal Usme,61432,14:16:30,6.0
H17,Portal Usme,61432,14:22:30,6.0
H17,Portal Usme,61432,14:28:30,6.0
H17,Portal Usme,61432,14:34:30,6.0
H17,Portal Usme,61432,14:40:30,6.0
H17,Portal Usme,61432,14:46:30,6.0
H17,Portal Usme,61432,14:53:15,6.8
H17,Portal Usme,61432,15:00:00,6.8
H17,Portal Usme,61432,15:06:45,6.8
H17,Portal Usme,61432,15:13:30,6.8
H17,Portal Usme,61432,15:20:15,6.8
H17,Portal Usme,61432,15:26:15,6.0
H17,Portal Usme,61432,15:32:15,6.0
H17,Portal Usme,61432,15:37:15,5.0
H17,Portal Usme,61432,15:42:15,5.0
H17,Portal Usme,61432,15:47:15,5.0
H17,Portal Usme,61432,15:52:15,5.0
H17,Portal Usme,61432,15:57:15,5.0
H17,Portal Usme,61432,16:02:15,5.0
H17,Portal Usme,61432,16:06:45,4.5
H17,Portal Usme,61432,16:11:15,4.5
H17,Portal Usme,61432,16:15:45,4.5
H17,Portal Usme,61432,16:18:45,3.0
H17,Portal Usme,61432,16:21:45,3.0
H17,Portal Usme,61432,16:24:45,3.0
H17,Portal Usme,61432,16:27:45,3.0
H17,Portal Usme,61432,16:30:45,3.0
H17,Portal Usme,61432,16:33:45,3.0
H17,Portal Usme,61432,16:36:45,3.0
H17,Portal Usme,61432,16:39:45,3.0
H17,Portal Usme,61432,16:42:45,3.0
H17,Portal Usme,61432,16:45:45,3.0
H17,Portal Usme,61432,16:48:45,3.0
H17,Portal Usme,61432,16:51:45,3.0
H17,Portal Usme,61432,16:54:45,3.0
H17,Portal Usme,61432,16:57:45,3.0
H17,Portal Usme,61432,17:00:45,3.0
H17,Portal Usme,61432,17:03:45,3.0
H17,Portal Usme,61432,17:06:45,3.0
H17,Portal Usme,61432,17:09:45,3.0
H17,Portal Usme,61432,17:12:45,3.0
H17,Portal Usme,61432,17:15:45,3.0
H17,Portal Usme,61432,17:18:45,3.0
H17,Portal Usme,61432,17:21:45,3.0
H17,Portal Usme,61432,17:24:45,3.0
H17,Portal Usme,61432,17:27:45,3.0
H17,Portal Usme,61432,17:30:45,3.0
H17,Portal Usme,61432,17:33:45,3.0
H17,Portal Usme,61432,17:36:45,3.0
H17,Portal Usme,61432,17:39:45,3.0
H17,Portal Usme,61432,17:42:45,3.0
H17,Portal Usme,61432,17:45:45,3.0
H17,Portal Usme,61432,17:48:45,3.0
H17,Portal Usme,61432,17:51:45,3.0
H17,Portal Usme,61432,17:54:45,3.0
H17,Portal Usme,61432,17:57:45,3.0
H17,Portal Usme,61432,18:00:45,3.0
H17,Portal Usme,61432,18:03:45,3.0
H17,Portal Usme,61432,18:06:45,3.0
H17,Portal Usme,61432,18:09:45,3.0
H17,Portal Usme,61432,18:12:45,3.0
H17,Portal Usme,61432,18:15:45,3.0
H17,Portal Usme,61432,18:19:45,4.0
H17,Portal Usme,61432,18:23:45,4.0
H17,Portal Usme,61432,18:27:45,4.0
H17,Portal Usme,61432,18:31:45,4.0
H17,Portal Usme,61432,18:35:45,4.0
H17,Portal Usme,61432,18:39:45,4.0
H17,Portal Usme,61432,18:43:45,4.0
H17,Portal Usme,61432,18:47:30,3.8
H17,Portal Usme,61432,18:51:30,4.0
H17,Portal Usme,61432,18:55:15,3.8
H17,Portal Usme,61432,18:59:00,3.8
H17,Portal Usme,61432,19:02:45,3.8
H17,Portal Usme,61432,19:06:15,3.5
H17,Portal Usme,61432,19:10:00,3.8
H17,Portal Usme,61432,19:13:45,3.8
H17,Portal Usme,61432,19:17:30,3.8
H17,Portal Usme,61432,19:21:30,4.0
H17,Portal Usme,61432,19:25:00,3.5
H17,Portal Usme,61432,19:28:30,3.5
H17,Portal Usme,61432,19:33:00,4.5
H17,Portal Usme,61432,19:37:30,4.5
H17,Portal Usme,61432,19:42:00,4.5
H17,Portal Usme,61432,19:46:30,4.5
H17,Portal Usme,61432,19:51:00,4.5
H17,Portal Usme,61432,19:55:30,4.5
H17,Portal Usme,61432,20:00:00,4.5
J73,UNIVERSIDADES,61435,05:30:00,0.0
J73,UNIVERSIDADES,61435,05:36:00,6.0
J73,UNIVERSIDADES,61435,05:42:00,6.0
J73,UNIVERSIDADES,61435,05:48:00,6.0
J73,UNIVERSIDADES,61435,05:54:00,6.0
J73,UNIVERSIDADES,61435,06:00:00,6.0
J73,UNIVERSIDADES,61435,06:06:00,6.0
J73,UNIVERSIDADES,61435,06:12:00,6.0
J73,UNIVERSIDADES,61435,06:18:00,6.0
J73,UNIVERSIDADES,61435,06:24:00,6.0
J73,UNIVERSIDADES,61435,06:30:00,6.0
J73,UNIVERSIDADES,61435,06:35:45,5.8
J73,UNIVERSIDADES,61435,06:41:30,5.8
J73,UNIVERSIDADES,61435,06:47:15,5.8
J73,UNIVERSIDADES,61435,06:52:45,5.5
J73,UNIVERSIDADES,61435,06:58:15,5.5
J73,UNIVERSIDADES,61435,07:03:45,5.5
J73,UNIVERSIDADES,61435,07:09:15,5.5
J73,UNIVERSIDADES,61435,07:14:45,5.5
J73,UNIVERSIDADES,61435,07:20:15,5.5
J73,UNIVERSIDADES,61435,07:25:45,5.5
J73,UNIVERSIDADES,61435,07:31:15,5.5
J73,UNIVERSIDADES,61435,07:37:00,5.8
J73,UNIVERSIDADES,61435,07:42:45,5.8
J73,UNIVERSIDADES,61435,07:48:30,5.8
J73,UNIVERSIDADES,61435,07:54:30,6.0
J73,UNIVERSIDADES,61435,08:00:30,6.0
J73,UNIVERSIDADES,61435,08:07:00,6.5
J73,UNIVERSIDADES,61435,08:13:30,6.5
J73,UNIVERSIDADES,61435,08:20:00,6.5
J73,UNIVERSIDADES,61435,08:27:15,7.2
J73,UNIVERSIDADES,61435,08:35:30,8.2
J73,UNIVERSIDADES,61435,08:44:30,9.0
J73,UNIVERSIDADES,61435,08:51:15,6.8
J73,UNIVERSIDADES,61435,09:00:00,8.8
C73,P.SUBA,61919,16:00:00,0.0
C73,P.SUBA,61919,16:05:30,5.5
C73,P.SUBA,61919,16:11:00,5.5
C73,P.SUBA,61919,16:16:30,5.5
C73,P.SUBA,61919,16:22:00,5.5
C73,P.SUBA,61919,16:27:30,5.5
C73,P.SUBA,61919,16:33:00,5.5
C73,P.SUBA,61919,16:38:30,5.5
C73,P.SUBA,61919,16:44:00,5.5
C73,P.SUBA,61919,16:49:30,5.5
C73,P.SUBA,61919,16:55:00,5.5
C73,P.SUBA,61919,17:00:30,5.5
C73,P.SUBA,61919,17:05:45,5.2
C73,P.SUBA,61919,17:11:00,5.2
C73,P.SUBA,61919,17:16:15,5.2
C73,P.SUBA,61919,17:21:15,5.0
C73,P.SUBA,61919,17:26:15,5.0
C73,P.SUBA,61919,17:31:15,5.0
C73,P.SUBA,61919,17:36:15,5.0
C73,P.SUBA,61919,17:41:15,5.0
C73,P.SUBA,61919,17:46:15,5.0
C73,P.SUBA,61919,17:51:15,5.0
C73,P.SUBA,61919,17:56:15,5.0
C73,P.SUBA,61919,18:01:15,5.0
C73,P.SUBA,61919,18:07:00,5.8
C73,P.SUBA,61919,18:12:45,5.8
C73,P.SUBA,61919,18:18:30,5.8
C73,P.SUBA,61919,18:25:00,6.5
C73,P.SUBA,61919,18:31:30,6.5
C73,P.SUBA,61919,18:38:15,6.8
C73,P.SUBA,61919,18:45:00,6.8
C73,P.SUBA,61919,18:52:00,7.0
C73,P.SUBA,61919,18:59:00,7.0
C73,P.SUBA,61919,19:06:00,7.0
C73,P.SUBA,61919,19:13:30,7.5
C73,P.SUBA,61919,19:21:00,7.5
C73,P.SUBA,61919,19:29:00,8.0
C73,P.SUBA,61919,19:37:00,8.0
C73,P.SUBA,61919,19:46:00,9.0
C73,P.SUBA,61919,19:56:00,10.0
C73,P.SUBA,61919,20:06:00,10.0
C73,P.SUBA,61919,20:16:45,10.8
C73,P.SUBA,61919,20:28:45,12.0
C73,P.SUBA,61919,20:40:45,12.0
C73,P.SUBA,61919,20:52:45,12.0
C73,P.SUBA,61919,21:04:30,11.8
C73,P.SUBA,61919,21:16:30,12.0
C73,P.SUBA,61919,21:28:15,11.8
C73,P.SUBA,61919,21:40:15,12.0
C73,P.SUBA,61919,21:52:15,12.0
C73,P.SUBA,61919,22:03:45,11.5
C73,P.SUBA,61919,22:16:00,12.2
C73,P.SUBA,61919,22:30:00,14.0
K43,Portal Eldorado,61733,05:30:00,0.0
K43,Portal Eldorado,61733,05:33:30,3.5
K43,Portal Eldorado,61733,05:45:30,12.0
K43,Portal Eldorado,61733,05:57:30,12.0
K43,Portal Eldorado,61733,06:09:30,12.0
K43,Portal Eldorado,61733,06:21:30,12.0
K43,Portal Eldorado,61733,06:33:30,12.0
K43,Portal Eldorado,61733,06:45:30,12.0
K43,Portal Eldorado,61733,06:57:30,12.0
K43,Portal Eldorado,61733,07:09:30,12.0
K43,Portal Eldorado,61733,07:21:30,12.0
K43,Portal Eldorado,61733,07:34:00,12.5
K43,Portal Eldorado,61733,07:46:00,12.0
K43,Portal Eldorado,61733,07:57:00,11.0
K43,Portal Eldorado,61768,05:40:00,0.0
K43,Portal Eldorado,61768,05:43:30,3.5
K43,Portal Eldorado,61768,05:58:45,15.2
K43,Portal Eldorado,61768,06:14:00,15.2
K43,Portal Eldorado,61768,06:29:15,15.2
K43,Portal Eldorado,61768,06:44:15,15.0
K43,Portal Eldorado,61768,06:59:45,15.5
K43,Portal Eldorado,61768,07:14:45,15.0
K43,Portal Eldorado,61768,07:30:00,15.2
K43,Portal Eldorado,61768,07:45:00,15.0
K43,Portal Eldorado,61768,08:00:00,15.0
K43,Portal Eldorado,72894,04:00:00,0.0
K43,Portal Eldorado,72894,04:03:30,3.5
K43,Portal Eldorado,72894,04:07:00,3.5
K43,Portal Eldorado,72894,04:10:30,3.5
K43,Portal Eldorado,72894,04:14:00,3.5
K43,Portal Eldorado,72894,04:17:30,3.5
K43,Portal Eldorado,72894,04:21:00,3.5
K43,Portal Eldorado,72894,04:24:30,3.5
K43,Portal Eldorado,72894,04:28:00,3.5
K43,Portal Eldorado,72894,04:31:30,3.5
K43,Portal Eldorado,72894,04:35:00,3.5
K43,Portal Eldorado,72894,04:38:30,3.5
K43,Portal Eldorado,72894,04:42:00,3.5
K43,Portal Eldorado,72894,04:45:30,3.5
K43,Portal Eldorado,72894,04:49:00,3.5
K43,Portal Eldorado,72894,04:52:30,3.5
K43,Portal Eldorado,72894,04:56:00,3.5
K43,Portal Eldorado,72894,04:59:30,3.5
K43,Portal Eldorado,72894,05:03:00,3.5
K43,Portal Eldorado,72894,05:06:30,3.5
K43,Portal Eldorado,72894,05:10:00,3.5
K43,Portal Eldorado,72894,05:13:30,3.5
K43,Portal Eldorado,72894,05:17:00,3.5
K43,Portal Eldorado,72894,05:20:30,3.5
K43,Portal Eldorado,72894,05:24:00,3.5
K43,Portal Eldorado,72894,05:27:30,3.5
K43,Portal Eldorado,72894,05:31:00,3.5
K43,Portal Eldorado,72894,05:34:30,3.5
K43,Portal Eldorado,72894,05:38:00,3.5
K43,Portal Eldorado,72894,05:41:30,3.5
K43,Portal Eldorado,72894,05:45:00,3.5
K43,Portal Eldorado,72894,05:48:30,3.5
K43,Portal Eldorado,72894,05:52:00,3.5
K43,Portal Eldorado,72894,05:55:30,3.5
K43,Portal Eldorado,72894,05:59:00,3.5
K43,Portal Eldorado,72894,06:02:30,3.5
K43,Portal Eldorado,72894,06:06:00,3.5
K43,Portal Eldorado,72894,06:09:30,3.5
K43,Portal Eldorado,72894,06:13:00,3.5
K43,Portal Eldorado,72894,06:16:30,3.5
K43,Portal Eldorado,72894,06:20:00,3.5
K43,Portal Eldorado,72894,06:23:30,3.5
K43,Portal Eldorado,72894,06:27:00,3.5
K43,Portal Eldorado,72894,06:30:30,3.5
K43,Portal Eldorado,72894,06:34:00,3.5
K43,Portal Eldorado,72894,06:37:30,3.5
K43,Portal Eldorado,72894,06:41:00,3.5
K43,Portal Eldorado,72894,06:44:30,3.5
K43,Portal Eldorado,72894,06:48:00,3.5
K43,Portal Eldorado,72894,06:51:30,3.5
K43,Portal Eldorado,72894,06:55:00,3.5
K43,Portal Eldorado,72894,06:58:30,3.5
K43,Portal Eldorado,72894,07:02:00,3.5
K43,Portal Eldorado,72894,07:05:30,3.5
K43,Portal Eldorado,72894,07:09:00,3.5
K43,Portal Eldorado,72894,07:12:30,3.5
K43,Portal Eldorado,72894,07:16:00,3.5
K43,Portal Eldorado,72894,07:19:30,3.5
K43,Portal Eldorado,72894,07:23:00,3.5
K43,Portal Eldorado,72894,07:26:30,3.5
K43,Portal Eldorado,72894,07:30:00,3.5
K43,Portal Eldorado,72894,07:33:30,3.5
K43,Portal Eldorado,72894,07:37:00,3.5
K43,Portal Eldorado,72894,07:40:30,3.5
K43,Portal Eldorado,72894,07:44:00,3.5
K43,Portal Eldorado,72894,07:47:30,3.5
K43,Portal Eldorado,72894,07:51:45,4.2
K43,Portal Eldorado,72894,07:56:00,4.2
K43,Portal Eldorado,72894,08:00:15,4.2
K43,Portal Eldorado,72894,08:04:30,4.2
K43,Portal Eldorado,72894,08:08:45,4.2
K43,Portal Eldorado,72894,08:13:00,4.2
K43,Portal Eldorado,72894,08:17:15,4.2
K43,Portal Eldorado,72894,08:22:15,5.0
K43,Portal Eldorado,72894,08:27:15,5.0
K43,Portal Eldorado,72894,08:32:15,5.0
K43,Portal Eldorado,72894,08:37:15,5.0
K43,Portal Eldorado,72894,08:42:15,5.0
K43,Portal Eldorado,72894,08:47:15,5.0
K43,Portal Eldorado,72894,08:52:15,5.0
K43,Portal Eldorado,72894,08:57:15,5.0
K43,Portal Eldorado,72894,09:02:15,5.0
K43,Portal Eldorado,72894,09:07:15,5.0
K43,Portal Eldorado,72894,09:12:15,5.0
K43,Portal Eldorado,72894,09:17:15,5.0
K43,Portal Eldorado,72894,09:22:15,5.0
K43,Portal Eldorado,72894,09:27:15,5.0
K43,Portal Eldorado,72894,09:32:15,5.0
K43,Portal Eldorado,72894,09:37:15,5.0
K43,Portal Eldorado,72894,09:42:15,5.0
K43,Portal Eldorado,72894,09:47:15,5.0
K43,Portal Eldorado,72894,09:52:15,5.0
K43,Portal Eldorado,72894,09:57:15,5.0
K43,Portal Eldorado,72894,10:02:15,5.0
K43,Portal Eldorado,72894,10:07:15,5.0
K43,Portal Eldorado,72894,10:12:15,5.0
K43,Portal Eldorado,72894,10:17:15,5.0
K43,Portal Eldorado,72894,10:22:15,5.0
K43,Portal Eldorado,72894,10:27:15,5.0
K43,Portal Eldorado,72894,10:32:15,5.0
K43,Portal Eldorado,72894,10:37:15,5.0
K43,Portal Eldorado,72894,10:42:15,5.0
K43,Portal Eldorado,72894,10:47:15,5.0
K43,Portal Eldorado,72894,10:52:15,5.0
K43,Portal Eldorado,72894,10:57:15,5.0
K43,Portal Eldorado,72894,11:02:15,5.0
K43,Portal Eldorado,72894,11:07:15,5.0
K43,Portal Eldorado,72894,11:12:15,5.0
K43,Portal Eldorado,72894,11:17:15,5.0
K43,Portal Eldorado,72894,11:22:15,5.0
K43,Portal Eldorado,72894,11:27:15,5.0
K43,Portal Eldorado,72894,11:32:15,5.0
K43,Portal Eldorado,72894,11:37:15,5.0
K43,Portal Eldorado,72894,11:42:15,5.0
K43,Portal Eldorado,72894,11:47:15,5.0
K43,Portal Eldorado,72894,11:52:15,5.0
K43,Portal Eldorado,72894,11:57:15,5.0
K43,Portal Eldorado,72894,12:02:15,5.0
K43,Portal Eldorado,72894,12:07:15,5.0
K43,Portal Eldorado,72894,12:12:15,5.0
K43,Portal Eldorado,72894,12:17:15,5.0
K43,Portal Eldorado,72894,12:22:15,5.0
K43,Portal Eldorado,72894,12:27:15,5.0
K43,Portal Eldorado,72894,12:32:15,5.0
K43,Portal Eldorado,72894,12:37:15,5.0
K43,Portal Eldorado,72894,12:42:15,5.0
K43,Portal Eldorado,72894,12:47:15,5.0
K43,Portal Eldorado,72894,12:52:15,5.0
K43,Portal Eldorado,72894,12:57:15,5.0
K43,Portal Eldorado,72894,13:02:15,5.0
K43,Portal Eldorado,72894,13:07:15,5.0
K43,Portal Eldorado,72894,13:12:15,5.0
K43,Portal Eldorado,72894,13:17:15,5.0
K43,Portal Eldorado,72894,13:22:15,5.0
K43,Portal Eldorado,72894,13:27:15,5.0
K43,Portal Eldorado,72894,13:32:15,5.0
K43,Portal Eldorado,72894,13:37:15,5.0
K43,Portal Eldorado,72894,13:42:15,5.0
K43,Portal Eldorado,72894,13:47:15,5.0
K43,Portal Eldorado,72894,13:52:15,5.0
K43,Portal Eldorado,72894,13:57:15,5.0
K43,Portal Eldorado,72894,14:02:15,5.0
K43,Portal Eldorado,72894,14:07:15,5.0
K43,Portal Eldorado,72894,14:12:15,5.0
K43,Portal Eldorado,72894,14:17:15,5.0
K43,Portal Eldorado,72894,14:22:15,5.0
K43,Portal Eldorado,72894,14:27:15,5.0
K43,Portal Eldorado,72894,14:32:15,5.0
K43,Portal Eldorado,72894,14:37:15,5.0
K43,Portal Eldorado,72894,14:42:15,5.0
K43,Portal Eldorado,72894,14:47:15,5.0
K43,Portal Eldorado,72894,14:52:15,5.0
K43,Portal Eldorado,72894,14:57:15,5.0
K43,Portal Eldorado,72894,15:02:15,5.0
K43,Portal Eldorado,72894,15:07:15,5.0
K43,Portal Eldorado,72894,15:12:15,5.0
K43,Portal Eldorado,72894,15:17:15,5.0
K43,Portal Eldorado,72894,15:22:15,5.0
K43,Portal Eldorado,72894,15:27:15,5.0
K43,Portal Eldorado,72894,15:32:15,5.0
K43,Portal Eldorado,72894,15:37:15,5.0
K43,Portal Eldorado,72894,15:42:15,5.0
K43,Portal Eldorado,72894,15:47:15,5.0
K43,Portal Eldorado,72894,15:52:15,5.0
K43,Portal Eldorado,72894,15:57:15,5.0
K43,Portal Eldorado,72894,16:02:15,5.0
K43,Portal Eldorado,72894,16:07:15,5.0
K43,Portal Eldorado,72894,16:12:15,5.0
K43,Portal Eldorado,72894,16:17:15,5.0
K43,Portal Eldorado,72894,16:22:15,5.0
K43,Portal Eldorado,72894,16:27:15,5.0
K43,Portal Eldorado,72894,16:32:15,5.0
K43,Portal Eldorado,72894,16:37:15,5.0
K43,Portal Eldorado,72894,16:42:15,5.0
K43,Portal Eldorado,72894,16:47:15,5.0
K43,Portal Eldorado,72894,16:52:15,5.0
K43,Portal Eldorado,72894,16:57:15,5.0
K43,Portal Eldorado,72894,17:02:15,5.0
K43,Portal Eldorado,72894,17:07:15,5.0
K43,Portal Eldorado,72894,17:12:15,5.0
K43,Portal Eldorado,72894,17:17:15,5.0
K43,Portal Eldorado,72894,17:22:15,5.0
K43,Portal Eldorado,72894,17:27:15,5.0
K43,Portal Eldorado,72894,17:32:15,5.0
K43,Portal Eldorado,72894,17:37:15,5.0
K43,Portal Eldorado,72894,17:42:15,5.0
K43,Portal Eldorado,72894,17:47:15,5.0
K43,Portal Eldorado,72894,17:52:15,5.0
K43,Portal Eldorado,72894,17:57:15,5.0
K43,Portal Eldorado,72894,18:02:15,5.0
K43,Portal Eldorado,72894,18:09:00,6.8
K43,Portal Eldorado,72894,18:15:45,6.8
K43,Portal Eldorado,72894,18:22:30,6.8
K43,Portal Eldorado,72894,18:29:15,6.8
K43,Portal Eldorado,72894,18:36:00,6.8
K43,Portal Eldorado,72894,18:42:45,6.8
K43,Portal Eldorado,72894,18:49:30,6.8
K43,Portal Eldorado,72894,18:56:15,6.8
K43,Portal Eldorado,72894,19:03:00,6.8
K43,Portal Eldorado,72894,19:09:45,6.8
K43,Portal Eldorado,72894,19:16:30,6.8
K43,Portal Eldorado,72894,19:23:45,7.2
K43,Portal Eldorado,72894,19:31:00,7.2
K43,Portal Eldorado,72894,19:38:45,7.8
K43,Portal Eldorado,72894,19:46:30,7.8
K43,Portal Eldorado,72894,19:54:30,8.0
K43,Portal Eldorado,72894,20:02:30,8.0
K43,Portal Eldorado,72894,20:10:30,8.0
K43,Portal Eldorado,72894,20:18:30,8.0
K43,Portal Eldorado,72894,20:26:30,8.0
K43,Portal Eldorado,72894,20:34:30,8.0
K43,Portal Eldorado,72894,20:42:30,8.0
K43,Portal Eldorado,72894,20:50:30,8.0
K43,Portal Eldorado,72894,20:58:30,8.0
K43,Portal Eldorado,72894,21:06:30,8.0
K43,Portal Eldorado,72894,21:14:30,8.0
K43,Portal Eldorado,72894,21:22:30,8.0
K43,Portal Eldorado,72894,21:30:30,8.0
K43,Portal Eldorado,72894,21:38:30,8.0
K43,Portal Eldorado,72894,21:46:30,8.0
K43,Portal Eldorado,72894,21:54:30,8.0
K43,Portal Eldorado,72894,22:02:30,8.0
K43,Portal Eldorado,72894,22:13:45,11.2
K43,Portal Eldorado,72894,22:25:00,11.2
K43,Portal Eldorado,72894,22:36:15,11.2
K43,Portal Eldorado,72894,22:47:30,11.2
K43,Portal Eldorado,72894,23:00:00,12.5
K43,Portal Eldorado,72898,05:30:45,0.0
K43,Portal Eldorado,72898,05:37:00,6.2
K43,Portal Eldorado,72898,05:43:00,6.0
K43,Portal Eldorado,72898,05:49:00,6.0
K43,Portal Eldorado,72898,05:55:00,6.0
K43,Portal Eldorado,72898,06:01:00,6.0
K43,Portal Eldorado,72898,06:07:00,6.0
K43,Portal Eldorado,72898,06:13:00,6.0
K43,Portal Eldorado,72898,06:19:15,6.2
K43,Portal Eldorado,72898,06:25:15,6.0
K43,Portal Eldorado,72898,06:31:15,6.0
K43,Portal Eldorado,72898,06:37:15,6.0
K43,Portal Eldorado,72898,06:43:30,6.2
K43,Portal Eldorado,72898,06:49:30,6.0
K43,Portal Eldorado,72898,06:55:30,6.0
K43,Portal Eldorado,72898,07:01:30,6.0
K43,Portal Eldorado,72898,07:07:30,6.0
K43,Portal Eldorado,72898,07:13:30,6.0
K43,Portal Eldorado,72898,07:19:30,6.0
K43,Portal Eldorado,72898,07:25:45,6.2
D55,Portal 80,72937,15:00:00,0.0
D55,Portal 80,72937,15:06:45,6.8
D55,Portal 80,72937,15:13:30,6.8
D55,Portal 80,72937,15:20:15,6.8
D55,Portal 80,72937,15:27:00,6.8
D55,Portal 80,72937,15:33:45,6.8
D55,Portal 80,72937,15:40:00,6.2
D55,Portal 80,72937,15:46:15,6.2
D55,Portal 80,72937,15:51:30,5.2
D55,Portal 80,72937,15:56:45,5.2
D55,Portal 80,72937,16:02:00,5.2
D55,Portal 80,72937,16:07:00,5.0
D55,Portal 80,72937,16:12:00,5.0
D55,Portal 80,72937,16:17:00,5.0
D55,Portal 80,72937,16:22:00,5.0
D55,Portal 80,72937,16:27:00,5.0
D55,Portal 80,72937,16:32:00,5.0
D55,Portal 80,72937,16:37:00,5.0
D55,Portal 80,72937,16:42:00,5.0
D55,Portal 80,72937,16:47:00,5.0
D55,Portal 80,72937,16:52:00,5.0
D55,Portal 80,72937,16:57:00,5.0
D55,Portal 80,72937,17:02:00,5.0
D55,Portal 80,72937,17:07:00,5.0
D55,Portal 80,72937,17:12:00,5.0
D55,Portal 80,72937,17:17:00,5.0
D55,Portal 80,72937,17:22:00,5.0
D55,Portal 80,72937,17:27:00,5.0
D55,Portal 80,72937,17:32:00,5.0
D55,Portal 80,72937,17:37:00,5.0
D55,Portal 80,72937,17:42:00,5.0
D55,Portal 80,72937,17:47:00,5.0
D55,Portal 80,72937,17:52:00,5.0
D55,Portal 80,72937,17:57:00,5.0
D55,Portal 80,72937,18:02:00,5.0
D55,Portal 80,72937,18:07:15,5.2
D55,Portal 80,72937,18:12:30,5.2
D55,Portal 80,72937,18:17:45,5.2
D55,Portal 80,72937,18:23:00,5.2
D55,Portal 80,72937,18:28:15,5.2
D55,Portal 80,72937,18:33:30,5.2
D55,Portal 80,72937,18:39:30,6.0
D55,Portal 80,72937,18:45:30,6.0
D55,Portal 80,72937,18:51:30,6.0
D55,Portal 80,72937,18:57:30,6.0
D55,Portal 80,72937,19:03:30,6.0
D55,Portal 80,72937,19:10:30,7.0
D55,Portal 80,72937,19:15:15,4.8
D55,Portal 80,72937,19:20:00,4.8
D55,Portal 80,72937,19:25:45,5.8
D55,Portal 80,72937,19:30:30,4.8
D55,Portal 80,72937,19:35:15,4.8
D55,Portal 80,72937,19:40:00,4.8
D55,Portal 80,72937,19:46:00,6.0
D55,Portal 80,72937,19:53:00,7.0
D55,Portal 80,72937,20:00:00,7.0
G45,Portal Sur,62285,05:00:00,0.0
G45,Portal Sur,62285,05:09:00,9.0
G45,Portal Sur,62285,05:18:00,9.0
G45,Portal Sur,62285,05:27:00,9.0
G45,Portal Sur,62285,05:36:00,9.0
G45,Portal Sur,62285,05:45:00,9.0
G45,Portal Sur,62285,05:54:00,9.0
G45,Portal Sur,62285,06:03:00,9.0
G45,Portal Sur,62285,06:12:00,9.0
G45,Portal Sur,62285,06:21:00,9.0
G45,Portal Sur,62285,06:30:00,9.0
G45,Portal Sur,62285,06:39:00,9.0
G45,Portal Sur,62285,06:48:00,9.0
G45,Portal Sur,62285,06:57:00,9.0
G45,Portal Sur,62285,07:06:00,9.0
G45,Portal Sur,62285,07:16:30,10.5
G45,Portal Sur,62285,07:26:15,9.8
G45,Portal Sur,62285,07:33:30,7.2
G45,Portal Sur,62285,07:43:45,10.2
G45,Portal Sur,62285,07:51:00,7.2
G45,Portal Sur,62285,08:00:00,9.0
G45,Portal Sur,62285,16:30:00,510.0
G45,Portal Sur,62285,16:45:00,15.0
G45,Portal Sur,62285,17:00:00,15.0
G45,Portal Sur,62285,17:17:00,17.0
G45,Portal Sur,62285,17:34:00,17.0
G45,Portal Sur,62285,17:51:00,17.0
G45,Portal Sur,62285,18:08:00,17.0
G45,Portal Sur,62285,18:25:00,17.0
G45,Portal Sur,62285,18:42:00,17.0
G45,Portal Sur,62285,18:59:00,17.0
G45,Portal Sur,62285,19:16:00,17.0
G45,Portal Sur,62285,19:33:00,17.0
G45,Portal Sur,62285,19:50:00,17.0
G45,Portal Sur,62285,20:07:00,17.0
G45,Portal Sur,62285,20:24:00,17.0
G45,Portal Sur,62285,20:41:00,17.0
G45,Portal Sur,62285,21:00:45,19.8
G45,Portal Sur,62285,21:15:15,14.5
G45,Portal Sur,62285,21:30:00,14.8
C50,P. Suba,61208,16:30:00,0.0
C50,P. Suba,61208,16:36:30,6.5
C50,P. Suba,61208,16:43:00,6.5
C50,P. Suba,61208,16:49:30,6.5
C50,P. Suba,61208,16:56:00,6.5
C50,P. Suba,61208,17:02:30,6.5
C50,P. Suba,61208,17:09:00,6.5
C50,P. Suba,61208,17:15:30,6.5
C50,P. Suba,61208,17:22:00,6.5
C50,P. Suba,61208,17:28:30,6.5
C50,P. Suba,61208,17:35:00,6.5
C50,P. Suba,61208,17:40:45,5.8
C50,P. Suba,61208,17:46:30,5.8
C50,P. Suba,61208,17:52:15,5.8
C50,P. Suba,61208,17:58:00,5.8
C50,P. Suba,61208,18:03:45,5.8
C50,P. Suba,61208,18:09:30,5.8
C50,P. Suba,61208,18:15:15,5.8
C50,P. Suba,61208,18:21:00,5.8
C50,P. Suba,61208,18:26:45,5.8
C50,P. Suba,61208,18:32:30,5.8
C50,P. Suba,61208,18:39:45,7.2
C50,P. Suba,61208,18:47:00,7.2
C50,P. Suba,61208,18:54:15,7.2
C50,P. Suba,61208,19:01:30,7.2
C50,P. Suba,61208,19:09:45,8.2
C50,P. Suba,61208,19:17:45,8.0
C50,P. Suba,61208,19:25:00,7.2
C50,P. Suba,61208,19:32:15,7.2
C50,P. Suba,61208,19:41:00,8.8
C50,P. Suba,61208,19:51:00,10.0
C50,P. Suba,61208,20:00:00,9.0
H72,P. Usme,61249,05:30:00,0.0
H72,P. Usme,61249,05:36:00,6.0
H72,P. Usme,61249,05:42:00,6.0
H72,P. Usme,61249,05:48:00,6.0
H72,P. Usme,61249,05:54:00,6.0
H72,P. Usme,61249,06:00:00,6.0
H72,P. Usme,61249,06:06:00,6.0
H72,P. Usme,61249,06:12:00,6.0
H72,P. Usme,61249,06:18:00,6.0
H72,P. Usme,61249,06:24:00,6.0
H72,P. Usme,61249,06:30:00,6.0
H72,P. Usme,61249,06:36:00,6.0
H72,P. Usme,61249,06:42:00,6.0
H72,P. Usme,61249,06:48:00,6.0
H72,P. Usme,61249,06:54:00,6.0
H72,P. Usme,61249,07:00:00,6.0
H72,P. Usme,61249,07:05:45,5.8
H72,P. Usme,61249,07:11:30,5.8
H72,P. Usme,61249,07:17:15,5.8
H72,P. Usme,61249,07:23:00,5.8
H72,P. Usme,61249,07:28:45,5.8
H72,P. Usme,61249,07:34:30,5.8
H72,P. Usme,61249,07:40:15,5.8
H72,P. Usme,61249,07:46:00,5.8
H72,P. Usme,61249,07:51:45,5.8
H72,P. Usme,61249,07:57:30,5.8
H72,P. Usme,61249,08:03:15,5.8
H72,P. Usme,61249,08:09:00,5.8
H72,P. Usme,61249,08:14:45,5.8
H72,P. Usme,61249,08:20:30,5.8
H72,P. Usme,61249,08:26:15,5.8
H72,P. Usme,61249,08:32:00,5.8
H72,P. Usme,61249,08:36:30,4.5
H72,P. Usme,61249,08:41:00,4.5
H72,P. Usme,61249,08:45:30,4.5
H72,P. Usme,61249,08:50:00,4.5
H72,P. Usme,61249,08:54:30,4.5
H72,P. Usme,61249,08:59:00,4.5
H72,P. Usme,61249,09:03:30,4.5
H72,P. Usme,61249,09:08:00,4.5
H72,P. Usme,61249,09:12:30,4.5
H72,P. Usme,61249,09:17:00,4.5
H72,P. Usme,61249,09:21:30,4.5
H72,P. Usme,61249,09:26:00,4.5
H72,P. Usme,61249,09:30:30,4.5
H72,P. Usme,61249,09:35:00,4.5
H72,P. Usme,61249,09:39:30,4.5
H72,P. Usme,61249,09:44:00,4.5
H72,P. Usme,61249,09:48:30,4.5
H72,P. Usme,61249,09:53:00,4.5
H72,P. Usme,61249,09:57:30,4.5
H72,P. Usme,61249,10:02:00,4.5
H72,P. Usme,61249,10:06:45,4.8
H72,P. Usme,61249,10:11:30,4.8
H72,P. Usme,61249,10:16:15,4.8
H72,P. Usme,61249,10:21:00,4.8
H72,P. Usme,61249,10:25:45,4.8
H72,P. Usme,61249,10:30:30,4.8
H72,P. Usme,61249,10:35:15,4.8
H72,P. Usme,61249,10:40:00,4.8
H72,P. Usme,61249,10:44:45,4.8
H72,P. Usme,61249,10:49:30,4.8
H72,P. Usme,61249,10:54:15,4.8
H72,P. Usme,61249,10:59:00,4.8
H72,P. Usme,61249,11:03:45,4.8
H72,P. Usme,61249,11:08:30,4.8
H72,P. Usme,61249,11:13:15,4.8
H72,P. Usme,61249,11:18:00,4.8
H72,P. Usme,61249,11:22:45,4.8
H72,P. Usme,61249,11:27:30,4.8
H72,P. Usme,61249,11:32:15,4.8
H72,P. Usme,61249,11:37:00,4.8
H72,P. Usme,61249,11:41:45,4.8
H72,P. Usme,61249,11:46:30,4.8
H72,P. Usme,61249,11:51:15,4.8
H72,P. Usme,61249,11:56:00,4.8
H72,P. Usme,61249,12:00:45,4.8
H72,P. Usme,61249,12:05:30,4.8
H72,P. Usme,61249,12:10:15,4.8
H72,P. Usme,61249,12:15:00,4.8
H72,P. Usme,61249,12:19:45,4.8
H72,P. Usme,61249,12:24:30,4.8
H72,P. Usme,61249,12:29:15,4.8
H72,P. Usme,61249,12:34:00,4.8
H72,P. Usme,61249,12:38:45,4.8
H72,P. Usme,61249,12:43:30,4.8
H72,P. Usme,61249,12:48:15,4.8
H72,P. Usme,61249,12:53:00,4.8
H72,P. Usme,61249,12:57:45,4.8
H72,P. Usme,61249,13:02:30,4.8
H72,P. Usme,61249,13:07:15,4.8
H72,P. Usme,61249,13:12:00,4.8
H72,P. Usme,61249,13:16:45,4.8
H72,P. Usme,61249,13:21:30,4.8
H72,P. Usme,61249,13:26:15,4.8
H72,P. Usme,61249,13:31:00,4.8
H72,P. Usme,61249,13:35:45,4.8
H72,P. Usme,61249,13:40:30,4.8
H72,P. Usme,61249,13:45:15,4.8
H72,P. Usme,61249,13:50:00,4.8
H72,P. Usme,61249,13:54:45,4.8
H72,P. Usme,61249,13:59:30,4.8
H72,P. Usme,61249,14:04:15,4.8
H72,P. Usme,61249,14:09:00,4.8
H72,P. Usme,61249,14:13:45,4.8
H72,P. Usme,61249,14:18:30,4.8
H72,P. Usme,61249,14:23:00,4.5
H72,P. Usme,61249,14:27:30,4.5
H72,P. Usme,61249,14:32:00,4.5
H72,P. Usme,61249,14:36:30,4.5
H72,P. Usme,61249,14:41:00,4.5
H72,P. Usme,61249,14:45:30,4.5
H72,P. Usme,61249,14:50:00,4.5
H72,P. Usme,61249,14:54:30,4.5
H72,P. Usme,61249,14:59:00,4.5
H72,P. Usme,61249,15:03:30,4.5
H72,P. Usme,61249,15:07:45,4.2
H72,P. Usme,61249,15:12:00,4.2
H72,P. Usme,61249,15:16:15,4.2
H72,P. Usme,61249,15:20:15,4.0
H72,P. Usme,61249,15:24:15,4.0
H72,P. Usme,61249,15:28:15,4.0
H72,P. Usme,61249,15:32:15,4.0
H72,P. Usme,61249,15:35:45,3.5
H72,P. Usme,61249,15:39:15,3.5
H72,P. Usme,61249,15:42:45,3.5
H72,P. Usme,61249,15:46:15,3.5
H72,P. Usme,61249,15:49:15,3.0
H72,P. Usme,61249,15:52:15,3.0
H72,P. Usme,61249,15:55:15,3.0
H72,P. Usme,61249,15:58:15,3.0
H72,P. Usme,61249,16:01:15,3.0
H72,P. Usme,61249,16:04:00,2.8
H72,P. Usme,61249,16:06:45,2.8
H72,P. Usme,61249,16:09:30,2.8
H72,P. Usme,61249,16:12:15,2.8
H72,P. Usme,61249,16:15:00,2.8
H72,P. Usme,61249,16:17:45,2.8
H72,P. Usme,61249,16:20:30,2.8
H72,P. Usme,61249,16:23:15,2.8
H72,P. Usme,61249,16:26:00,2.8
H72,P. Usme,61249,16:28:45,2.8
H72,P. Usme,61249,16:31:30,2.8
H72,P. Usme,61249,16:34:15,2.8
H72,P. Usme,61249,16:37:00,2.8
H72,P. Usme,61249,16:39:45,2.8
H72,P. Usme,61249,16:42:30,2.8
H72,P. Usme,61249,16:45:15,2.8
H72,P. Usme,61249,16:48:00,2.8
H72,P. Usme,61249,16:50:45,2.8
H72,P. Usme,61249,16:53:30,2.8
H72,P. Usme,61249,16:56:15,2.8
H72,P. Usme,61249,16:59:00,2.8
H72,P. Usme,61249,17:01:45,2.8
H72,P. Usme,61249,17:04:30,2.8
H72,P. Usme,61249,17:07:15,2.8
H72,P. Usme,61249,17:10:00,2.8
H72,P. Usme,61249,17:12:45,2.8
H72,P. Usme,61249,17:15:30,2.8
H72,P. Usme,61249,17:18:15,2.8
H72,P. Usme,61249,17:21:00,2.8
H72,P. Usme,61249,17:23:45,2.8
H72,P. Usme,61249,17:26:30,2.8
H72,P. Usme,61249,17:29:15,2.8
H72,P. Usme,61249,17:32:00,2.8
H72,P. Usme,61249,17:35:15,3.2
H72,P. Usme,61249,17:38:30,3.2
H72,P. Usme,61249,17:41:45,3.2
H72,P. Usme,61249,17:45:00,3.2
H72,P. Usme,61249,17:48:15,3.2
H72,P. Usme,61249,17:51:30,3.2
H72,P. Usme,61249,17:54:45,3.2
H72,P. Usme,61249,17:58:00,3.2
H72,P. Usme,61249,18:01:15,3.2
H72,P. Usme,61249,18:06:00,4.8
H72,P. Usme,61249,18:10:45,4.8
H72,P. Usme,61249,18:15:30,4.8
H72,P. Usme,61249,18:20:15,4.8
H72,P. Usme,61249,18:25:00,4.8
H72,P. Usme,61249,18:29:45,4.8
H72,P. Usme,61249,18:34:30,4.8
H72,P. Usme,61249,18:39:15,4.8
H72,P. Usme,61249,18:44:00,4.8
H72,P. Usme,61249,18:48:45,4.8
H72,P. Usme,61249,18:53:30,4.8
H72,P. Usme,61249,18:58:15,4.8
H72,P. Usme,61249,19:03:00,4.8
H72,P. Usme,61249,19:07:45,4.8
H72,P. Usme,61249,19:12:30,4.8
H72,P. Usme,61249,19:17:15,4.8
H72,P. Usme,61249,19:22:00,4.8
H72,P. Usme,61249,19:26:45,4.8
H72,P. Usme,61249,19:31:30,4.8
H72,P. Usme,61249,19:36:15,4.8
H72,P. Usme,61249,19:41:00,4.8
H72,P. Usme,61249,19:45:45,4.8
H72,P. Usme,61249,19:50:30,4.8
H72,P. Usme,61249,19:55:15,4.8
H72,P. Usme,61249,20:00:00,4.8
H72,P. Usme,61249,20:04:45,4.8
H72,P. Usme,61249,20:09:30,4.8
H72,P. Usme,61249,20:14:15,4.8
H72,P. Usme,61249,20:19:00,4.8
H72,P. Usme,61249,20:23:45,4.8
H72,P. Usme,61249,20:28:30,4.8
H72,P. Usme,61249,20:33:15,4.8
H72,P. Usme,61249,20:38:00,4.8
H72,P. Usme,61249,20:42:45,4.8
H72,P. Usme,61249,20:47:30,4.8
H72,P. Usme,61249,20:54:00,6.5
H72,P. Usme,61249,21:00:30,6.5
H72,P. Usme,61249,21:07:30,7.0
H72,P. Usme,61249,21:14:30,7.0
H72,P. Usme,61249,21:21:30,7.0
H72,P. Usme,61249,21:28:30,7.0
H72,P. Usme,61249,21:35:30,7.0
H72,P. Usme,61249,21:42:15,6.8
H72,P. Usme,61249,21:49:15,7.0
H72,P. Usme,61249,21:56:00,6.8
H72,P. Usme,61249,22:02:45,6.8
H72,P. Usme,61249,22:09:30,6.8
H72,P. Usme,61249,22:17:00,7.5
H72,P. Usme,61249,22:24:15,7.2
H72,P. Usme,61249,22:31:15,7.0
H72,P. Usme,61249,22:37:00,5.8
H72,P. Usme,61249,22:44:00,7.0
H72,P. Usme,61249,22:52:00,8.0
H72,P. Usme,61249,23:00:00,8.0
H72,P. Usme,61574,17:00:00,0.0
H72,P. Usme,61574,17:06:00,6.0
H72,P. Usme,61574,17:11:45,5.8
H72,P. Usme,61574,17:17:30,5.8
H72,P. Usme,61574,17:23:15,5.8
H72,P. Usme,61574,17:29:00,5.8
H72,P. Usme,61574,17:34:45,5.8
H72,P. Usme,61574,17:35:15,0.5
H72,P. Usme,61574,17:46:15,11.0
H72,P. Usme,61574,17:52:00,5.8
H72,P. Usme,61574,17:57:45,5.8
H72,P. Usme,61574,18:03:30,5.8
H72,P. Usme,61574,18:11:45,8.2
H72,P. Usme,61574,18:20:00,8.2
H72,P. Usme,61574,18:28:15,8.2
H72,P. Usme,61574,18:36:15,8.0
H72,P. Usme,61574,18:43:15,7.0
H72,P. Usme,61574,18:51:15,8.0
H72,P. Usme,61574,18:59:15,8.0
B72,Toberín,61838,04:30:00,0.0
B72,Toberín,61838,04:32:15,2.2
B72,Toberín,61838,04:34:30,2.2
B72,Toberín,61838,04:36:45,2.2
B72,Toberín,61838,04:39:00,2.2
B72,Toberín,61838,04:41:15,2.2
B72,Toberín,61838,04:43:30,2.2
B72,Toberín,61838,04:45:45,2.2
B72,Toberín,61838,04:48:00,2.2
B72,Toberín,61838,04:50:15,2.2
B72,Toberín,61838,04:52:30,2.2
B72,Toberín,61838,04:54:45,2.2
B72,Toberín,61838,04:57:00,2.2
B72,Toberín,61838,04:59:15,2.2
B72,Toberín,61838,05:01:30,2.2
B72,Toberín,61838,05:03:45,2.2
B72,Toberín,61838,05:06:00,2.2
B72,Toberín,61838,05:08:15,2.2
B72,Toberín,61838,05:10:30,2.2
B72,Toberín,61838,05:12:45,2.2
B72,Toberín,61838,05:15:00,2.2
B72,Toberín,61838,05:17:15,2.2
B72,Toberín,61838,05:19:30,2.2
B72,Toberín,61838,05:21:45,2.2
B72,Toberín,61838,05:24:00,2.2
B72,Toberín,61838,05:26:15,2.2
B72,Toberín,61838,05:28:30,2.2
B72,Toberín,61838,05:30:45,2.2
B72,Toberín,61838,05:33:00,2.2
B72,Toberín,61838,05:35:15,2.2
B72,Toberín,61838,05:37:30,2.2
B72,Toberín,61838,05:39:45,2.2
B72,Toberín,61838,05:42:00,2.2
B72,Toberín,61838,05:44:15,2.2
B72,Toberín,61838,05:46:30,2.2
B72,Toberín,61838,05:48:45,2.2
B72,Toberín,61838,05:51:00,2.2
B72,Toberín,61838,05:53:15,2.2
B72,Toberín,61838,05:55:30,2.2
B72,Toberín,61838,05:57:45,2.2
B72,Toberín,61838,06:00:00,2.2
B72,Toberín,61838,06:02:15,2.2
B72,Toberín,61838,06:04:30,2.2
B72,Toberín,61838,06:06:45,2.2
B72,Toberín,61838,06:09:00,2.2
B72,Toberín,61838,06:11:15,2.2
B72,Toberín,61838,06:13:30,2.2
B72,Toberín,61838,06:15:45,2.2
B72,Toberín,61838,06:18:00,2.2
B72,Toberín,61838,06:20:15,2.2
B72,Toberín,61838,06:22:30,2.2
B72,Toberín,61838,06:24:45,2.2
B72,Toberín,61838,06:27:00,2.2
B72,Toberín,61838,06:29:15,2.2
B72,Toberín,61838,06:31:30,2.2
B72,Toberín,61838,06:33:45,2.2
B72,Toberín,61838,06:36:00,2.2
B72,Toberín,61838,06:38:15,2.2
B72,Toberín,61838,06:40:30,2.2
B72,Toberín,61838,06:42:45,2.2
B72,Toberín,61838,06:45:00,2.2
B72,Toberín,61838,06:47:15,2.2
B72,Toberín,61838,06:49:30,2.2
B72,Toberín,61838,06:51:45,2.2
B72,Toberín,61838,06:54:00,2.2
B72,Toberín,61838,06:56:15,2.2
B72,Toberín,61838,06:58:30,2.2
B72,Toberín,61838,07:00:45,2.2
B72,Toberín,61838,07:03:15,2.5
B72,Toberín,61838,07:05:45,2.5
B72,Toberín,61838,07:08:15,2.5
B72,Toberín,61838,07:10:45,2.5
B72,Toberín,61838,07:13:15,2.5
B72,Toberín,61838,07:15:45,2.5
B72,Toberín,61838,07:18:30,2.8
B72,Toberín,61838,07:21:15,2.8
B72,Toberín,61838,07:24:00,2.8
B72,Toberín,61838,07:26:45,2.8
B72,Toberín,61838,07:29:30,2.8
B72,Toberín,61838,07:32:15,2.8
B72,Toberín,61838,07:35:15,3.0
B72,Toberín,61838,07:38:15,3.0
B72,Toberín,61838,07:41:15,3.0
B72,Toberín,61838,07:44:15,3.0
B72,Toberín,61838,07:47:15,3.0
B72,Toberín,61838,07:50:30,3.2
B72,Toberín,61838,07:53:45,3.2
B72,Toberín,61838,07:57:00,3.2
B72,Toberín,61838,08:00:15,3.2
B72,Toberín,61838,08:03:45,3.5
B72,Toberín,61838,08:07:15,3.5
B72,Toberín,61838,08:10:45,3.5
B72,Toberín,61838,08:14:15,3.5
B72,Toberín,61838,08:17:45,3.5
B72,Toberín,61838,08:21:15,3.5
B72,Toberín,61838,08:24:45,3.5
B72,Toberín,61838,08:28:15,3.5
B72,Toberín,61838,08:31:45,3.5
B72,Toberín,61838,08:35:15,3.5
B72,Toberín,61838,08:38:45,3.5
B72,Toberín,61838,08:42:15,3.5
B72,Toberín,61838,08:45:45,3.5
B72,Toberín,61838,08:49:15,3.5
B72,Toberín,61838,08:52:45,3.5
B72,Toberín,61838,08:56:15,3.5
B72,Toberín,61838,08:59:45,3.5
B72,Toberín,61838,09:03:15,3.5
B72,Toberín,61838,09:06:45,3.5
B72,Toberín,61838,09:10:15,3.5
B72,Toberín,61838,09:13:45,3.5
B72,Toberín,61838,09:17:15,3.5
B72,Toberín,61838,09:20:45,3.5
B72,Toberín,61838,09:24:15,3.5
B72,Toberín,61838,09:27:45,3.5
B72,Toberín,61838,09:31:15,3.5
B72,Toberín,61838,09:35:00,3.8
B72,Toberín,61838,09:38:45,3.8
B72,Toberín,61838,09:42:30,3.8
B72,Toberín,61838,09:46:15,3.8
B72,Toberín,61838,09:50:30,4.2
B72,Toberín,61838,09:54:45,4.2
B72,Toberín,61838,09:59:00,4.2
B72,Toberín,61838,10:03:15,4.2
B72,Toberín,61838,10:08:00,4.8
B72,Toberín,61838,10:12:45,4.8
B72,Toberín,61838,10:17:30,4.8
B72,Toberín,61838,10:22:15,4.8
B72,Toberín,61838,10:27:00,4.8
B72,Toberín,61838,10:31:45,4.8
B72,Toberín,61838,10:36:30,4.8
B72,Toberín,61838,10:41:15,4.8
B72,Toberín,61838,10:46:00,4.8
B72,Toberín,61838,10:50:45,4.8
B72,Toberín,61838,10:55:30,4.8
B72,Toberín,61838,11:00:15,4.8
B72,Toberín,61838,11:05:00,4.8
B72,Toberín,61838,11:09:45,4.8
B72,Toberín,61838,11:14:30,4.8
B72,Toberín,61838,11:19:15,4.8
B72,Toberín,61838,11:24:00,4.8
B72,Toberín,61838,11:28:45,4.8
B72,Toberín,61838,11:33:30,4.8
B72,Toberín,61838,11:38:15,4.8
B72,Toberín,61838,11:43:00,4.8
B72,Toberín,61838,11:47:45,4.8
B72,Toberín,61838,11:52:30,4.8
B72,Toberín,61838,11:57:15,4.8
B72,Toberín,61838,12:02:00,4.8
B72,Toberín,61838,12:06:45,4.8
B72,Toberín,61838,12:11:30,4.8
B72,Toberín,61838,12:16:15,4.8
B72,Toberín,61838,12:21:00,4.8
B72,Toberín,61838,12:25:45,4.8
B72,Toberín,61838,12:30:30,4.8
B72,Toberín,61838,12:35:15,4.8
B72,Toberín,61838,12:40:00,4.8
B72,Toberín,61838,12:44:45,4.8
B72,Toberín,61838,12:49:30,4.8
B72,Toberín,61838,12:54:15,4.8
B72,Toberín,61838,12:59:00,4.8
B72,Toberín,61838,13:03:45,4.8
B72,Toberín,61838,13:08:30,4.8
B72,Toberín,61838,13:13:15,4.8
B72,Toberín,61838,13:18:00,4.8
B72,Toberín,61838,13:22:45,4.8
B72,Toberín,61838,13:27:30,4.8
B72,Toberín,61838,13:32:15,4.8
B72,Toberín,61838,13:37:00,4.8
B72,Toberín,61838,13:41:45,4.8
B72,Toberín,61838,13:46:30,4.8
B72,Toberín,61838,13:51:15,4.8
B72,Toberín,61838,13:56:00,4.8
B72,Toberín,61838,14:00:45,4.8
B72,Toberín,61838,14:05:30,4.8
B72,Toberín,61838,14:10:15,4.8
B72,Toberín,61838,14:15:00,4.8
B72,Toberín,61838,14:19:45,4.8
B72,Toberín,61838,14:24:30,4.8
B72,Toberín,61838,14:29:15,4.8
B72,Toberín,61838,14:34:00,4.8
B72,Toberín,61838,14:38:45,4.8
B72,Toberín,61838,14:43:30,4.8
B72,Toberín,61838,14:48:15,4.8
B72,Toberín,61838,14:53:00,4.8
B72,Toberín,61838,14:57:45,4.8
B72,Toberín,61838,15:02:30,4.8
B72,Toberín,61838,15:07:15,4.8
B72,Toberín,61838,15:12:00,4.8
B72,Toberín,61838,15:16:45,4.8
B72,Toberín,61838,15:21:30,4.8
B72,Toberín,61838,15:26:15,4.8
B72,Toberín,61838,15:31:00,4.8
B72,Toberín,61838,15:35:45,4.8
B72,Toberín,61838,15:40:30,4.8
B72,Toberín,61838,15:45:15,4.8
B72,Toberín,61838,15:50:00,4.8
B72,Toberín,61838,15:54:45,4.8
B72,Toberín,61838,15:59:30,4.8
B72,Toberín,61838,16:04:15,4.8
B72,Toberín,61838,16:08:15,4.0
B72,Toberín,61838,16:12:15,4.0
B72,Toberín,61838,16:16:15,4.0
B72,Toberín,61838,16:20:15,4.0
B72,Toberín,61838,16:24:15,4.0
B72,Toberín,61838,16:28:15,4.0
B72,Toberín,61838,16:32:15,4.0
B72,Toberín,61838,16:36:15,4.0
B72,Toberín,61838,16:40:15,4.0
B72,Toberín,61838,16:44:15,4.0
B72,Toberín,61838,16:48:15,4.0
B72,Toberín,61838,16:52:15,4.0
B72,Toberín,61838,16:56:15,4.0
B72,Toberín,61838,17:00:15,4.0
B72,Toberín,61838,17:07:00,6.8
B72,Toberín,61838,17:13:45,6.8
B72,Toberín,61838,17:20:30,6.8
B72,Toberín,61838,17:27:15,6.8
B72,Toberín,61838,17:34:00,6.8
B72,Toberín,61838,17:40:45,6.8
B72,Toberín,61838,17:47:30,6.8
B72,Toberín,61838,17:54:15,6.8
B72,Toberín,61838,18:01:00,6.8
B72,Toberín,61838,18:07:45,6.8
B72,Toberín,61838,18:14:30,6.8
B72,Toberín,61838,18:21:15,6.8
B72,Toberín,61838,18:28:00,6.8
B72,Toberín,61838,18:34:45,6.8
B72,Toberín,61838,18:41:45,7.0
B72,Toberín,61838,18:48:45,7.0
B72,Toberín,61838,18:55:45,7.0
B72,Toberín,61838,19:02:45,7.0
B72,Toberín,61838,19:09:45,7.0
B72,Toberín,61838,19:16:45,7.0
B72,Toberín,61838,19:23:45,7.0
B72,Toberín,61838,19:30:45,7.0
B72,Toberín,61838,19:37:45,7.0
B72,Toberín,61838,19:44:45,7.0
B72,Toberín,61838,19:51:45,7.0
B72,Toberín,61838,19:58:45,7.0
B72,Toberín,61838,20:05:45,7.0
B72,Toberín,61838,20:12:45,7.0
B72,Toberín,61838,20:19:45,7.0
B72,Toberín,61838,20:26:45,7.0
B72,Toberín,61838,20:33:45,7.0
B72,Toberín,61838,20:40:45,7.0
B72,Toberín,61838,20:47:45,7.0
B72,Toberín,61838,20:56:30,8.8
B72,Toberín,61838,21:05:15,8.8
B72,Toberín,61838,21:14:45,9.5
B72,Toberín,61838,21:24:15,9.5
B72,Toberín,61838,21:33:45,9.5
B72,Toberín,61838,21:43:15,9.5
B72,Toberín,61838,21:52:45,9.5
B72,Toberín,61838,22:02:15,9.5
B72,Toberín,61838,22:11:15,9.0
B72,Toberín,61838,22:19:00,7.8
B72,Toberín,61838,22:30:00,11.0
B72,Toberín,61838,22:38:15,8.2
B72,Toberín,61838,22:49:00,10.8
B72,Toberín,61838,23:00:00,11.0
B72,Toberín,62023,05:00:00,0.0
B72,Toberín,62023,05:02:15,2.2
B72,Toberín,62023,05:10:15,8.0
B72,Toberín,62023,05:18:15,8.0
B72,Toberín,62023,05:26:15,8.0
B72,Toberín,62023,05:34:15,8.0
B72,Toberín,62023,05:42:30,8.2
B72,Toberín,62023,05:50:30,8.0
B72,Toberín,62023,05:58:45,8.2
B72,Toberín,62023,06:06:45,8.0
B72,Toberín,62023,06:15:00,8.2
B72,Toberín,62023,06:22:45,7.8
B72,Toberín,62023,06:31:30,8.8
B72,Toberín,62023,06:39:30,8.0
B72,Toberín,62023,06:47:00,7.5
B72,Toberín,62023,06:55:15,8.2
B72,Toberín,62023,07:03:15,8.0
B72,Toberín,62023,07:11:15,8.0
B72,Toberín,62023,07:19:30,8.2
B72,Toberín,62023,07:27:45,8.2
B72,Toberín,62023,07:36:00,8.2
B72,Toberín,62023,07:44:00,8.0
G43,San Mateo,61601,23:45:00,0.0
G43,San Mateo,61601,24:00:00,15.0
6,Portal 80,61921,04:30:00,0.0
6,Portal 80,61921,04:37:00,7.0
6,Portal 80,61921,04:44:00,7.0
6,Portal 80,61921,04:51:00,7.0
6,Portal 80,61921,04:58:00,7.0
6,Portal 80,61921,05:05:00,7.0
6,Portal 80,61921,05:12:00,7.0
6,Portal 80,61921,05:19:00,7.0
6,Portal 80,61921,05:26:00,7.0
6,Portal 80,61921,05:33:00,7.0
6,Portal 80,61921,05:40:00,7.0
6,Portal 80,61921,05:47:00,7.0
6,Portal 80,61921,05:54:00,7.0
6,Portal 80,61921,06:01:00,7.0
6,Portal 80,61921,06:08:00,7.0
6,Portal 80,61921,06:15:00,7.0
6,Portal 80,61921,06:22:00,7.0
6,Portal 80,61921,06:29:00,7.0
6,Portal 80,61921,06:36:00,7.0
6,Portal 80,61921,06:43:00,7.0
6,Portal 80,61921,06:50:00,7.0
6,Portal 80,61921,06:57:00,7.0
6,Portal 80,61921,07:04:00,7.0
6,Portal 80,61921,07:11:00,7.0
6,Portal 80,61921,07:18:00,7.0
6,Portal 80,61921,07:25:00,7.0
6,Portal 80,61921,07:32:00,7.0
6,Portal 80,61921,07:39:30,7.5
6,Portal 80,61921,07:47:00,7.5
6,Portal 80,61921,07:54:30,7.5
6,Portal 80,61921,08:02:00,7.5
6,Portal 80,61921,08:07:45,5.8
6,Portal 80,61921,08:13:30,5.8
6,Portal 80,61921,08:19:15,5.8
6,Portal 80,61921,08:25:00,5.8
6,Portal 80,61921,08:30:45,5.8
6,Portal 80,61921,08:36:30,5.8
6,Portal 80,61921,08:42:15,5.8
6,Portal 80,61921,08:48:00,5.8
6,Portal 80,61921,08:53:45,5.8
6,Portal 80,61921,08:59:30,5.8
6,Portal 80,61921,09:05:15,5.8
6,Portal 80,61921,09:11:00,5.8
6,Portal 80,61921,09:16:45,5.8
6,Portal 80,61921,09:22:30,5.8
6,Portal 80,61921,09:28:15,5.8
6,Portal 80,61921,09:34:00,5.8
6,Portal 80,61921,09:39:45,5.8
6,Portal 80,61921,09:45:30,5.8
6,Portal 80,61921,09:51:15,5.8
6,Portal 80,61921,09:57:00,5.8
6,Portal 80,61921,10:02:45,5.8
6,Portal 80,61921,10:08:30,5.8
6,Portal 80,61921,10:14:15,5.8
6,Portal 80,61921,10:20:00,5.8
6,Portal 80,61921,10:25:45,5.8
6,Portal 80,61921,10:31:30,5.8
6,Portal 80,61921,10:37:15,5.8
6,Portal 80,61921,10:43:00,5.8
6,Portal 80,61921,10:48:45,5.8
6,Portal 80,61921,10:54:30,5.8
6,Portal 80,61921,11:00:15,5.8
6,Portal 80,61921,11:06:00,5.8
6,Portal 80,61921,11:11:45,5.8
6,Portal 80,61921,11:17:30,5.8
6,Portal 80,61921,11:23:15,5.8
6,Portal 80,61921,11:29:00,5.8
6,Portal 80,61921,11:34:45,5.8
6,Portal 80,61921,11:40:30,5.8
6,Portal 80,61921,11:46:15,5.8
6,Portal 80,61921,11:52:00,5.8
6,Portal 80,61921,11:57:45,5.8
6,Portal 80,61921,12:03:30,5.8
6,Portal 80,61921,12:09:15,5.8
6,Portal 80,61921,12:15:00,5.8
6,Portal 80,61921,12:20:45,5.8
6,Portal 80,61921,12:26:30,5.8
6,Portal 80,61921,12:32:15,5.8
6,Portal 80,61921,12:38:00,5.8
6,Portal 80,61921,12:43:45,5.8
6,Portal 80,61921,12:49:30,5.8
6,Portal 80,61921,12:55:15,5.8
6,Portal 80,61921,13:01:00,5.8
6,Portal 80,61921,13:06:45,5.8
6,Portal 80,61921,13:12:30,5.8
6,Portal 80,61921,13:18:15,5.8
6,Portal 80,61921,13:24:00,5.8
6,Portal 80,61921,13:29:45,5.8
6,Portal 80,61921,13:35:30,5.8
6,Portal 80,61921,13:41:15,5.8
6,Portal 80,61921,13:47:00,5.8
6,Portal 80,61921,13:52:45,5.8
6,Portal 80,61921,13:58:30,5.8
6,Portal 80,61921,14:04:15,5.8
6,Portal 80,61921,14:10:00,5.8
6,Portal 80,61921,14:15:45,5.8
6,Portal 80,61921,14:21:30,5.8
6,Portal 80,61921,14:27:15,5.8
6,Portal 80,61921,14:33:00,5.8
6,Portal 80,61921,14:38:45,5.8
6,Portal 80,61921,14:44:30,5.8
6,Portal 80,61921,14:50:15,5.8
6,Portal 80,61921,14:56:00,5.8
6,Portal 80,61921,15:01:45,5.8
6,Portal 80,61921,15:07:30,5.8
6,Portal 80,61921,15:13:15,5.8
6,Portal 80,61921,15:19:00,5.8
6,Portal 80,61921,15:24:45,5.8
6,Portal 80,61921,15:30:30,5.8
6,Portal 80,61921,15:36:15,5.8
6,Portal 80,61921,15:42:00,5.8
6,Portal 80,61921,15:47:45,5.8
6,Portal 80,61921,15:53:30,5.8
6,Portal 80,61921,15:59:15,5.8
6,Portal 80,61921,16:05:00,5.8
6,Portal 80,61921,16:10:45,5.8
6,Portal 80,61921,16:16:30,5.8
6,Portal 80,61921,16:22:15,5.8
6,Portal 80,61921,16:28:00,5.8
6,Portal 80,61921,16:33:45,5.8
6,Portal 80,61921,16:39:30,5.8
6,Portal 80,61921,16:45:15,5.8
6,Portal 80,61921,16:51:00,5.8
6,Portal 80,61921,16:56:45,5.8
6,Portal 80,61921,17:02:30,5.8
6,Portal 80,61921,17:08:15,5.8
6,Portal 80,61921,17:14:00,5.8
6,Portal 80,61921,17:19:45,5.8
6,Portal 80,61921,17:25:30,5.8
6,Portal 80,61921,17:31:15,5.8
6,Portal 80,61921,17:37:00,5.8
6,Portal 80,61921,17:42:45,5.8
6,Portal 80,61921,17:48:30,5.8
6,Portal 80,61921,17:54:15,5.8
6,Portal 80,61921,18:00:00,5.8
6,Portal 80,61921,18:05:45,5.8
6,Portal 80,61921,18:11:30,5.8
6,Portal 80,61921,18:17:15,5.8
6,Portal 80,61921,18:23:00,5.8
6,Portal 80,61921,18:28:45,5.8
6,Portal 80,61921,18:34:30,5.8
6,Portal 80,61921,18:40:15,5.8
6,Portal 80,61921,18:46:00,5.8
6,Portal 80,61921,18:51:45,5.8
6,Portal 80,61921,18:57:30,5.8
6,Portal 80,61921,19:03:15,5.8
6,Portal 80,61921,19:09:00,5.8
6,Portal 80,61921,19:14:45,5.8
6,Portal 80,61921,19:20:30,5.8
6,Portal 80,61921,19:26:15,5.8
6,Portal 80,61921,19:32:00,5.8
6,Portal 80,61921,19:37:45,5.8
6,Portal 80,61921,19:43:30,5.8
6,Portal 80,61921,19:49:15,5.8
6,Portal 80,61921,19:55:00,5.8
6,Portal 80,61921,20:00:45,5.8
6,Portal 80,61921,20:07:00,6.2
6,Portal 80,61921,20:13:15,6.2
6,Portal 80,61921,20:19:30,6.2
6,Portal 80,61921,20:25:45,6.2
6,Portal 80,61921,20:32:00,6.2
6,Portal 80,61921,20:38:15,6.2
6,Portal 80,61921,20:44:30,6.2
6,Portal 80,61921,20:50:45,6.2
6,Portal 80,61921,20:57:00,6.2
6,Portal 80,61921,21:03:15,6.2
6,Portal 80,61921,21:09:30,6.2
6,Portal 80,61921,21:15:45,6.2
6,Portal 80,61921,21:22:00,6.2
6,Portal 80,61921,21:28:15,6.2
6,Portal 80,61921,21:34:30,6.2
6,Portal 80,61921,21:40:45,6.2
6,Portal 80,61921,21:47:00,6.2
6,Portal 80,61921,21:53:15,6.2
6,Portal 80,61921,21:59:30,6.2
6,Portal 80,61921,22:05:45,6.2
6,Portal 80,61921,22:12:00,6.2
6,Portal 80,61921,22:18:15,6.2
6,Portal 80,61921,22:24:30,6.2
6,Portal 80,61921,22:30:45,6.2
6,Portal 80,61921,22:37:00,6.2
6,Portal 80,61921,22:43:15,6.2
6,Portal 80,61921,22:48:30,5.2
6,Portal 80,61921,22:54:45,6.2
6,Portal 80,61921,23:00:00,5.2
6,Portal 80,74070,23:16:00,0.0
6,Portal 80,74070,23:25:45,9.8
6,Portal 80,74070,23:36:45,11.0
6,Portal 80,74070,23:40:00,3.2
B18,Terminal,61977,06:00:15,0.0
B18,Terminal,61977,06:12:15,12.0
B18,Terminal,61977,06:24:15,12.0
B18,Terminal,61977,06:36:15,12.0
B18,Terminal,61977,06:48:45,12.5
B18,Terminal,61977,07:00:00,11.2
B18,Terminal,73639,04:00:00,0.0
B18,Terminal,73639,04:07:00,7.0
B18,Terminal,73639,04:14:00,7.0
B18,Terminal,73639,04:21:00,7.0
B18,Terminal,73639,04:28:00,7.0
B18,Terminal,73639,04:35:00,7.0
B18,Terminal,73639,04:40:00,5.0
B18,Terminal,73639,04:45:00,5.0
B18,Terminal,73639,04:50:00,5.0
B18,Terminal,73639,04:55:00,5.0
B18,Terminal,73639,05:00:00,5.0
B18,Terminal,73639,05:05:00,5.0
B18,Terminal,73639,05:10:00,5.0
B18,Terminal,73639,05:15:00,5.0
B18,Terminal,73639,05:20:00,5.0
B18,Terminal,73639,05:25:00,5.0
B18,Terminal,73639,05:30:00,5.0
B18,Terminal,73639,05:34:30,4.5
B18,Terminal,73639,05:39:00,4.5
B18,Terminal,73639,05:43:30,4.5
B18,Terminal,73639,05:48:00,4.5
B18,Terminal,73639,05:52:00,4.0
B18,Terminal,73639,05:56:00,4.0
B18,Terminal,73639,06:00:00,4.0
B18,Terminal,73639,06:04:00,4.0
B18,Terminal,73639,06:08:00,4.0
B18,Terminal,73639,06:12:00,4.0
B18,Terminal,73639,06:16:00,4.0
B18,Terminal,73639,06:20:00,4.0
B18,Terminal,73639,06:24:00,4.0
B18,Terminal,73639,06:28:00,4.0
B18,Terminal,73639,06:32:00,4.0
B18,Terminal,73639,06:36:00,4.0
B18,Terminal,73639,06:40:00,4.0
B18,Terminal,73639,06:44:00,4.0
B18,Terminal,73639,06:48:00,4.0
B18,Terminal,73639,06:52:00,4.0
B18,Terminal,73639,06:56:00,4.0
B18,Terminal,73639,07:00:00,4.0
B18,Terminal,73639,07:04:15,4.2
B18,Terminal,73639,07:08:30,4.2
B18,Terminal,73639,07:12:45,4.2
B18,Terminal,73639,07:17:00,4.2
B18,Terminal,73639,07:21:15,4.2
B18,Terminal,73639,07:25:30,4.2
B18,Terminal,73639,07:29:45,4.2
B18,Terminal,73639,07:34:00,4.2
B18,Terminal,73639,07:38:45,4.8
B18,Terminal,73639,07:43:30,4.8
B18,Terminal,73639,07:48:15,4.8
B18,Terminal,73639,07:53:00,4.8
B18,Terminal,73639,07:57:45,4.8
B18,Terminal,73639,08:02:30,4.8
B18,Terminal,73639,08:07:15,4.8
B18,Terminal,73639,08:12:00,4.8
B18,Terminal,73639,08:16:45,4.8
B18,Terminal,73639,08:21:45,5.0
B18,Terminal,73639,08:26:45,5.0
B18,Terminal,73639,08:31:45,5.0
B18,Terminal,73639,08:37:00,5.2
B18,Terminal,73639,08:42:15,5.2
B18,Terminal,73639,08:47:30,5.2
B18,Terminal,73639,08:53:30,6.0
B18,Terminal,73639,08:59:30,6.0
B18,Terminal,73639,09:05:30,6.0
B18,Terminal,73639,09:12:00,6.5
B18,Terminal,73639,09:18:30,6.5
B18,Terminal,73639,09:25:00,6.5
B18,Terminal,73639,09:31:30,6.5
B18,Terminal,73639,09:38:00,6.5
B18,Terminal,73639,09:44:30,6.5
B18,Terminal,73639,09:51:00,6.5
B18,Terminal,73639,09:57:30,6.5
B18,Terminal,73639,10:04:00,6.5
B18,Terminal,73639,10:10:30,6.5
B18,Terminal,73639,10:17:00,6.5
B18,Terminal,73639,10:23:30,6.5
B18,Terminal,73639,10:30:00,6.5
B18,Terminal,73639,10:36:30,6.5
B18,Terminal,73639,10:43:00,6.5
B18,Terminal,73639,10:49:30,6.5
B18,Terminal,73639,10:56:00,6.5
B18,Terminal,73639,11:02:30,6.5
B18,Terminal,73639,11:09:00,6.5
B18,Terminal,73639,11:15:30,6.5
B18,Terminal,73639,11:22:00,6.5
B18,Terminal,73639,11:28:30,6.5
B18,Terminal,73639,11:35:00,6.5
B18,Terminal,73639,11:41:30,6.5
B18,Terminal,73639,11:48:00,6.5
B18,Terminal,73639,11:54:30,6.5
B18,Terminal,73639,12:01:00,6.5
B18,Terminal,73639,12:07:30,6.5
B18,Terminal,73639,12:14:00,6.5
B18,Terminal,73639,12:20:30,6.5
B18,Terminal,73639,12:27:00,6.5
B18,Terminal,73639,12:33:30,6.5
B18,Terminal,73639,12:40:00,6.5
B18,Terminal,73639,12:46:30,6.5
B18,Terminal,73639,12:53:00,6.5
B18,Terminal,73639,12:59:30,6.5
B18,Terminal,73639,13:06:00,6.5
B18,Terminal,73639,13:12:30,6.5
B18,Terminal,73639,13:19:00,6.5
B18,Terminal,73639,13:25:30,6.5
B18,Terminal,73639,13:32:00,6.5
B18,Terminal,73639,13:38:30,6.5
B18,Terminal,73639,13:45:00,6.5
B18,Terminal,73639,13:51:30,6.5
B18,Terminal,73639,13:58:00,6.5
B18,Terminal,73639,14:04:30,6.5
B18,Terminal,73639,14:11:00,6.5
B18,Terminal,73639,14:17:30,6.5
B18,Terminal,73639,14:24:00,6.5
B18,Terminal,73639,14:30:30,6.5
B18,Terminal,73639,14:37:00,6.5
B18,Terminal,73639,14:43:30,6.5
B18,Terminal,73639,14:50:00,6.5
B18,Terminal,73639,14:56:30,6.5
B18,Terminal,73639,15:03:00,6.5
B18,Terminal,73639,15:09:30,6.5
B18,Terminal,73639,15:16:00,6.5
B18,Terminal,73639,15:22:30,6.5
B18,Terminal,73639,15:29:00,6.5
B18,Terminal,73639,15:35:30,6.5
B18,Terminal,73639,15:42:00,6.5
B18,Terminal,73639,15:48:30,6.5
B18,Terminal,73639,15:55:00,6.5
B18,Terminal,73639,16:01:30,6.5
B18,Terminal,73639,16:07:15,5.8
B18,Terminal,73639,16:13:00,5.8
B18,Terminal,73639,16:18:45,5.8
B18,Terminal,73639,16:23:45,5.0
B18,Terminal,73639,16:28:45,5.0
B18,Terminal,73639,16:33:45,5.0
B18,Terminal,73639,16:38:45,5.0
B18,Terminal,73639,16:43:45,5.0
B18,Terminal,73639,16:48:45,5.0
B18,Terminal,73639,16:53:45,5.0
B18,Terminal,73639,16:58:45,5.0
B18,Terminal,73639,17:03:45,5.0
B18,Terminal,73639,17:08:45,5.0
B18,Terminal,73639,17:13:45,5.0
B18,Terminal,73639,17:18:45,5.0
B18,Terminal,73639,17:23:45,5.0
B18,Terminal,73639,17:28:45,5.0
B18,Terminal,73639,17:33:45,5.0
B18,Terminal,73639,17:38:45,5.0
B18,Terminal,73639,17:43:45,5.0
B18,Terminal,73639,17:48:45,5.0
B18,Terminal,73639,17:53:45,5.0
B18,Terminal,73639,17:58:45,5.0
B18,Terminal,73639,18:03:45,5.0
B18,Terminal,73639,18:09:00,5.2
B18,Terminal,73639,18:14:15,5.2
B18,Terminal,73639,18:19:30,5.2
B18,Terminal,73639,18:25:15,5.8
B18,Terminal,73639,18:31:00,5.8
B18,Terminal,73639,18:37:15,6.2
B18,Terminal,73639,18:43:30,6.2
B18,Terminal,73639,18:49:45,6.2
B18,Terminal,73639,18:56:00,6.2
B18,Terminal,73639,19:02:15,6.2
B18,Terminal,73639,19:08:30,6.2
B18,Terminal,73639,19:14:45,6.2
B18,Terminal,73639,19:21:00,6.2
B18,Terminal,73639,19:27:15,6.2
B18,Terminal,73639,19:33:30,6.2
B18,Terminal,73639,19:39:45,6.2
B18,Terminal,73639,19:46:00,6.2
B18,Terminal,73639,19:52:15,6.2
B18,Terminal,73639,19:58:30,6.2
B18,Terminal,73639,20:04:45,6.2
B18,Terminal,73639,20:11:00,6.2
B18,Terminal,73639,20:17:15,6.2
B18,Terminal,73639,20:23:30,6.2
B18,Terminal,73639,20:29:45,6.2
B18,Terminal,73639,20:36:00,6.2
B18,Terminal,73639,20:42:15,6.2
B18,Terminal,73639,20:48:30,6.2
B18,Terminal,73639,20:54:45,6.2
B18,Terminal,73639,21:01:00,6.2
B18,Terminal,73639,21:07:15,6.2
B18,Terminal,73639,21:13:15,6.0
B18,Terminal,73639,21:19:30,6.2
B18,Terminal,73639,21:25:45,6.2
B18,Terminal,73639,21:32:00,6.2
B18,Terminal,73639,21:38:15,6.2
B18,Terminal,73639,21:44:30,6.2
B18,Terminal,73639,21:50:45,6.2
B18,Terminal,73639,21:57:45,7.0
B18,Terminal,73639,22:04:45,7.0
B18,Terminal,73639,22:14:30,9.8
B18,Terminal,73639,22:24:15,9.8
B18,Terminal,73639,22:34:00,9.8
B18,Terminal,73639,22:43:15,9.2
B18,Terminal,73639,22:51:30,8.2
B18,Terminal,73639,23:00:00,8.5
L18,PORTAL 20 DE JULIO,61264,05:00:00,0.0
L18,PORTAL 20 DE JULIO,61264,05:06:15,6.2
L18,PORTAL 20 DE JULIO,61264,05:12:30,6.2
L18,PORTAL 20 DE JULIO,61264,05:18:45,6.2
L18,PORTAL 20 DE JULIO,61264,05:25:00,6.2
L18,PORTAL 20 DE JULIO,61264,05:31:15,6.2
L18,PORTAL 20 DE JULIO,61264,05:37:30,6.2
L18,PORTAL 20 DE JULIO,61264,05:43:45,6.2
L18,PORTAL 20 DE JULIO,61264,05:50:00,6.2
L18,PORTAL 20 DE JULIO,61264,05:56:15,6.2
L18,PORTAL 20 DE JULIO,61264,06:02:30,6.2
L18,PORTAL 20 DE JULIO,61264,06:08:45,6.2
L18,PORTAL 20 DE JULIO,61264,06:15:00,6.2
L18,PORTAL 20 DE JULIO,61264,06:21:15,6.2
L18,PORTAL 20 DE JULIO,61264,06:27:30,6.2
L18,PORTAL 20 DE JULIO,61264,06:33:45,6.2
L18,PORTAL 20 DE JULIO,61264,06:39:30,5.8
L18,PORTAL 20 DE JULIO,61264,06:45:15,5.8
L18,PORTAL 20 DE JULIO,61264,06:50:45,5.5
L18,PORTAL 20 DE JULIO,61264,06:56:15,5.5
L18,PORTAL 20 DE JULIO,61264,07:01:45,5.5
L18,PORTAL 20 DE JULIO,61264,07:07:15,5.5
L18,PORTAL 20 DE JULIO,61264,07:12:45,5.5
L18,PORTAL 20 DE JULIO,61264,07:18:15,5.5
L18,PORTAL 20 DE JULIO,61264,07:23:45,5.5
L18,PORTAL 20 DE JULIO,61264,07:29:15,5.5
L18,PORTAL 20 DE JULIO,61264,07:34:45,5.5
L18,PORTAL 20 DE JULIO,61264,07:40:30,5.8
L18,PORTAL 20 DE JULIO,61264,07:46:15,5.8
L18,PORTAL 20 DE JULIO,61264,07:52:15,6.0
L18,PORTAL 20 DE JULIO,61264,07:58:15,6.0
L18,PORTAL 20 DE JULIO,61264,08:04:15,6.0
L18,PORTAL 20 DE JULIO,61264,08:10:15,6.0
L18,PORTAL 20 DE JULIO,61264,08:16:15,6.0
L18,PORTAL 20 DE JULIO,61264,08:22:15,6.0
L18,PORTAL 20 DE JULIO,61264,08:28:15,6.0
L18,PORTAL 20 DE JULIO,61264,08:34:15,6.0
L18,PORTAL 20 DE JULIO,61264,08:40:30,6.2
L18,PORTAL 20 DE JULIO,61264,08:46:45,6.2
L18,PORTAL 20 DE JULIO,61264,08:53:30,6.8
L18,PORTAL 20 DE JULIO,61264,09:00:15,6.8
L18,PORTAL 20 DE JULIO,61264,09:06:45,6.5
L18,PORTAL 20 DE JULIO,61264,09:13:15,6.5
L18,PORTAL 20 DE JULIO,61264,09:19:45,6.5
L18,PORTAL 20 DE JULIO,61264,09:26:15,6.5
L18,PORTAL 20 DE JULIO,61264,09:32:45,6.5
L18,PORTAL 20 DE JULIO,61264,09:39:15,6.5
L18,PORTAL 20 DE JULIO,61264,09:45:45,6.5
L18,PORTAL 20 DE JULIO,61264,09:52:15,6.5
L18,PORTAL 20 DE JULIO,61264,09:58:45,6.5
L18,PORTAL 20 DE JULIO,61264,10:05:15,6.5
L18,PORTAL 20 DE JULIO,61264,10:11:45,6.5
L18,PORTAL 20 DE JULIO,61264,10:18:15,6.5
L18,PORTAL 20 DE JULIO,61264,10:24:45,6.5
L18,PORTAL 20 DE JULIO,61264,10:31:15,6.5
L18,PORTAL 20 DE JULIO,61264,10:37:45,6.5
L18,PORTAL 20 DE JULIO,61264,10:44:15,6.5
L18,PORTAL 20 DE JULIO,61264,10:50:45,6.5
L18,PORTAL 20 DE JULIO,61264,10:57:15,6.5
L18,PORTAL 20 DE JULIO,61264,11:03:45,6.5
L18,PORTAL 20 DE JULIO,61264,11:10:15,6.5
L18,PORTAL 20 DE JULIO,61264,11:16:45,6.5
L18,PORTAL 20 DE JULIO,61264,11:23:15,6.5
L18,PORTAL 20 DE JULIO,61264,11:29:45,6.5
L18,PORTAL 20 DE JULIO,61264,11:36:15,6.5
L18,PORTAL 20 DE JULIO,61264,11:42:45,6.5
L18,PORTAL 20 DE JULIO,61264,11:49:15,6.5
L18,PORTAL 20 DE JULIO,61264,11:55:45,6.5
L18,PORTAL 20 DE JULIO,61264,12:02:15,6.5
L18,PORTAL 20 DE JULIO,61264,12:08:45,6.5
L18,PORTAL 20 DE JULIO,61264,12:15:15,6.5
L18,PORTAL 20 DE JULIO,61264,12:21:45,6.5
L18,PORTAL 20 DE JULIO,61264,12:28:15,6.5
L18,PORTAL 20 DE JULIO,61264,12:34:45,6.5
L18,PORTAL 20 DE JULIO,61264,12:41:15,6.5
L18,PORTAL 20 DE JULIO,61264,12:47:45,6.5
L18,PORTAL 20 DE JULIO,61264,12:54:15,6.5
L18,PORTAL 20 DE JULIO,61264,13:00:45,6.5
L18,PORTAL 20 DE JULIO,61264,13:07:15,6.5
L18,PORTAL 20 DE JULIO,61264,13:13:45,6.5
L18,PORTAL 20 DE JULIO,61264,13:20:15,6.5
L18,PORTAL 20 DE JULIO,61264,13:26:45,6.5
L18,PORTAL 20 DE JULIO,61264,13:33:15,6.5
L18,PORTAL 20 DE JULIO,61264,13:39:45,6.5
L18,PORTAL 20 DE JULIO,61264,13:46:15,6.5
L18,PORTAL 20 DE JULIO,61264,13:52:45,6.5
L18,PORTAL 20 DE JULIO,61264,13:59:15,6.5
L18,PORTAL 20 DE JULIO,61264,14:05:45,6.5
L18,PORTAL 20 DE JULIO,61264,14:12:15,6.5
L18,PORTAL 20 DE JULIO,61264,14:18:45,6.5
L18,PORTAL 20 DE JULIO,61264,14:25:15,6.5
L18,PORTAL 20 DE JULIO,61264,14:31:45,6.5
L18,PORTAL 20 DE JULIO,61264,14:38:15,6.5
L18,PORTAL 20 DE JULIO,61264,14:44:45,6.5
L18,PORTAL 20 DE JULIO,61264,14:51:15,6.5
L18,PORTAL 20 DE JULIO,61264,14:57:45,6.5
L18,PORTAL 20 DE JULIO,61264,15:04:15,6.5
L18,PORTAL 20 DE JULIO,61264,15:10:30,6.2
L18,PORTAL 20 DE JULIO,61264,15:16:45,6.2
L18,PORTAL 20 DE JULIO,61264,15:23:00,6.2
L18,PORTAL 20 DE JULIO,61264,15:29:15,6.2
L18,PORTAL 20 DE JULIO,61264,15:35:30,6.2
L18,PORTAL 20 DE JULIO,61264,15:40:45,5.2
L18,PORTAL 20 DE JULIO,61264,15:46:00,5.2
L18,PORTAL 20 DE JULIO,61264,15:51:00,5.0
L18,PORTAL 20 DE JULIO,61264,15:56:00,5.0
L18,PORTAL 20 DE JULIO,61264,16:01:00,5.0
L18,PORTAL 20 DE JULIO,61264,16:05:00,4.0
L18,PORTAL 20 DE JULIO,61264,16:09:00,4.0
L18,PORTAL 20 DE JULIO,61264,16:13:00,4.0
L18,PORTAL 20 DE JULIO,61264,16:17:00,4.0
L18,PORTAL 20 DE JULIO,61264,16:21:00,4.0
L18,PORTAL 20 DE JULIO,61264,16:25:00,4.0
L18,PORTAL 20 DE JULIO,61264,16:29:00,4.0
L18,PORTAL 20 DE JULIO,61264,16:33:00,4.0
L18,PORTAL 20 DE JULIO,61264,16:37:00,4.0
L18,PORTAL 20 DE JULIO,61264,16:41:00,4.0
L18,PORTAL 20 DE JULIO,61264,16:45:00,4.0
L18,PORTAL 20 DE JULIO,61264,16:49:00,4.0
L18,PORTAL 20 DE JULIO,61264,16:53:00,4.0
L18,PORTAL 20 DE JULIO,61264,16:57:00,4.0
L18,PORTAL 20 DE JULIO,61264,17:01:00,4.0
L18,PORTAL 20 DE JULIO,61264,17:05:00,4.0
L18,PORTAL 20 DE JULIO,61264,17:09:00,4.0
L18,PORTAL 20 DE JULIO,61264,17:13:00,4.0
L18,PORTAL 20 DE JULIO,61264,17:17:00,4.0
L18,PORTAL 20 DE JULIO,61264,17:21:00,4.0
L18,PORTAL 20 DE JULIO,61264,17:25:00,4.0
L18,PORTAL 20 DE JULIO,61264,17:29:00,4.0
L18,PORTAL 20 DE JULIO,61264,17:33:00,4.0
L18,PORTAL 20 DE JULIO,61264,17:37:00,4.0
L18,PORTAL 20 DE JULIO,61264,17:41:00,4.0
L18,PORTAL 20 DE JULIO,61264,17:45:00,4.0
L18,PORTAL 20 DE JULIO,61264,17:49:00,4.0
L18,PORTAL 20 DE JULIO,61264,17:53:00,4.0
L18,PORTAL 20 DE JULIO,61264,17:57:00,4.0
L18,PORTAL 20 DE JULIO,61264,18:01:00,4.0
L18,PORTAL 20 DE JULIO,61264,18:05:00,4.0
L18,PORTAL 20 DE JULIO,61264,18:09:00,4.0
L18,PORTAL 20 DE JULIO,61264,18:13:00,4.0
L18,PORTAL 20 DE JULIO,61264,18:17:00,4.0
L18,PORTAL 20 DE JULIO,61264,18:21:00,4.0
L18,PORTAL 20 DE JULIO,61264,18:25:00,4.0
L18,PORTAL 20 DE JULIO,61264,18:29:00,4.0
L18,PORTAL 20 DE JULIO,61264,18:33:00,4.0
L18,PORTAL 20 DE JULIO,61264,18:37:00,4.0
L18,PORTAL 20 DE JULIO,61264,18:41:00,4.0
L18,PORTAL 20 DE JULIO,61264,18:45:00,4.0
L18,PORTAL 20 DE JULIO,61264,18:49:15,4.2
L18,PORTAL 20 DE JULIO,61264,18:53:30,4.2
L18,PORTAL 20 DE JULIO,61264,18:57:45,4.2
L18,PORTAL 20 DE JULIO,61264,19:02:00,4.2
L18,PORTAL 20 DE JULIO,61264,19:06:30,4.5
L18,PORTAL 20 DE JULIO,61264,19:11:00,4.5
L18,PORTAL 20 DE JULIO,61264,19:15:30,4.5
L18,PORTAL 20 DE JULIO,61264,19:20:30,5.0
L18,PORTAL 20 DE JULIO,61264,19:25:30,5.0
L18,PORTAL 20 DE JULIO,61264,19:30:30,5.0
L18,PORTAL 20 DE JULIO,61264,19:35:45,5.2
L18,PORTAL 20 DE JULIO,61264,19:41:00,5.2
L18,PORTAL 20 DE JULIO,61264,19:46:15,5.2
L18,PORTAL 20 DE JULIO,61264,19:52:00,5.8
L18,PORTAL 20 DE JULIO,61264,19:57:45,5.8
L18,PORTAL 20 DE JULIO,61264,20:03:30,5.8
L18,PORTAL 20 DE JULIO,61264,20:09:45,6.2
L18,PORTAL 20 DE JULIO,61264,20:16:00,6.2
L18,PORTAL 20 DE JULIO,61264,20:22:15,6.2
L18,PORTAL 20 DE JULIO,61264,20:28:30,6.2
L18,PORTAL 20 DE JULIO,61264,20:34:45,6.2
L18,PORTAL 20 DE JULIO,61264,20:41:00,6.2
L18,PORTAL 20 DE JULIO,61264,20:47:15,6.2
L18,PORTAL 20 DE JULIO,61264,20:53:30,6.2
L18,PORTAL 20 DE JULIO,61264,20:59:45,6.2
L18,PORTAL 20 DE JULIO,61264,21:06:00,6.2
L18,PORTAL 20 DE JULIO,61264,21:14:00,8.0
L18,PORTAL 20 DE JULIO,61264,21:22:00,8.0
L18,PORTAL 20 DE JULIO,61264,21:30:00,8.0
L18,PORTAL 20 DE JULIO,61264,21:38:00,8.0
L18,PORTAL 20 DE JULIO,61264,21:46:00,8.0
L18,PORTAL 20 DE JULIO,61264,21:54:00,8.0
L18,PORTAL 20 DE JULIO,61264,22:01:45,7.8
L18,PORTAL 20 DE JULIO,61264,22:11:30,9.8
L18,PORTAL 20 DE JULIO,61264,22:21:15,9.8
L18,PORTAL 20 DE JULIO,61264,22:30:30,9.2
L18,PORTAL 20 DE JULIO,61264,22:38:45,8.2
L18,PORTAL 20 DE JULIO,61264,22:50:15,11.5
L18,PORTAL 20 DE JULIO,61264,23:00:00,9.8
L10,P. 20 DE JULIO,73237,05:00:00,0.0
L10,P. 20 DE JULIO,73237,05:07:15,7.2
L10,P. 20 DE JULIO,73237,05:14:30,7.2
L10,P. 20 DE JULIO,73237,05:21:45,7.2
L10,P. 20 DE JULIO,73237,05:29:00,7.2
L10,P. 20 DE JULIO,73237,05:36:15,7.2
L10,P. 20 DE JULIO,73237,05:43:30,7.2
L10,P. 20 DE JULIO,73237,05:50:45,7.2
L10,P. 20 DE JULIO,73237,05:58:00,7.2
L10,P. 20 DE JULIO,73237,06:05:15,7.2
L10,P. 20 DE JULIO,73237,06:12:30,7.2
L10,P. 20 DE JULIO,73237,06:19:45,7.2
L10,P. 20 DE JULIO,73237,06:26:45,7.0
L10,P. 20 DE JULIO,73237,06:33:45,7.0
L10,P. 20 DE JULIO,73237,06:39:45,6.0
L10,P. 20 DE JULIO,73237,06:45:45,6.0
L10,P. 20 DE JULIO,73237,06:50:15,4.5
L10,P. 20 DE JULIO,73237,06:54:45,4.5
L10,P. 20 DE JULIO,73237,06:59:15,4.5
L10,P. 20 DE JULIO,73237,07:03:45,4.5
L10,P. 20 DE JULIO,73237,07:08:15,4.5
L10,P. 20 DE JULIO,73237,07:12:45,4.5
L10,P. 20 DE JULIO,73237,07:17:15,4.5
L10,P. 20 DE JULIO,73237,07:21:45,4.5
L10,P. 20 DE JULIO,73237,07:26:15,4.5
L10,P. 20 DE JULIO,73237,07:30:45,4.5
L10,P. 20 DE JULIO,73237,07:35:15,4.5
L10,P. 20 DE JULIO,73237,07:39:45,4.5
L10,P. 20 DE JULIO,73237,07:44:15,4.5
L10,P. 20 DE JULIO,73237,07:48:45,4.5
L10,P. 20 DE JULIO,73237,07:53:15,4.5
L10,P. 20 DE JULIO,73237,07:57:45,4.5
L10,P. 20 DE JULIO,73237,08:02:15,4.5
L10,P. 20 DE JULIO,73237,08:06:45,4.5
L10,P. 20 DE JULIO,73237,08:11:15,4.5
L10,P. 20 DE JULIO,73237,08:15:45,4.5
L10,P. 20 DE JULIO,73237,08:21:00,5.2
L10,P. 20 DE JULIO,73237,08:26:15,5.2
L10,P. 20 DE JULIO,73237,08:31:30,5.2
L10,P. 20 DE JULIO,73237,08:37:15,5.8
L10,P. 20 DE JULIO,73237,08:43:00,5.8
L10,P. 20 DE JULIO,73237,08:48:45,5.8
L10,P. 20 DE JULIO,73237,08:54:45,6.0
L10,P. 20 DE JULIO,73237,09:00:45,6.0
L10,P. 20 DE JULIO,73237,09:06:45,6.0
L10,P. 20 DE JULIO,73237,09:12:45,6.0
L10,P. 20 DE JULIO,73237,09:18:45,6.0
L10,P. 20 DE JULIO,73237,09:24:45,6.0
L10,P. 20 DE JULIO,73237,09:30:45,6.0
L10,P. 20 DE JULIO,73237,09:36:45,6.0
L10,P. 20 DE JULIO,73237,09:42:45,6.0
L10,P. 20 DE JULIO,73237,09:48:45,6.0
L10,P. 20 DE JULIO,73237,09:54:45,6.0
L10,P. 20 DE JULIO,73237,10:00:45,6.0
L10,P. 20 DE JULIO,73237,10:06:45,6.0
L10,P. 20 DE JULIO,73237,10:12:45,6.0
L10,P. 20 DE JULIO,73237,10:18:45,6.0
L10,P. 20 DE JULIO,73237,10:24:45,6.0
L10,P. 20 DE JULIO,73237,10:30:45,6.0
L10,P. 20 DE JULIO,73237,10:36:45,6.0
L10,P. 20 DE JULIO,73237,10:42:45,6.0
L10,P. 20 DE JULIO,73237,10:48:45,6.0
L10,P. 20 DE JULIO,73237,10:54:45,6.0
L10,P. 20 DE JULIO,73237,11:00:45,6.0
L10,P. 20 DE JULIO,73237,11:06:45,6.0
L10,P. 20 DE JULIO,73237,11:12:45,6.0
L10,P. 20 DE JULIO,73237,11:18:45,6.0
L10,P. 20 DE JULIO,73237,11:24:45,6.0
L10,P. 20 DE JULIO,73237,11:30:45,6.0
L10,P. 20 DE JULIO,73237,11:36:45,6.0
L10,P. 20 DE JULIO,73237,11:42:45,6.0
L10,P. 20 DE JULIO,73237,11:48:45,6.0
L10,P. 20 DE JULIO,73237,11:54:45,6.0
L10,P. 20 DE JULIO,73237,12:00:45,6.0
L10,P. 20 DE JULIO,73237,12:06:45,6.0
L10,P. 20 DE JULIO,73237,12:12:45,6.0
L10,P. 20 DE JULIO,73237,12:18:45,6.0
L10,P. 20 DE JULIO,73237,12:24:45,6.0
L10,P. 20 DE JULIO,73237,12:30:45,6.0
L10,P. 20 DE JULIO,73237,12:36:45,6.0
L10,P. 20 DE JULIO,73237,12:42:45,6.0
L10,P. 20 DE JULIO,73237,12:48:45,6.0
L10,P. 20 DE JULIO,73237,12:54:45,6.0
L10,P. 20 DE JULIO,73237,13:00:45,6.0
L10,P. 20 DE JULIO,73237,13:06:45,6.0
L10,P. 20 DE JULIO,73237,13:12:45,6.0
L10,P. 20 DE JULIO,73237,13:18:45,6.0
L10,P. 20 DE JULIO,73237,13:24:45,6.0
L10,P. 20 DE JULIO,73237,13:30:45,6.0
L10,P. 20 DE JULIO,73237,13:36:45,6.0
L10,P. 20 DE JULIO,73237,13:42:45,6.0
L10,P. 20 DE JULIO,73237,13:48:45,6.0
L10,P. 20 DE JULIO,73237,13:54:45,6.0
L10,P. 20 DE JULIO,73237,14:00:45,6.0
L10,P. 20 DE JULIO,73237,14:06:45,6.0
L10,P. 20 DE JULIO,73237,14:12:45,6.0
L10,P. 20 DE JULIO,73237,14:18:45,6.0
L10,P. 20 DE JULIO,73237,14:24:45,6.0
L10,P. 20 DE JULIO,73237,14:30:45,6.0
L10,P. 20 DE JULIO,73237,14:36:45,6.0
L10,P. 20 DE JULIO,73237,14:42:45,6.0
L10,P. 20 DE JULIO,73237,14:48:45,6.0
L10,P. 20 DE JULIO,73237,14:54:45,6.0
L10,P. 20 DE JULIO,73237,15:00:45,6.0
L10,P. 20 DE JULIO,73237,15:06:45,6.0
L10,P. 20 DE JULIO,73237,15:12:45,6.0
L10,P. 20 DE JULIO,73237,15:18:45,6.0
L10,P. 20 DE JULIO,73237,15:24:45,6.0
L10,P. 20 DE JULIO,73237,15:30:45,6.0
L10,P. 20 DE JULIO,73237,15:36:45,6.0
L10,P. 20 DE JULIO,73237,15:42:45,6.0
L10,P. 20 DE JULIO,73237,15:48:45,6.0
L10,P. 20 DE JULIO,73237,15:54:30,5.8
L10,P. 20 DE JULIO,73237,16:00:15,5.8
L10,P. 20 DE JULIO,73237,16:05:45,5.5
L10,P. 20 DE JULIO,73237,16:11:15,5.5
L10,P. 20 DE JULIO,73237,16:16:45,5.5
L10,P. 20 DE JULIO,73237,16:21:45,5.0
L10,P. 20 DE JULIO,73237,16:26:45,5.0
L10,P. 20 DE JULIO,73237,16:31:45,5.0
L10,P. 20 DE JULIO,73237,16:36:30,4.8
L10,P. 20 DE JULIO,73237,16:41:15,4.8
L10,P. 20 DE JULIO,73237,16:46:00,4.8
L10,P. 20 DE JULIO,73237,16:49:45,3.8
L10,P. 20 DE JULIO,73237,16:53:30,3.8
L10,P. 20 DE JULIO,73237,16:57:15,3.8
L10,P. 20 DE JULIO,73237,17:01:00,3.8
L10,P. 20 DE JULIO,73237,17:04:45,3.8
L10,P. 20 DE JULIO,73237,17:08:30,3.8
L10,P. 20 DE JULIO,73237,17:12:15,3.8
L10,P. 20 DE JULIO,73237,17:16:00,3.8
L10,P. 20 DE JULIO,73237,17:19:45,3.8
L10,P. 20 DE JULIO,73237,17:23:30,3.8
L10,P. 20 DE JULIO,73237,17:27:15,3.8
L10,P. 20 DE JULIO,73237,17:31:00,3.8
L10,P. 20 DE JULIO,73237,17:34:45,3.8
L10,P. 20 DE JULIO,73237,17:38:30,3.8
L10,P. 20 DE JULIO,73237,17:42:15,3.8
L10,P. 20 DE JULIO,73237,17:46:00,3.8
L10,P. 20 DE JULIO,73237,17:49:45,3.8
L10,P. 20 DE JULIO,73237,17:53:30,3.8
L10,P. 20 DE JULIO,73237,17:57:15,3.8
L10,P. 20 DE JULIO,73237,18:01:00,3.8
L10,P. 20 DE JULIO,73237,18:04:45,3.8
L10,P. 20 DE JULIO,73237,18:08:30,3.8
L10,P. 20 DE JULIO,73237,18:12:15,3.8
L10,P. 20 DE JULIO,73237,18:16:00,3.8
L10,P. 20 DE JULIO,73237,18:19:45,3.8
L10,P. 20 DE JULIO,73237,18:23:30,3.8
L10,P. 20 DE JULIO,73237,18:27:15,3.8
L10,P. 20 DE JULIO,73237,18:31:00,3.8
L10,P. 20 DE JULIO,73237,18:34:45,3.8
L10,P. 20 DE JULIO,73237,18:38:30,3.8
L10,P. 20 DE JULIO,73237,18:42:15,3.8
L10,P. 20 DE JULIO,73237,18:46:00,3.8
L10,P. 20 DE JULIO,73237,18:50:00,4.0
L10,P. 20 DE JULIO,73237,18:54:00,4.0
L10,P. 20 DE JULIO,73237,18:58:00,4.0
L10,P. 20 DE JULIO,73237,19:02:00,4.0
L10,P. 20 DE JULIO,73237,19:06:15,4.2
L10,P. 20 DE JULIO,73237,19:10:30,4.2
L10,P. 20 DE JULIO,73237,19:14:45,4.2
L10,P. 20 DE JULIO,73237,19:19:00,4.2
L10,P. 20 DE JULIO,73237,19:23:45,4.8
L10,P. 20 DE JULIO,73237,19:28:30,4.8
L10,P. 20 DE JULIO,73237,19:33:15,4.8
L10,P. 20 DE JULIO,73237,19:38:30,5.2
L10,P. 20 DE JULIO,73237,19:43:45,5.2
L10,P. 20 DE JULIO,73237,19:49:00,5.2
L10,P. 20 DE JULIO,73237,19:54:45,5.8
L10,P. 20 DE JULIO,73237,20:00:30,5.8
L10,P. 20 DE JULIO,73237,20:07:30,7.0
L10,P. 20 DE JULIO,73237,20:14:30,7.0
L10,P. 20 DE JULIO,73237,20:21:30,7.0
L10,P. 20 DE JULIO,73237,20:28:30,7.0
L10,P. 20 DE JULIO,73237,20:35:30,7.0
L10,P. 20 DE JULIO,73237,20:42:30,7.0
L10,P. 20 DE JULIO,73237,20:49:30,7.0
L10,P. 20 DE JULIO,73237,20:56:30,7.0
L10,P. 20 DE JULIO,73237,21:03:30,7.0
L10,P. 20 DE JULIO,73237,21:10:30,7.0
L10,P. 20 DE JULIO,73237,21:17:30,7.0
L10,P. 20 DE JULIO,73237,21:24:30,7.0
L10,P. 20 DE JULIO,73237,21:31:30,7.0
L10,P. 20 DE JULIO,73237,21:38:30,7.0
L10,P. 20 DE JULIO,73237,21:45:30,7.0
L10,P. 20 DE JULIO,73237,21:52:30,7.0
L10,P. 20 DE JULIO,73237,21:59:30,7.0
L10,P. 20 DE JULIO,73237,22:06:30,7.0
L10,P. 20 DE JULIO,73237,22:13:30,7.0
L10,P. 20 DE JULIO,73237,22:20:30,7.0
L10,P. 20 DE JULIO,73237,22:27:00,6.5
L10,P. 20 DE JULIO,73237,22:33:30,6.5
L10,P. 20 DE JULIO,73237,22:40:00,6.5
L10,P. 20 DE JULIO,73237,22:46:00,6.0
L10,P. 20 DE JULIO,73237,22:54:00,8.0
L10,P. 20 DE JULIO,73237,23:00:00,6.0
C19,P.SUBA,61631,05:00:00,0.0
C19,P.SUBA,61631,05:06:00,6.0
C19,P.SUBA,61631,05:12:00,6.0
C19,P.SUBA,61631,05:18:00,6.0
C19,P.SUBA,61631,05:24:00,6.0
C19,P.SUBA,61631,05:30:00,6.0
C19,P.SUBA,61631,05:35:00,5.0
C19,P.SUBA,61631,05:40:00,5.0
C19,P.SUBA,61631,05:45:00,5.0
C19,P.SUBA,61631,05:50:00,5.0
C19,P.SUBA,61631,05:55:00,5.0
C19,P.SUBA,61631,06:00:00,5.0
C19,P.SUBA,61631,06:05:00,5.0
C19,P.SUBA,61631,06:10:00,5.0
C19,P.SUBA,61631,06:15:00,5.0
C19,P.SUBA,61631,06:20:00,5.0
C19,P.SUBA,61631,06:25:00,5.0
C19,P.SUBA,61631,06:30:00,5.0
C19,P.SUBA,61631,06:35:00,5.0
C19,P.SUBA,61631,06:40:00,5.0
C19,P.SUBA,61631,06:45:00,5.0
C19,P.SUBA,61631,06:50:00,5.0
C19,P.SUBA,61631,06:55:00,5.0
C19,P.SUBA,61631,07:00:00,5.0
C19,P.SUBA,61631,07:05:00,5.0
C19,P.SUBA,61631,07:10:00,5.0
C19,P.SUBA,61631,07:15:00,5.0
C19,P.SUBA,61631,07:20:00,5.0
C19,P.SUBA,61631,07:25:00,5.0
C19,P.SUBA,61631,07:30:00,5.0
C19,P.SUBA,61631,07:35:00,5.0
C19,P.SUBA,61631,07:40:00,5.0
C19,P.SUBA,61631,07:45:00,5.0
C19,P.SUBA,61631,07:51:00,6.0
C19,P.SUBA,61631,07:57:00,6.0
C19,P.SUBA,61631,08:03:00,6.0
C19,P.SUBA,61631,08:09:30,6.5
C19,P.SUBA,61631,08:16:00,6.5
C19,P.SUBA,61631,08:22:30,6.5
C19,P.SUBA,61631,08:29:00,6.5
C19,P.SUBA,61631,08:35:30,6.5
C19,P.SUBA,61631,08:42:00,6.5
C19,P.SUBA,61631,08:48:30,6.5
C19,P.SUBA,61631,08:55:00,6.5
C19,P.SUBA,61631,09:01:30,6.5
C19,P.SUBA,61631,09:08:00,6.5
C19,P.SUBA,61631,09:14:30,6.5
C19,P.SUBA,61631,09:21:00,6.5
C19,P.SUBA,61631,09:27:30,6.5
C19,P.SUBA,61631,09:34:00,6.5
C19,P.SUBA,61631,09:40:30,6.5
C19,P.SUBA,61631,09:47:00,6.5
C19,P.SUBA,61631,09:53:30,6.5
C19,P.SUBA,61631,10:00:00,6.5
C19,P.SUBA,61631,10:06:30,6.5
C19,P.SUBA,61631,10:13:00,6.5
C19,P.SUBA,61631,10:19:30,6.5
C19,P.SUBA,61631,10:26:00,6.5
C19,P.SUBA,61631,10:32:30,6.5
C19,P.SUBA,61631,10:39:00,6.5
C19,P.SUBA,61631,10:45:30,6.5
C19,P.SUBA,61631,10:52:00,6.5
C19,P.SUBA,61631,10:58:30,6.5
C19,P.SUBA,61631,11:05:00,6.5
C19,P.SUBA,61631,11:11:30,6.5
C19,P.SUBA,61631,11:18:00,6.5
C19,P.SUBA,61631,11:24:30,6.5
C19,P.SUBA,61631,11:31:00,6.5
C19,P.SUBA,61631,11:37:30,6.5
C19,P.SUBA,61631,11:44:00,6.5
C19,P.SUBA,61631,11:50:30,6.5
C19,P.SUBA,61631,11:57:00,6.5
C19,P.SUBA,61631,12:03:30,6.5
C19,P.SUBA,61631,12:10:00,6.5
C19,P.SUBA,61631,12:16:30,6.5
C19,P.SUBA,61631,12:23:00,6.5
C19,P.SUBA,61631,12:29:30,6.5
C19,P.SUBA,61631,12:36:00,6.5
C19,P.SUBA,61631,12:42:30,6.5
C19,P.SUBA,61631,12:49:00,6.5
C19,P.SUBA,61631,12:55:30,6.5
C19,P.SUBA,61631,13:02:00,6.5
C19,P.SUBA,61631,13:08:30,6.5
C19,P.SUBA,61631,13:15:00,6.5
C19,P.SUBA,61631,13:21:30,6.5
C19,P.SUBA,61631,13:28:00,6.5
C19,P.SUBA,61631,13:34:30,6.5
C19,P.SUBA,61631,13:41:00,6.5
C19,P.SUBA,61631,13:47:30,6.5
C19,P.SUBA,61631,13:54:00,6.5
C19,P.SUBA,61631,14:00:30,6.5
C19,P.SUBA,61631,14:07:00,6.5
C19,P.SUBA,61631,14:13:30,6.5
C19,P.SUBA,61631,14:20:00,6.5
C19,P.SUBA,61631,14:26:30,6.5
C19,P.SUBA,61631,14:33:00,6.5
C19,P.SUBA,61631,14:39:30,6.5
C19,P.SUBA,61631,14:46:00,6.5
C19,P.SUBA,61631,14:52:30,6.5
C19,P.SUBA,61631,14:59:00,6.5
C19,P.SUBA,61631,15:05:30,6.5
C19,P.SUBA,61631,15:11:00,5.5
C19,P.SUBA,61631,15:16:30,5.5
C19,P.SUBA,61631,15:21:00,4.5
C19,P.SUBA,61631,15:25:30,4.5
C19,P.SUBA,61631,15:30:00,4.5
C19,P.SUBA,61631,15:34:15,4.2
C19,P.SUBA,61631,15:38:30,4.2
C19,P.SUBA,61631,15:42:45,4.2
C19,P.SUBA,61631,15:47:00,4.2
C19,P.SUBA,61631,15:51:00,4.0
C19,P.SUBA,61631,15:55:00,4.0
C19,P.SUBA,61631,15:59:00,4.0
C19,P.SUBA,61631,16:03:00,4.0
C19,P.SUBA,61631,16:06:45,3.8
C19,P.SUBA,61631,16:10:30,3.8
C19,P.SUBA,61631,16:14:15,3.8
C19,P.SUBA,61631,16:18:00,3.8
C19,P.SUBA,61631,16:21:15,3.2
C19,P.SUBA,61631,16:24:30,3.2
C19,P.SUBA,61631,16:27:45,3.2
C19,P.SUBA,61631,16:31:00,3.2
C19,P.SUBA,61631,16:34:15,3.2
C19,P.SUBA,61631,16:37:30,3.2
C19,P.SUBA,61631,16:40:45,3.2
C19,P.SUBA,61631,16:44:00,3.2
C19,P.SUBA,61631,16:47:15,3.2
C19,P.SUBA,61631,16:50:30,3.2
C19,P.SUBA,61631,16:53:45,3.2
C19,P.SUBA,61631,16:57:00,3.2
C19,P.SUBA,61631,17:00:15,3.2
C19,P.SUBA,61631,17:03:30,3.2
C19,P.SUBA,61631,17:06:45,3.2
C19,P.SUBA,61631,17:10:00,3.2
C19,P.SUBA,61631,17:13:15,3.2
C19,P.SUBA,61631,17:16:30,3.2
C19,P.SUBA,61631,17:19:45,3.2
C19,P.SUBA,61631,17:23:00,3.2
C19,P.SUBA,61631,17:26:15,3.2
C19,P.SUBA,61631,17:29:30,3.2
C19,P.SUBA,61631,17:32:45,3.2
C19,P.SUBA,61631,17:36:15,3.5
C19,P.SUBA,61631,17:39:45,3.5
C19,P.SUBA,61631,17:43:15,3.5
C19,P.SUBA,61631,17:46:45,3.5
C19,P.SUBA,61631,17:50:15,3.5
C19,P.SUBA,61631,17:53:45,3.5
C19,P.SUBA,61631,17:57:15,3.5
C19,P.SUBA,61631,18:00:45,3.5
C19,P.SUBA,61631,18:04:15,3.5
C19,P.SUBA,61631,18:07:45,3.5
C19,P.SUBA,61631,18:11:15,3.5
C19,P.SUBA,61631,18:14:45,3.5
C19,P.SUBA,61631,18:18:15,3.5
C19,P.SUBA,61631,18:22:30,4.2
C19,P.SUBA,61631,18:26:45,4.2
C19,P.SUBA,61631,18:31:00,4.2
C19,P.SUBA,61631,18:36:00,5.0
C19,P.SUBA,61631,18:41:00,5.0
C19,P.SUBA,61631,18:46:00,5.0
C19,P.SUBA,61631,18:52:00,6.0
C19,P.SUBA,61631,18:58:00,6.0
C19,P.SUBA,61631,19:04:00,6.0
C19,P.SUBA,61631,19:11:00,7.0
C19,P.SUBA,61631,19:18:00,7.0
C19,P.SUBA,61631,19:25:00,7.0
C19,P.SUBA,61631,19:32:00,7.0
C19,P.SUBA,61631,19:39:00,7.0
C19,P.SUBA,61631,19:46:00,7.0
C19,P.SUBA,61631,19:53:00,7.0
C19,P.SUBA,61631,20:00:00,7.0
C19,P.SUBA,61631,20:07:00,7.0
C19,P.SUBA,61631,20:14:00,7.0
C19,P.SUBA,61631,20:21:00,7.0
C19,P.SUBA,61631,20:28:00,7.0
C19,P.SUBA,61631,20:35:00,7.0
C19,P.SUBA,61631,20:42:00,7.0
C19,P.SUBA,61631,20:49:00,7.0
C19,P.SUBA,61631,20:56:00,7.0
C19,P.SUBA,61631,21:03:00,7.0
C19,P.SUBA,61631,21:12:00,9.0
C19,P.SUBA,61631,21:20:45,8.8
C19,P.SUBA,61631,21:31:15,10.5
C19,P.SUBA,61631,21:39:30,8.2
C19,P.SUBA,61631,21:48:30,9.0
C19,P.SUBA,61631,22:00:00,11.5
F19,Banderas,61434,04:30:00,0.0
F19,Banderas,61434,04:34:00,4.0
F19,Banderas,61434,04:38:00,4.0
F19,Banderas,61434,04:42:00,4.0
F19,Banderas,61434,04:46:00,4.0
F19,Banderas,61434,04:50:00,4.0
F19,Banderas,61434,04:54:00,4.0
F19,Banderas,61434,04:58:00,4.0
F19,Banderas,61434,05:02:00,4.0
F19,Banderas,61434,05:06:00,4.0
F19,Banderas,61434,05:10:00,4.0
F19,Banderas,61434,05:14:00,4.0
F19,Banderas,61434,05:18:00,4.0
F19,Banderas,61434,05:22:00,4.0
F19,Banderas,61434,05:26:00,4.0
F19,Banderas,61434,05:30:00,4.0
F19,Banderas,61434,05:34:00,4.0
F19,Banderas,61434,05:38:00,4.0
F19,Banderas,61434,05:42:00,4.0
F19,Banderas,61434,05:46:00,4.0
F19,Banderas,61434,05:50:00,4.0
F19,Banderas,61434,05:54:00,4.0
F19,Banderas,61434,05:58:00,4.0
F19,Banderas,61434,06:02:00,4.0
F19,Banderas,61434,06:06:00,4.0
F19,Banderas,61434,06:10:00,4.0
F19,Banderas,61434,06:14:00,4.0
F19,Banderas,61434,06:18:00,4.0
F19,Banderas,61434,06:22:00,4.0
F19,Banderas,61434,06:26:00,4.0
F19,Banderas,61434,06:30:00,4.0
F19,Banderas,61434,06:34:00,4.0
F19,Banderas,61434,06:38:00,4.0
F19,Banderas,61434,06:42:00,4.0
F19,Banderas,61434,06:46:00,4.0
F19,Banderas,61434,06:50:00,4.0
F19,Banderas,61434,06:54:00,4.0
F19,Banderas,61434,06:58:00,4.0
F19,Banderas,61434,07:02:00,4.0
F19,Banderas,61434,07:06:00,4.0
F19,Banderas,61434,07:10:00,4.0
F19,Banderas,61434,07:14:00,4.0
F19,Banderas,61434,07:18:00,4.0
F19,Banderas,61434,07:22:00,4.0
F19,Banderas,61434,07:26:00,4.0
F19,Banderas,61434,07:30:00,4.0
F19,Banderas,61434,07:35:00,5.0
F19,Banderas,61434,07:40:00,5.0
F19,Banderas,61434,07:45:00,5.0
F19,Banderas,61434,07:50:00,5.0
F19,Banderas,61434,07:55:00,5.0
F19,Banderas,61434,08:00:00,5.0
F19,Banderas,61434,08:05:00,5.0
F19,Banderas,61434,08:10:00,5.0
F19,Banderas,61434,08:15:00,5.0
F19,Banderas,61434,08:20:30,5.5
F19,Banderas,61434,08:26:00,5.5
F19,Banderas,61434,08:31:30,5.5
F19,Banderas,61434,08:38:00,6.5
F19,Banderas,61434,08:44:30,6.5
F19,Banderas,61434,08:51:00,6.5
F19,Banderas,61434,08:57:30,6.5
F19,Banderas,61434,09:04:00,6.5
F19,Banderas,61434,09:10:30,6.5
F19,Banderas,61434,09:17:00,6.5
F19,Banderas,61434,09:23:30,6.5
F19,Banderas,61434,09:30:00,6.5
F19,Banderas,61434,09:36:30,6.5
F19,Banderas,61434,09:43:00,6.5
F19,Banderas,61434,09:49:30,6.5
F19,Banderas,61434,09:56:00,6.5
F19,Banderas,61434,10:02:30,6.5
F19,Banderas,61434,10:09:00,6.5
F19,Banderas,61434,10:15:30,6.5
F19,Banderas,61434,10:22:00,6.5
F19,Banderas,61434,10:28:30,6.5
F19,Banderas,61434,10:35:00,6.5
F19,Banderas,61434,10:41:30,6.5
F19,Banderas,61434,10:48:00,6.5
F19,Banderas,61434,10:54:30,6.5
F19,Banderas,61434,11:01:00,6.5
F19,Banderas,61434,11:07:30,6.5
F19,Banderas,61434,11:14:00,6.5
F19,Banderas,61434,11:20:30,6.5
F19,Banderas,61434,11:27:00,6.5
F19,Banderas,61434,11:33:30,6.5
F19,Banderas,61434,11:40:00,6.5
F19,Banderas,61434,11:46:30,6.5
F19,Banderas,61434,11:53:00,6.5
F19,Banderas,61434,11:59:30,6.5
F19,Banderas,61434,12:06:00,6.5
F19,Banderas,61434,12:12:30,6.5
F19,Banderas,61434,12:19:00,6.5
F19,Banderas,61434,12:25:30,6.5
F19,Banderas,61434,12:32:00,6.5
F19,Banderas,61434,12:38:30,6.5
F19,Banderas,61434,12:45:00,6.5
F19,Banderas,61434,12:51:30,6.5
F19,Banderas,61434,12:58:00,6.5
F19,Banderas,61434,13:04:30,6.5
F19,Banderas,61434,13:11:00,6.5
F19,Banderas,61434,13:17:30,6.5
F19,Banderas,61434,13:24:00,6.5
F19,Banderas,61434,13:30:30,6.5
F19,Banderas,61434,13:37:00,6.5
F19,Banderas,61434,13:43:30,6.5
F19,Banderas,61434,13:50:00,6.5
F19,Banderas,61434,13:56:30,6.5
F19,Banderas,61434,14:03:00,6.5
F19,Banderas,61434,14:09:30,6.5
F19,Banderas,61434,14:16:00,6.5
F19,Banderas,61434,14:22:30,6.5
F19,Banderas,61434,14:29:00,6.5
F19,Banderas,61434,14:35:30,6.5
F19,Banderas,61434,14:42:00,6.5
F19,Banderas,61434,14:48:30,6.5
F19,Banderas,61434,14:55:00,6.5
F19,Banderas,61434,15:01:30,6.5
F19,Banderas,61434,15:08:00,6.5
F19,Banderas,61434,15:14:30,6.5
F19,Banderas,61434,15:21:00,6.5
F19,Banderas,61434,15:27:30,6.5
F19,Banderas,61434,15:34:00,6.5
F19,Banderas,61434,15:40:30,6.5
F19,Banderas,61434,15:47:00,6.5
F19,Banderas,61434,15:53:30,6.5
F19,Banderas,61434,16:00:00,6.5
F19,Banderas,61434,16:06:30,6.5
F19,Banderas,61434,16:13:00,6.5
F19,Banderas,61434,16:19:30,6.5
F19,Banderas,61434,16:26:00,6.5
F19,Banderas,61434,16:32:30,6.5
F19,Banderas,61434,16:39:00,6.5
F19,Banderas,61434,16:45:30,6.5
F19,Banderas,61434,16:52:00,6.5
F19,Banderas,61434,16:58:30,6.5
F19,Banderas,61434,17:05:00,6.5
F19,Banderas,61434,17:11:30,6.5
F19,Banderas,61434,17:18:00,6.5
F19,Banderas,61434,17:24:30,6.5
F19,Banderas,61434,17:31:00,6.5
F19,Banderas,61434,17:37:30,6.5
F19,Banderas,61434,17:44:00,6.5
F19,Banderas,61434,17:50:30,6.5
F19,Banderas,61434,17:57:00,6.5
F19,Banderas,61434,18:03:30,6.5
F19,Banderas,61434,18:10:00,6.5
F19,Banderas,61434,18:16:30,6.5
F19,Banderas,61434,18:23:00,6.5
F19,Banderas,61434,18:29:30,6.5
F19,Banderas,61434,18:36:00,6.5
F19,Banderas,61434,18:42:30,6.5
F19,Banderas,61434,18:49:00,6.5
F19,Banderas,61434,18:55:30,6.5
F19,Banderas,61434,19:02:00,6.5
F19,Banderas,61434,19:08:30,6.5
F19,Banderas,61434,19:15:00,6.5
F19,Banderas,61434,19:21:30,6.5
F19,Banderas,61434,19:28:00,6.5
F19,Banderas,61434,19:34:30,6.5
F19,Banderas,61434,19:41:00,6.5
F19,Banderas,61434,19:47:30,6.5
F19,Banderas,61434,19:54:00,6.5
F19,Banderas,61434,20:00:30,6.5
F19,Banderas,61434,20:07:30,7.0
F19,Banderas,61434,20:14:30,7.0
F19,Banderas,61434,20:21:30,7.0
F19,Banderas,61434,20:28:30,7.0
F19,Banderas,61434,20:35:30,7.0
F19,Banderas,61434,20:42:30,7.0
F19,Banderas,61434,20:49:30,7.0
F19,Banderas,61434,20:56:30,7.0
F19,Banderas,61434,21:03:30,7.0
F19,Banderas,61434,21:10:30,7.0
F19,Banderas,61434,21:17:30,7.0
F19,Banderas,61434,21:24:30,7.0
F19,Banderas,61434,21:31:30,7.0
F19,Banderas,61434,21:38:30,7.0
F19,Banderas,61434,21:45:30,7.0
F19,Banderas,61434,21:52:30,7.0
F19,Banderas,61434,22:00:00,7.5
D20,Portal 80,73323,05:00:00,0.0
D20,Portal 80,73323,05:04:00,4.0
D20,Portal 80,73323,05:08:00,4.0
D20,Portal 80,73323,05:12:00,4.0
D20,Portal 80,73323,05:16:00,4.0
D20,Portal 80,73323,05:20:00,4.0
D20,Portal 80,73323,05:24:00,4.0
D20,Portal 80,73323,05:28:00,4.0
D20,Portal 80,73323,05:32:00,4.0
D20,Portal 80,73323,05:36:00,4.0
D20,Portal 80,73323,05:40:00,4.0
D20,Portal 80,73323,05:44:00,4.0
D20,Portal 80,73323,05:48:00,4.0
D20,Portal 80,73323,05:52:00,4.0
D20,Portal 80,73323,05:56:00,4.0
D20,Portal 80,73323,06:00:00,4.0
D20,Portal 80,73323,06:04:00,4.0
D20,Portal 80,73323,06:08:00,4.0
D20,Portal 80,73323,06:12:00,4.0
D20,Portal 80,73323,06:16:00,4.0
D20,Portal 80,73323,06:20:00,4.0
D20,Portal 80,73323,06:24:00,4.0
D20,Portal 80,73323,06:28:00,4.0
D20,Portal 80,73323,06:32:00,4.0
D20,Portal 80,73323,06:36:00,4.0
D20,Portal 80,73323,06:40:00,4.0
D20,Portal 80,73323,06:44:00,4.0
D20,Portal 80,73323,06:48:00,4.0
D20,Portal 80,73323,06:52:00,4.0
D20,Portal 80,73323,06:56:00,4.0
D20,Portal 80,73323,07:00:00,4.0
D20,Portal 80,73323,07:04:00,4.0
D20,Portal 80,73323,07:08:00,4.0
D20,Portal 80,73323,07:12:00,4.0
D20,Portal 80,73323,07:16:00,4.0
D20,Portal 80,73323,07:20:00,4.0
D20,Portal 80,73323,07:24:00,4.0
D20,Portal 80,73323,07:28:00,4.0
D20,Portal 80,73323,07:32:00,4.0
D20,Portal 80,73323,07:36:00,4.0
D20,Portal 80,73323,07:40:00,4.0
D20,Portal 80,73323,07:44:00,4.0
D20,Portal 80,73323,07:48:00,4.0
D20,Portal 80,73323,07:52:00,4.0
D20,Portal 80,73323,07:56:00,4.0
D20,Portal 80,73323,08:00:00,4.0
D20,Portal 80,73323,08:04:00,4.0
D20,Portal 80,73323,08:08:00,4.0
D20,Portal 80,73323,08:12:00,4.0
D20,Portal 80,73323,08:16:00,4.0
D20,Portal 80,73323,08:20:00,4.0
D20,Portal 80,73323,08:24:00,4.0
D20,Portal 80,73323,08:28:00,4.0
D20,Portal 80,73323,08:32:00,4.0
D20,Portal 80,73323,08:36:00,4.0
D20,Portal 80,73323,08:40:00,4.0
D20,Portal 80,73323,08:44:00,4.0
D20,Portal 80,73323,08:48:00,4.0
D20,Portal 80,73323,08:52:00,4.0
D20,Portal 80,73323,08:56:00,4.0
D20,Portal 80,73323,09:00:00,4.0
D20,Portal 80,73323,09:04:30,4.5
D20,Portal 80,73323,09:09:00,4.5
D20,Portal 80,73323,09:13:30,4.5
D20,Portal 80,73323,09:18:00,4.5
D20,Portal 80,73323,09:23:30,5.5
D20,Portal 80,73323,09:29:00,5.5
D20,Portal 80,73323,09:34:30,5.5
D20,Portal 80,73323,09:40:30,6.0
D20,Portal 80,73323,09:46:30,6.0
D20,Portal 80,73323,09:52:30,6.0
D20,Portal 80,73323,09:58:30,6.0
D20,Portal 80,73323,10:04:30,6.0
D20,Portal 80,73323,10:10:30,6.0
D20,Portal 80,73323,10:16:30,6.0
D20,Portal 80,73323,10:22:30,6.0
D20,Portal 80,73323,10:28:30,6.0
D20,Portal 80,73323,10:34:30,6.0
D20,Portal 80,73323,10:40:30,6.0
D20,Portal 80,73323,10:46:30,6.0
D20,Portal 80,73323,10:52:30,6.0
D20,Portal 80,73323,10:58:30,6.0
D20,Portal 80,73323,11:04:30,6.0
D20,Portal 80,73323,11:10:30,6.0
D20,Portal 80,73323,11:16:30,6.0
D20,Portal 80,73323,11:22:30,6.0
D20,Portal 80,73323,11:28:30,6.0
D20,Portal 80,73323,11:34:30,6.0
D20,Portal 80,73323,11:40:30,6.0
D20,Portal 80,73323,11:46:30,6.0
D20,Portal 80,73323,11:52:30,6.0
D20,Portal 80,73323,11:58:30,6.0
D20,Portal 80,73323,12:04:30,6.0
D20,Portal 80,73323,12:10:30,6.0
D20,Portal 80,73323,12:16:30,6.0
D20,Portal 80,73323,12:22:30,6.0
D20,Portal 80,73323,12:28:30,6.0
D20,Portal 80,73323,12:34:30,6.0
D20,Portal 80,73323,12:40:30,6.0
D20,Portal 80,73323,12:46:30,6.0
D20,Portal 80,73323,12:52:30,6.0
D20,Portal 80,73323,12:58:30,6.0
D20,Portal 80,73323,13:04:30,6.0
D20,Portal 80,73323,13:10:30,6.0
D20,Portal 80,73323,13:16:30,6.0
D20,Portal 80,73323,13:22:30,6.0
D20,Portal 80,73323,13:28:30,6.0
D20,Portal 80,73323,13:34:30,6.0
D20,Portal 80,73323,13:40:30,6.0
D20,Portal 80,73323,13:46:30,6.0
D20,Portal 80,73323,13:52:30,6.0
D20,Portal 80,73323,13:58:30,6.0
D20,Portal 80,73323,14:04:30,6.0
D20,Portal 80,73323,14:10:30,6.0
D20,Portal 80,73323,14:16:30,6.0
D20,Portal 80,73323,14:22:30,6.0
D20,Portal 80,73323,14:28:30,6.0
D20,Portal 80,73323,14:34:30,6.0
D20,Portal 80,73323,14:40:30,6.0
D20,Portal 80,73323,14:46:30,6.0
D20,Portal 80,73323,14:52:30,6.0
D20,Portal 80,73323,14:58:30,6.0
D20,Portal 80,73323,15:04:30,6.0
D20,Portal 80,73323,15:10:30,6.0
D20,Portal 80,73323,15:16:30,6.0
D20,Portal 80,73323,15:22:30,6.0
D20,Portal 80,73323,15:28:30,6.0
D20,Portal 80,73323,15:34:30,6.0
D20,Portal 80,73323,15:39:15,4.8
D20,Portal 80,73323,15:44:00,4.8
D20,Portal 80,73323,15:48:45,4.8
D20,Portal 80,73323,15:53:30,4.8
D20,Portal 80,73323,15:58:15,4.8
D20,Portal 80,73323,16:03:00,4.8
D20,Portal 80,73323,16:07:15,4.2
D20,Portal 80,73323,16:11:30,4.2
D20,Portal 80,73323,16:15:45,4.2
D20,Portal 80,73323,16:19:15,3.5
D20,Portal 80,73323,16:22:45,3.5
D20,Portal 80,73323,16:26:15,3.5
D20,Portal 80,73323,16:29:45,3.5
D20,Portal 80,73323,16:33:15,3.5
D20,Portal 80,73323,16:36:45,3.5
D20,Portal 80,73323,16:40:15,3.5
D20,Portal 80,73323,16:43:45,3.5
D20,Portal 80,73323,16:47:15,3.5
D20,Portal 80,73323,16:50:45,3.5
D20,Portal 80,73323,16:54:15,3.5
D20,Portal 80,73323,16:57:45,3.5
D20,Portal 80,73323,17:01:15,3.5
D20,Portal 80,73323,17:04:45,3.5
D20,Portal 80,73323,17:08:15,3.5
D20,Portal 80,73323,17:11:45,3.5
D20,Portal 80,73323,17:15:15,3.5
D20,Portal 80,73323,17:18:45,3.5
D20,Portal 80,73323,17:22:15,3.5
D20,Portal 80,73323,17:25:45,3.5
D20,Portal 80,73323,17:29:15,3.5
D20,Portal 80,73323,17:32:45,3.5
D20,Portal 80,73323,17:36:30,3.8
D20,Portal 80,73323,17:40:15,3.8
D20,Portal 80,73323,17:44:00,3.8
D20,Portal 80,73323,17:47:45,3.8
D20,Portal 80,73323,17:51:30,3.8
D20,Portal 80,73323,17:55:15,3.8
D20,Portal 80,73323,17:59:00,3.8
D20,Portal 80,73323,18:02:45,3.8
D20,Portal 80,73323,18:06:30,3.8
D20,Portal 80,73323,18:10:15,3.8
D20,Portal 80,73323,18:14:00,3.8
D20,Portal 80,73323,18:17:45,3.8
D20,Portal 80,73323,18:21:45,4.0
D20,Portal 80,73323,18:25:45,4.0
D20,Portal 80,73323,18:29:45,4.0
D20,Portal 80,73323,18:33:45,4.0
D20,Portal 80,73323,18:37:45,4.0
D20,Portal 80,73323,18:41:45,4.0
D20,Portal 80,73323,18:45:45,4.0
D20,Portal 80,73323,18:49:45,4.0
D20,Portal 80,73323,18:53:45,4.0
D20,Portal 80,73323,18:57:45,4.0
D20,Portal 80,73323,19:01:45,4.0
D20,Portal 80,73323,19:06:00,4.2
D20,Portal 80,73323,19:10:15,4.2
D20,Portal 80,73323,19:14:30,4.2
D20,Portal 80,73323,19:18:45,4.2
D20,Portal 80,73323,19:24:00,5.2
D20,Portal 80,73323,19:29:15,5.2
D20,Portal 80,73323,19:34:30,5.2
D20,Portal 80,73323,19:40:15,5.8
D20,Portal 80,73323,19:46:00,5.8
D20,Portal 80,73323,19:52:30,6.5
D20,Portal 80,73323,19:59:00,6.5
D20,Portal 80,73323,20:05:30,6.5
D20,Portal 80,73323,20:12:00,6.5
D20,Portal 80,73323,20:18:30,6.5
D20,Portal 80,73323,20:25:00,6.5
D20,Portal 80,73323,20:31:30,6.5
D20,Portal 80,73323,20:38:00,6.5
D20,Portal 80,73323,20:44:30,6.5
D20,Portal 80,73323,20:51:00,6.5
D20,Portal 80,73323,20:57:30,6.5
D20,Portal 80,73323,21:04:00,6.5
D20,Portal 80,73323,21:10:30,6.5
D20,Portal 80,73323,21:16:45,6.2
D20,Portal 80,73323,21:23:00,6.2
D20,Portal 80,73323,21:28:15,5.2
D20,Portal 80,73323,21:34:00,5.8
D20,Portal 80,73323,21:39:45,5.8
D20,Portal 80,73323,21:46:45,7.0
D20,Portal 80,73323,21:53:00,6.2
D20,Portal 80,73323,22:00:00,7.0
H20,Portal Usme,73224,04:30:00,0.0
H20,Portal Usme,73224,04:33:15,3.2
H20,Portal Usme,73224,04:36:30,3.2
H20,Portal Usme,73224,04:39:45,3.2
H20,Portal Usme,73224,04:43:00,3.2
H20,Portal Usme,73224,04:46:15,3.2
H20,Portal Usme,73224,04:49:30,3.2
H20,Portal Usme,73224,04:52:45,3.2
H20,Portal Usme,73224,04:56:00,3.2
H20,Portal Usme,73224,04:59:15,3.2
H20,Portal Usme,73224,05:02:30,3.2
H20,Portal Usme,73224,05:05:45,3.2
H20,Portal Usme,73224,05:09:00,3.2
H20,Portal Usme,73224,05:12:15,3.2
H20,Portal Usme,73224,05:15:30,3.2
H20,Portal Usme,73224,05:18:45,3.2
H20,Portal Usme,73224,05:22:00,3.2
H20,Portal Usme,73224,05:25:15,3.2
H20,Portal Usme,73224,05:28:30,3.2
H20,Portal Usme,73224,05:31:45,3.2
H20,Portal Usme,73224,05:36:30,4.8
H20,Portal Usme,73224,05:41:15,4.8
H20,Portal Usme,73224,05:46:00,4.8
H20,Portal Usme,73224,05:50:15,4.2
H20,Portal Usme,73224,05:54:30,4.2
H20,Portal Usme,73224,05:58:45,4.2
H20,Portal Usme,73224,06:03:00,4.2
H20,Portal Usme,73224,06:06:15,3.2
H20,Portal Usme,73224,06:09:30,3.2
H20,Portal Usme,73224,06:12:45,3.2
H20,Portal Usme,73224,06:16:00,3.2
H20,Portal Usme,73224,06:18:30,2.5
H20,Portal Usme,73224,06:21:00,2.5
H20,Portal Usme,73224,06:23:30,2.5
H20,Portal Usme,73224,06:26:00,2.5
H20,Portal Usme,73224,06:28:30,2.5
H20,Portal Usme,73224,06:31:00,2.5
H20,Portal Usme,73224,06:33:30,2.5
H20,Portal Usme,73224,06:36:00,2.5
H20,Portal Usme,73224,06:38:30,2.5
H20,Portal Usme,73224,06:41:00,2.5
H20,Portal Usme,73224,06:43:30,2.5
H20,Portal Usme,73224,06:46:00,2.5
H20,Portal Usme,73224,06:48:30,2.5
H20,Portal Usme,73224,06:51:00,2.5
H20,Portal Usme,73224,06:53:30,2.5
H20,Portal Usme,73224,06:56:00,2.5
H20,Portal Usme,73224,06:58:30,2.5
H20,Portal Usme,73224,07:01:00,2.5
H20,Portal Usme,73224,07:03:30,2.5
H20,Portal Usme,73224,07:06:00,2.5
H20,Portal Usme,73224,07:08:30,2.5
H20,Portal Usme,73224,07:11:00,2.5
H20,Portal Usme,73224,07:13:30,2.5
H20,Portal Usme,73224,07:16:00,2.5
H20,Portal Usme,73224,07:18:30,2.5
H20,Portal Usme,73224,07:21:00,2.5
H20,Portal Usme,73224,07:23:30,2.5
H20,Portal Usme,73224,07:26:00,2.5
H20,Portal Usme,73224,07:28:30,2.5
H20,Portal Usme,73224,07:31:00,2.5
H20,Portal Usme,73224,07:33:45,2.8
H20,Portal Usme,73224,07:36:30,2.8
H20,Portal Usme,73224,07:39:15,2.8
H20,Portal Usme,73224,07:42:00,2.8
H20,Portal Usme,73224,07:44:45,2.8
H20,Portal Usme,73224,07:47:30,2.8
H20,Portal Usme,73224,07:50:30,3.0
H20,Portal Usme,73224,07:53:30,3.0
H20,Portal Usme,73224,07:56:30,3.0
H20,Portal Usme,73224,07:59:30,3.0
H20,Portal Usme,73224,08:02:30,3.0
H20,Portal Usme,73224,08:05:30,3.0
H20,Portal Usme,73224,08:08:30,3.0
H20,Portal Usme,73224,08:11:30,3.0
H20,Portal Usme,73224,08:14:30,3.0
H20,Portal Usme,73224,08:17:30,3.0
H20,Portal Usme,73224,08:21:00,3.5
H20,Portal Usme,73224,08:24:30,3.5
H20,Portal Usme,73224,08:28:00,3.5
H20,Portal Usme,73224,08:31:30,3.5
H20,Portal Usme,73224,08:35:15,3.8
H20,Portal Usme,73224,08:39:00,3.8
H20,Portal Usme,73224,08:42:45,3.8
H20,Portal Usme,73224,08:46:30,3.8
H20,Portal Usme,73224,08:50:45,4.2
H20,Portal Usme,73224,08:55:00,4.2
H20,Portal Usme,73224,08:59:15,4.2
H20,Portal Usme,73224,09:03:30,4.2
H20,Portal Usme,73224,09:07:45,4.2
H20,Portal Usme,73224,09:12:00,4.2
H20,Portal Usme,73224,09:16:15,4.2
H20,Portal Usme,73224,09:20:45,4.5
H20,Portal Usme,73224,09:25:15,4.5
H20,Portal Usme,73224,09:29:45,4.5
H20,Portal Usme,73224,09:34:15,4.5
H20,Portal Usme,73224,09:39:00,4.8
H20,Portal Usme,73224,09:43:45,4.8
H20,Portal Usme,73224,09:48:30,4.8
H20,Portal Usme,73224,09:54:30,6.0
H20,Portal Usme,73224,10:00:30,6.0
H20,Portal Usme,73224,10:06:30,6.0
H20,Portal Usme,73224,10:12:30,6.0
H20,Portal Usme,73224,10:18:30,6.0
H20,Portal Usme,73224,10:24:30,6.0
H20,Portal Usme,73224,10:30:30,6.0
H20,Portal Usme,73224,10:36:30,6.0
H20,Portal Usme,73224,10:42:30,6.0
H20,Portal Usme,73224,10:48:30,6.0
H20,Portal Usme,73224,10:54:30,6.0
H20,Portal Usme,73224,11:00:30,6.0
H20,Portal Usme,73224,11:06:30,6.0
H20,Portal Usme,73224,11:12:30,6.0
H20,Portal Usme,73224,11:18:30,6.0
H20,Portal Usme,73224,11:24:30,6.0
H20,Portal Usme,73224,11:30:30,6.0
H20,Portal Usme,73224,11:36:30,6.0
H20,Portal Usme,73224,11:42:30,6.0
H20,Portal Usme,73224,11:48:30,6.0
H20,Portal Usme,73224,11:54:30,6.0
H20,Portal Usme,73224,12:00:30,6.0
H20,Portal Usme,73224,12:06:30,6.0
H20,Portal Usme,73224,12:12:30,6.0
H20,Portal Usme,73224,12:18:30,6.0
H20,Portal Usme,73224,12:24:30,6.0
H20,Portal Usme,73224,12:30:30,6.0
H20,Portal Usme,73224,12:36:30,6.0
H20,Portal Usme,73224,12:42:30,6.0
H20,Portal Usme,73224,12:48:30,6.0
H20,Portal Usme,73224,12:54:30,6.0
H20,Portal Usme,73224,13:00:30,6.0
H20,Portal Usme,73224,13:06:30,6.0
H20,Portal Usme,73224,13:12:30,6.0
H20,Portal Usme,73224,13:18:30,6.0
H20,Portal Usme,73224,13:24:30,6.0
H20,Portal Usme,73224,13:30:30,6.0
H20,Portal Usme,73224,13:36:30,6.0
H20,Portal Usme,73224,13:42:30,6.0
H20,Portal Usme,73224,13:48:30,6.0
H20,Portal Usme,73224,13:54:30,6.0
H20,Portal Usme,73224,14:00:30,6.0
H20,Portal Usme,73224,14:06:30,6.0
H20,Portal Usme,73224,14:12:30,6.0
H20,Portal Usme,73224,14:18:30,6.0
H20,Portal Usme,73224,14:24:30,6.0
H20,Portal Usme,73224,14:30:30,6.0
H20,Portal Usme,73224,14:36:30,6.0
H20,Portal Usme,73224,14:42:30,6.0
H20,Portal Usme,73224,14:48:30,6.0
H20,Portal Usme,73224,14:54:30,6.0
H20,Portal Usme,73224,15:00:30,6.0
H20,Portal Usme,73224,15:06:15,5.8
H20,Portal Usme,73224,15:12:00,5.8
H20,Portal Usme,73224,15:17:45,5.8
H20,Portal Usme,73224,15:23:00,5.2
H20,Portal Usme,73224,15:28:15,5.2
H20,Portal Usme,73224,15:33:30,5.2
H20,Portal Usme,73224,15:38:15,4.8
H20,Portal Usme,73224,15:43:00,4.8
H20,Portal Usme,73224,15:47:45,4.8
H20,Portal Usme,73224,15:52:00,4.2
H20,Portal Usme,73224,15:56:15,4.2
H20,Portal Usme,73224,16:00:30,4.2
H20,Portal Usme,73224,16:04:00,3.5
H20,Portal Usme,73224,16:07:30,3.5
H20,Portal Usme,73224,16:11:00,3.5
H20,Portal Usme,73224,16:14:30,3.5
H20,Portal Usme,73224,16:18:00,3.5
H20,Portal Usme,73224,16:21:15,3.2
H20,Portal Usme,73224,16:24:30,3.2
H20,Portal Usme,73224,16:27:45,3.2
H20,Portal Usme,73224,16:31:00,3.2
H20,Portal Usme,73224,16:34:15,3.2
H20,Portal Usme,73224,16:37:30,3.2
H20,Portal Usme,73224,16:40:45,3.2
H20,Portal Usme,73224,16:44:00,3.2
H20,Portal Usme,73224,16:47:15,3.2
H20,Portal Usme,73224,16:50:30,3.2
H20,Portal Usme,73224,16:53:45,3.2
H20,Portal Usme,73224,16:57:00,3.2
H20,Portal Usme,73224,17:00:15,3.2
H20,Portal Usme,73224,17:03:30,3.2
H20,Portal Usme,73224,17:06:45,3.2
H20,Portal Usme,73224,17:10:00,3.2
H20,Portal Usme,73224,17:13:15,3.2
H20,Portal Usme,73224,17:16:30,3.2
H20,Portal Usme,73224,17:19:45,3.2
H20,Portal Usme,73224,17:23:00,3.2
H20,Portal Usme,73224,17:26:15,3.2
H20,Portal Usme,73224,17:29:30,3.2
H20,Portal Usme,73224,17:32:45,3.2
H20,Portal Usme,73224,17:36:00,3.2
H20,Portal Usme,73224,17:39:15,3.2
H20,Portal Usme,73224,17:42:30,3.2
H20,Portal Usme,73224,17:45:45,3.2
H20,Portal Usme,73224,17:49:00,3.2
H20,Portal Usme,73224,17:52:15,3.2
H20,Portal Usme,73224,17:55:30,3.2
H20,Portal Usme,73224,17:58:45,3.2
H20,Portal Usme,73224,18:02:00,3.2
H20,Portal Usme,73224,18:05:45,3.8
H20,Portal Usme,73224,18:09:30,3.8
H20,Portal Usme,73224,18:13:15,3.8
H20,Portal Usme,73224,18:17:00,3.8
H20,Portal Usme,73224,18:21:15,4.2
H20,Portal Usme,73224,18:25:30,4.2
H20,Portal Usme,73224,18:29:45,4.2
H20,Portal Usme,73224,18:34:00,4.2
H20,Portal Usme,73224,18:38:30,4.5
H20,Portal Usme,73224,18:43:00,4.5
H20,Portal Usme,73224,18:47:30,4.5
H20,Portal Usme,73224,18:52:00,4.5
H20,Portal Usme,73224,18:56:30,4.5
H20,Portal Usme,73224,19:01:00,4.5
H20,Portal Usme,73224,19:05:45,4.8
H20,Portal Usme,73224,19:10:30,4.8
H20,Portal Usme,73224,19:15:15,4.8
H20,Portal Usme,73224,19:20:30,5.2
H20,Portal Usme,73224,19:25:45,5.2
H20,Portal Usme,73224,19:31:00,5.2
H20,Portal Usme,73224,19:37:00,6.0
H20,Portal Usme,73224,19:43:00,6.0
H20,Portal Usme,73224,19:49:00,6.0
H20,Portal Usme,73224,19:55:00,6.0
H20,Portal Usme,73224,20:01:00,6.0
H20,Portal Usme,73224,20:07:15,6.2
H20,Portal Usme,73224,20:13:30,6.2
H20,Portal Usme,73224,20:19:45,6.2
H20,Portal Usme,73224,20:26:15,6.5
H20,Portal Usme,73224,20:32:30,6.2
H20,Portal Usme,73224,20:39:30,7.0
H20,Portal Usme,73224,20:46:30,7.0
H20,Portal Usme,73224,20:53:30,7.0
H20,Portal Usme,73224,21:00:15,6.8
H20,Portal Usme,73224,21:07:15,7.0
H20,Portal Usme,73224,21:14:00,6.8
H20,Portal Usme,73224,21:20:45,6.8
H20,Portal Usme,73224,21:28:45,8.0
H20,Portal Usme,73224,21:34:30,5.8
H20,Portal Usme,73224,21:40:30,6.0
H20,Portal Usme,73224,21:48:30,8.0
H20,Portal Usme,73224,21:54:15,5.8
H20,Portal Usme,73224,22:00:00,5.8
J23,Aguas,61630,05:30:00,0.0
J23,Aguas,61630,05:41:30,11.5
J23,Aguas,61630,05:53:00,11.5
J23,Aguas,61630,06:04:30,11.5
J23,Aguas,61630,06:16:00,11.5
J23,Aguas,61630,06:27:30,11.5
J23,Aguas,61630,06:39:00,11.5
J23,Aguas,61630,06:50:30,11.5
J23,Aguas,61630,07:02:00,11.5
J23,Aguas,61630,07:16:30,14.5
J23,Aguas,61630,07:32:00,15.5
J23,Aguas,61630,07:45:00,13.0
K54,Portal Eldorado,61782,05:30:00,0.0
K54,Portal Eldorado,61782,05:34:30,4.5
K54,Portal Eldorado,61782,05:49:15,14.8
K54,Portal Eldorado,61782,06:04:30,15.2
K54,Portal Eldorado,61782,06:19:45,15.2
K54,Portal Eldorado,61782,06:35:15,15.5
K54,Portal Eldorado,61782,06:50:45,15.5
K54,Portal Eldorado,61782,07:06:15,15.5
K54,Portal Eldorado,61782,07:21:45,15.5
K54,Portal Eldorado,62025,06:00:00,0.0
K54,Portal Eldorado,62025,06:04:15,4.2
K54,Portal Eldorado,62025,06:19:15,15.0
K54,Portal Eldorado,62025,06:34:15,15.0
K54,Portal Eldorado,62025,06:49:15,15.0
K54,Portal Eldorado,73325,04:30:00,0.0
K54,Portal Eldorado,73325,04:35:00,5.0
K54,Portal Eldorado,73325,04:40:00,5.0
K54,Portal Eldorado,73325,04:45:00,5.0
K54,Portal Eldorado,73325,04:50:00,5.0
K54,Portal Eldorado,73325,04:55:00,5.0
K54,Portal Eldorado,73325,05:00:00,5.0
K54,Portal Eldorado,73325,05:04:15,4.2
K54,Portal Eldorado,73325,05:08:30,4.2
K54,Portal Eldorado,73325,05:12:45,4.2
K54,Portal Eldorado,73325,05:17:00,4.2
K54,Portal Eldorado,73325,05:21:15,4.2
K54,Portal Eldorado,73325,05:25:30,4.2
K54,Portal Eldorado,73325,05:29:45,4.2
K54,Portal Eldorado,73325,05:34:00,4.2
K54,Portal Eldorado,73325,05:38:15,4.2
K54,Portal Eldorado,73325,05:42:30,4.2
K54,Portal Eldorado,73325,05:46:45,4.2
K54,Portal Eldorado,73325,05:51:00,4.2
K54,Portal Eldorado,73325,05:55:15,4.2
K54,Portal Eldorado,73325,05:59:30,4.2
K54,Portal Eldorado,73325,06:03:45,4.2
K54,Portal Eldorado,73325,06:08:00,4.2
K54,Portal Eldorado,73325,06:12:15,4.2
K54,Portal Eldorado,73325,06:16:30,4.2
K54,Portal Eldorado,73325,06:20:45,4.2
K54,Portal Eldorado,73325,06:25:00,4.2
K54,Portal Eldorado,73325,06:29:15,4.2
K54,Portal Eldorado,73325,06:33:30,4.2
K54,Portal Eldorado,73325,06:37:45,4.2
K54,Portal Eldorado,73325,06:42:00,4.2
K54,Portal Eldorado,73325,06:46:15,4.2
K54,Portal Eldorado,73325,06:50:30,4.2
K54,Portal Eldorado,73325,06:54:45,4.2
K54,Portal Eldorado,73325,06:59:00,4.2
K54,Portal Eldorado,73325,07:03:15,4.2
K54,Portal Eldorado,73325,07:07:30,4.2
K54,Portal Eldorado,73325,07:11:45,4.2
K54,Portal Eldorado,73325,07:16:00,4.2
K54,Portal Eldorado,73325,07:20:15,4.2
K54,Portal Eldorado,73325,07:24:30,4.2
K54,Portal Eldorado,73325,07:28:45,4.2
K54,Portal Eldorado,73325,07:33:00,4.2
K54,Portal Eldorado,73325,07:37:15,4.2
K54,Portal Eldorado,73325,07:41:30,4.2
K54,Portal Eldorado,73325,07:45:45,4.2
K54,Portal Eldorado,73325,07:50:00,4.2
K54,Portal Eldorado,73325,07:54:15,4.2
K54,Portal Eldorado,73325,07:58:30,4.2
K54,Portal Eldorado,73325,08:02:45,4.2
K54,Portal Eldorado,73325,08:07:45,5.0
K54,Portal Eldorado,73325,08:12:45,5.0
K54,Portal Eldorado,73325,08:17:45,5.0
K54,Portal Eldorado,73325,08:22:45,5.0
K54,Portal Eldorado,73325,08:27:45,5.0
K54,Portal Eldorado,73325,08:32:45,5.0
K54,Portal Eldorado,73325,08:38:00,5.2
K54,Portal Eldorado,73325,08:43:15,5.2
K54,Portal Eldorado,73325,08:48:30,5.2
K54,Portal Eldorado,73325,08:54:15,5.8
K54,Portal Eldorado,73325,09:00:00,5.8
K54,Portal Eldorado,73325,09:06:00,6.0
K54,Portal Eldorado,73325,09:12:00,6.0
K54,Portal Eldorado,73325,09:18:00,6.0
K54,Portal Eldorado,73325,09:24:15,6.2
K54,Portal Eldorado,73325,09:30:30,6.2
K54,Portal Eldorado,73325,09:37:15,6.8
K54,Portal Eldorado,73325,09:44:00,6.8
K54,Portal Eldorado,73325,09:50:45,6.8
K54,Portal Eldorado,73325,09:57:45,7.0
K54,Portal Eldorado,73325,10:04:45,7.0
K54,Portal Eldorado,73325,10:11:45,7.0
K54,Portal Eldorado,73325,10:18:45,7.0
K54,Portal Eldorado,73325,10:25:45,7.0
K54,Portal Eldorado,73325,10:32:45,7.0
K54,Portal Eldorado,73325,10:39:45,7.0
K54,Portal Eldorado,73325,10:46:45,7.0
K54,Portal Eldorado,73325,10:53:45,7.0
K54,Portal Eldorado,73325,11:00:45,7.0
K54,Portal Eldorado,73325,11:07:45,7.0
K54,Portal Eldorado,73325,11:14:45,7.0
K54,Portal Eldorado,73325,11:21:45,7.0
K54,Portal Eldorado,73325,11:28:45,7.0
K54,Portal Eldorado,73325,11:35:45,7.0
K54,Portal Eldorado,73325,11:42:45,7.0
K54,Portal Eldorado,73325,11:49:45,7.0
K54,Portal Eldorado,73325,11:56:45,7.0
K54,Portal Eldorado,73325,12:03:45,7.0
K54,Portal Eldorado,73325,12:10:45,7.0
K54,Portal Eldorado,73325,12:17:45,7.0
K54,Portal Eldorado,73325,12:24:45,7.0
K54,Portal Eldorado,73325,12:31:45,7.0
K54,Portal Eldorado,73325,12:38:45,7.0
K54,Portal Eldorado,73325,12:45:45,7.0
K54,Portal Eldorado,73325,12:52:45,7.0
K54,Portal Eldorado,73325,12:59:45,7.0
K54,Portal Eldorado,73325,13:06:45,7.0
K54,Portal Eldorado,73325,13:13:45,7.0
K54,Portal Eldorado,73325,13:20:45,7.0
K54,Portal Eldorado,73325,13:27:45,7.0
K54,Portal Eldorado,73325,13:34:45,7.0
K54,Portal Eldorado,73325,13:41:45,7.0
K54,Portal Eldorado,73325,13:48:45,7.0
K54,Portal Eldorado,73325,13:55:45,7.0
K54,Portal Eldorado,73325,14:02:45,7.0
K54,Portal Eldorado,73325,14:09:45,7.0
K54,Portal Eldorado,73325,14:16:45,7.0
K54,Portal Eldorado,73325,14:23:45,7.0
K54,Portal Eldorado,73325,14:30:45,7.0
K54,Portal Eldorado,73325,14:37:45,7.0
K54,Portal Eldorado,73325,14:44:45,7.0
K54,Portal Eldorado,73325,14:51:45,7.0
K54,Portal Eldorado,73325,14:58:45,7.0
K54,Portal Eldorado,73325,15:05:45,7.0
K54,Portal Eldorado,73325,15:12:45,7.0
K54,Portal Eldorado,73325,15:19:45,7.0
K54,Portal Eldorado,73325,15:26:45,7.0
K54,Portal Eldorado,73325,15:33:45,7.0
K54,Portal Eldorado,73325,15:40:45,7.0
K54,Portal Eldorado,73325,15:47:45,7.0
K54,Portal Eldorado,73325,15:54:45,7.0
K54,Portal Eldorado,73325,16:01:45,7.0
K54,Portal Eldorado,73325,16:08:45,7.0
K54,Portal Eldorado,73325,16:15:45,7.0
K54,Portal Eldorado,73325,16:22:45,7.0
K54,Portal Eldorado,73325,16:29:45,7.0
K54,Portal Eldorado,73325,16:36:45,7.0
K54,Portal Eldorado,73325,16:43:45,7.0
K54,Portal Eldorado,73325,16:50:45,7.0
K54,Portal Eldorado,73325,16:57:45,7.0
K54,Portal Eldorado,73325,17:04:45,7.0
K54,Portal Eldorado,73325,17:11:45,7.0
K54,Portal Eldorado,73325,17:18:45,7.0
K54,Portal Eldorado,73325,17:25:45,7.0
K54,Portal Eldorado,73325,17:32:45,7.0
K54,Portal Eldorado,73325,17:39:45,7.0
K54,Portal Eldorado,73325,17:46:45,7.0
K54,Portal Eldorado,73325,17:53:45,7.0
K54,Portal Eldorado,73325,18:00:45,7.0
K54,Portal Eldorado,73325,18:07:45,7.0
K54,Portal Eldorado,73325,18:14:45,7.0
K54,Portal Eldorado,73325,18:21:45,7.0
K54,Portal Eldorado,73325,18:28:45,7.0
K54,Portal Eldorado,73325,18:35:45,7.0
K54,Portal Eldorado,73325,18:42:45,7.0
K54,Portal Eldorado,73325,18:49:45,7.0
K54,Portal Eldorado,73325,18:56:45,7.0
K54,Portal Eldorado,73325,19:03:45,7.0
K54,Portal Eldorado,73325,19:10:45,7.0
K54,Portal Eldorado,73325,19:17:45,7.0
K54,Portal Eldorado,73325,19:24:45,7.0
K54,Portal Eldorado,73325,19:31:45,7.0
K54,Portal Eldorado,73325,19:38:45,7.0
K54,Portal Eldorado,73325,19:45:45,7.0
K54,Portal Eldorado,73325,19:52:45,7.0
K54,Portal Eldorado,73325,19:59:45,7.0
K54,Portal Eldorado,73325,20:06:45,7.0
K54,Portal Eldorado,73325,20:17:00,10.2
K54,Portal Eldorado,73325,20:27:15,10.2
K54,Portal Eldorado,73325,20:37:30,10.2
K54,Portal Eldorado,73325,20:47:45,10.2
K54,Portal Eldorado,73325,20:58:00,10.2
K54,Portal Eldorado,73325,21:08:15,10.2
K54,Portal Eldorado,73325,21:18:30,10.2
K54,Portal Eldorado,73325,21:28:45,10.2
K54,Portal Eldorado,73325,21:39:00,10.2
K54,Portal Eldorado,73325,21:49:15,10.2
K54,Portal Eldorado,73325,21:59:30,10.2
K54,Portal Eldorado,73325,22:09:45,10.2
K54,Portal Eldorado,73325,22:20:00,10.2
K54,Portal Eldorado,73325,22:28:45,8.8
K54,Portal Eldorado,73325,22:39:00,10.2
K54,Portal Eldorado,73325,22:50:00,11.0
K54,Portal Eldorado,73325,23:00:00,10.0
B55,Toberín,73225,05:00:00,0.0
B55,Toberín,73225,05:06:45,6.8
B55,Toberín,73225,05:13:30,6.8
B55,Toberín,73225,05:20:15,6.8
B55,Toberín,73225,05:27:00,6.8
B55,Toberín,73225,05:33:45,6.8
B55,Toberín,73225,05:39:15,5.5
B55,Toberín,73225,05:44:45,5.5
B55,Toberín,73225,05:50:15,5.5
B55,Toberín,73225,05:54:15,4.0
B55,Toberín,73225,05:58:15,4.0
B55,Toberín,73225,06:02:15,4.0
B55,Toberín,73225,06:06:15,4.0
B55,Toberín,73225,06:10:15,4.0
B55,Toberín,73225,06:14:15,4.0
B55,Toberín,73225,06:18:15,4.0
B55,Toberín,73225,06:22:15,4.0
B55,Toberín,73225,06:26:15,4.0
B55,Toberín,73225,06:30:15,4.0
B55,Toberín,73225,06:34:15,4.0
B55,Toberín,73225,06:38:15,4.0
B55,Toberín,73225,06:42:15,4.0
B55,Toberín,73225,06:46:15,4.0
B55,Toberín,73225,06:50:00,3.8
B55,Toberín,73225,06:53:45,3.8
B55,Toberín,73225,06:57:30,3.8
B55,Toberín,73225,07:01:15,3.8
B55,Toberín,73225,07:05:00,3.8
B55,Toberín,73225,07:08:45,3.8
B55,Toberín,73225,07:12:30,3.8
B55,Toberín,73225,07:16:15,3.8
B55,Toberín,73225,07:20:00,3.8
B55,Toberín,73225,07:23:45,3.8
B55,Toberín,73225,07:27:30,3.8
B55,Toberín,73225,07:31:15,3.8
B55,Toberín,73225,07:35:30,4.2
B55,Toberín,73225,07:39:45,4.2
B55,Toberín,73225,07:43:00,3.2
B55,Toberín,73225,07:47:15,4.2
B55,Toberín,73225,07:52:00,4.8
B55,Toberín,73225,07:55:30,3.5
B55,Toberín,73225,08:00:00,4.5
B55,Toberín,73225,08:04:15,4.2
B55,Toberín,73225,08:10:15,6.0
B55,Toberín,73225,08:16:15,6.0
B55,Toberín,73225,08:21:30,5.2
B55,Toberín,73225,08:25:45,4.2
B55,Toberín,73225,08:30:00,4.2
G46,San Mateo,61145,16:00:00,0.0
G46,San Mateo,61145,16:04:30,4.5
G46,San Mateo,61145,16:13:30,9.0
G46,San Mateo,61145,16:23:30,10.0
G46,San Mateo,61145,16:32:30,9.0
G46,San Mateo,61145,16:40:15,7.8
G46,San Mateo,61145,16:49:00,8.8
G46,San Mateo,61145,16:56:30,7.5
G46,San Mateo,61145,17:04:30,8.0
G46,San Mateo,61145,17:12:15,7.8
G46,San Mateo,61145,17:19:45,7.5
G46,San Mateo,61145,17:26:00,6.2
G46,San Mateo,61145,17:34:30,8.5
G46,San Mateo,61145,17:41:45,7.2
G46,San Mateo,61145,17:49:00,7.2
G46,San Mateo,61145,17:56:00,7.0
G46,San Mateo,61145,18:03:15,7.2
G46,San Mateo,61145,18:09:45,6.5
G46,San Mateo,61145,18:17:30,7.8
G46,San Mateo,61145,18:23:45,6.2
G46,San Mateo,61145,18:31:30,7.8
G46,San Mateo,61145,18:39:15,7.8
G46,San Mateo,61145,18:46:45,7.5
G46,San Mateo,61145,18:54:30,7.8
G46,San Mateo,61145,19:03:00,8.5
G46,San Mateo,61145,19:17:45,14.8
G46,San Mateo,61238,05:00:00,0.0
G46,San Mateo,61238,05:04:30,4.5
G46,San Mateo,61238,05:09:00,4.5
G46,San Mateo,61238,05:13:30,4.5
G46,San Mateo,61238,05:18:00,4.5
G46,San Mateo,61238,05:22:30,4.5
G46,San Mateo,61238,05:27:00,4.5
G46,San Mateo,61238,05:31:30,4.5
G46,San Mateo,61238,05:36:00,4.5
G46,San Mateo,61238,05:40:30,4.5
G46,San Mateo,61238,05:45:00,4.5
G46,San Mateo,61238,05:49:30,4.5
G46,San Mateo,61238,05:54:00,4.5
G46,San Mateo,61238,05:58:30,4.5
G46,San Mateo,61238,06:03:00,4.5
G46,San Mateo,61238,06:10:00,7.0
G46,San Mateo,61238,06:17:00,7.0
G46,San Mateo,61238,06:24:00,7.0
G46,San Mateo,61238,06:31:00,7.0
G46,San Mateo,61238,06:38:00,7.0
G46,San Mateo,61238,06:45:00,7.0
G46,San Mateo,61238,06:52:00,7.0
G46,San Mateo,61238,06:59:00,7.0
G46,San Mateo,61238,07:06:00,7.0
G46,San Mateo,61238,07:13:00,7.0
G46,San Mateo,61238,07:20:00,7.0
G46,San Mateo,61238,07:27:00,7.0
G46,San Mateo,61238,07:34:00,7.0
G46,San Mateo,61238,07:41:00,7.0
G46,San Mateo,61238,07:48:00,7.0
G46,San Mateo,61238,07:55:00,7.0
G46,San Mateo,61238,08:02:00,7.0
G46,San Mateo,61238,08:09:00,7.0
G46,San Mateo,61238,08:16:00,7.0
G46,San Mateo,61238,08:23:00,7.0
G46,San Mateo,61238,08:29:30,6.5
G46,San Mateo,61238,08:36:30,7.0
G46,San Mateo,61238,08:43:15,6.8
G46,San Mateo,61238,08:49:00,5.8
G46,San Mateo,61238,08:54:30,5.5
G46,San Mateo,61238,09:00:00,5.5
G46,San Mateo,61238,15:00:00,360.0
G46,San Mateo,61238,15:04:30,4.5
G46,San Mateo,61238,15:09:00,4.5
G46,San Mateo,61238,15:13:30,4.5
G46,San Mateo,61238,15:18:00,4.5
G46,San Mateo,61238,15:22:30,4.5
G46,San Mateo,61238,15:27:00,4.5
G46,San Mateo,61238,15:31:30,4.5
G46,San Mateo,61238,15:36:00,4.5
G46,San Mateo,61238,15:40:30,4.5
G46,San Mateo,61238,15:45:00,4.5
G46,San Mateo,61238,15:49:30,4.5
G46,San Mateo,61238,15:54:00,4.5
G46,San Mateo,61238,15:58:30,4.5
G46,San Mateo,61238,16:03:00,4.5
G46,San Mateo,61238,16:07:15,4.2
G46,San Mateo,61238,16:11:30,4.2
G46,San Mateo,61238,16:15:45,4.2
G46,San Mateo,61238,16:19:45,4.0
G46,San Mateo,61238,16:23:45,4.0
G46,San Mateo,61238,16:27:45,4.0
G46,San Mateo,61238,16:31:45,4.0
G46,San Mateo,61238,16:35:45,4.0
G46,San Mateo,61238,16:39:45,4.0
G46,San Mateo,61238,16:43:45,4.0
G46,San Mateo,61238,16:47:45,4.0
G46,San Mateo,61238,16:51:45,4.0
G46,San Mateo,61238,16:55:45,4.0
G46,San Mateo,61238,16:59:45,4.0
G46,San Mateo,61238,17:03:45,4.0
G46,San Mateo,61238,17:07:45,4.0
G46,San Mateo,61238,17:11:45,4.0
G46,San Mateo,61238,17:15:45,4.0
G46,San Mateo,61238,17:19:45,4.0
G46,San Mateo,61238,17:23:45,4.0
G46,San Mateo,61238,17:27:45,4.0
G46,San Mateo,61238,17:31:45,4.0
G46,San Mateo,61238,17:35:45,4.0
G46,San Mateo,61238,17:39:45,4.0
G46,San Mateo,61238,17:43:45,4.0
G46,San Mateo,61238,17:47:45,4.0
G46,San Mateo,61238,17:51:45,4.0
G46,San Mateo,61238,17:55:45,4.0
G46,San Mateo,61238,17:59:45,4.0
G46,San Mateo,61238,18:03:45,4.0
G46,San Mateo,61238,18:07:45,4.0
G46,San Mateo,61238,18:11:45,4.0
G46,San Mateo,61238,18:15:45,4.0
G46,San Mateo,61238,18:19:45,4.0
G46,San Mateo,61238,18:23:45,4.0
G46,San Mateo,61238,18:27:45,4.0
G46,San Mateo,61238,18:31:45,4.0
G46,San Mateo,61238,18:35:45,4.0
G46,San Mateo,61238,18:39:45,4.0
G46,San Mateo,61238,18:43:45,4.0
G46,San Mateo,61238,18:47:45,4.0
G46,San Mateo,61238,18:51:45,4.0
G46,San Mateo,61238,18:55:45,4.0
G46,San Mateo,61238,18:59:45,4.0
G46,San Mateo,61238,19:03:45,4.0
G46,San Mateo,61238,19:07:45,4.0
G46,San Mateo,61238,19:11:45,4.0
G46,San Mateo,61238,19:15:45,4.0
G46,San Mateo,61238,19:20:00,4.2
G46,San Mateo,61238,19:24:15,4.2
G46,San Mateo,61238,19:28:30,4.2
G46,San Mateo,61238,19:32:45,4.2
G46,San Mateo,61238,19:38:00,5.2
G46,San Mateo,61238,19:43:15,5.2
G46,San Mateo,61238,19:47:30,4.2
G46,San Mateo,61238,19:53:45,6.2
G46,San Mateo,61238,20:00:00,6.2
MK86,M86 KR 7 CLL 116 || K86 Portal ElDorado,61985,06:00:00,0.0
MK86,M86 KR 7 CLL 116 || K86 Portal ElDorado,61985,06:05:00,5.0
MK86,M86 KR 7 CLL 116 || K86 Portal ElDorado,61985,06:09:30,4.5
MK86,M86 KR 7 CLL 116 || K86 Portal ElDorado,61985,06:14:00,4.5
MK86,M86 KR 7 CLL 116 || K86 Portal ElDorado,61985,06:18:30,4.5
MK86,M86 KR 7 CLL 116 || K86 Portal ElDorado,61985,06:23:00,4.5
MK86,M86 KR 7 CLL 116 || K86 Portal ElDorado,61985,06:27:30,4.5
MK86,M86 KR 7 CLL 116 || K86 Portal ElDorado,61985,06:32:00,4.5
MK86,M86 KR 7 CLL 116 || K86 Portal ElDorado,61985,06:36:30,4.5
MK86,M86 KR 7 CLL 116 || K86 Portal ElDorado,61985,06:41:00,4.5
MK86,M86 KR 7 CLL 116 || K86 Portal ElDorado,61985,06:45:30,4.5
MK86,M86 KR 7 CLL 116 || K86 Portal ElDorado,61985,06:49:15,3.8
MK86,M86 KR 7 CLL 116 || K86 Portal ElDorado,61985,06:53:45,4.5
MK86,M86 KR 7 CLL 116 || K86 Portal ElDorado,61985,06:59:00,5.2
MK86,M86 KR 7 CLL 116 || K86 Portal ElDorado,61985,07:03:30,4.5
MK86,M86 KR 7 CLL 116 || K86 Portal ElDorado,61985,07:08:00,4.5
MK86,M86 KR 7 CLL 116 || K86 Portal ElDorado,61985,07:12:30,4.5
MK86,M86 KR 7 CLL 116 || K86 Portal ElDorado,61985,07:17:00,4.5
MK86,M86 KR 7 CLL 116 || K86 Portal ElDorado,61985,07:21:30,4.5
MK86,M86 KR 7 CLL 116 || K86 Portal ElDorado,61985,07:26:00,4.5
MK86,M86 KR 7 CLL 116 || K86 Portal ElDorado,61985,07:30:30,4.5
MK86,M86 KR 7 CLL 116 || K86 Portal ElDorado,61985,07:35:45,5.2
MK86,M86 KR 7 CLL 116 || K86 Portal ElDorado,61985,07:36:15,0.5
MK86,M86 KR 7 CLL 116 || K86 Portal ElDorado,61985,07:45:45,9.5
MK86,M86 KR 7 CLL 116 || K86 Portal ElDorado,61985,07:50:45,5.0
MK86,M86 KR 7 CLL 116 || K86 Portal ElDorado,61985,07:55:45,5.0
MK86,M86 KR 7 CLL 116 || K86 Portal ElDorado,61985,08:00:45,5.0
MK86,M86 KR 7 CLL 116 || K86 Portal ElDorado,61985,08:10:45,10.0
MK86,M86 KR 7 CLL 116 || K86 Portal ElDorado,61985,08:20:45,10.0
MK86,M86 KR 7 CLL 116 || K86 Portal ElDorado,61985,08:31:00,10.2
MK86,M86 KR 7 CLL 116 || K86 Portal ElDorado,61985,08:41:00,10.0
MK86,M86 KR 7 CLL 116 || K86 Portal ElDorado,61985,08:51:00,10.0
MK86,M86 KR 7 CLL 116 || K86 Portal ElDorado,61985,09:00:00,9.0
MK86,M86 KR 7 CLL 116 || K86 Portal ElDorado,71511,05:30:00,0.0
MK86,M86 KR 7 CLL 116 || K86 Portal ElDorado,71511,05:37:30,7.5
MK86,M86 KR 7 CLL 116 || K86 Portal ElDorado,72331,16:00:00,0.0
MK86,M86 KR 7 CLL 116 || K86 Portal ElDorado,72331,16:05:00,5.0
MK86,M86 KR 7 CLL 116 || K86 Portal ElDorado,72331,16:12:00,7.0
MK86,M86 KR 7 CLL 116 || K86 Portal ElDorado,72331,16:19:00,7.0
MK86,M86 KR 7 CLL 116 || K86 Portal ElDorado,72331,16:26:00,7.0
MK86,M86 KR 7 CLL 116 || K86 Portal ElDorado,72331,16:33:00,7.0
MK86,M86 KR 7 CLL 116 || K86 Portal ElDorado,72331,16:40:00,7.0
MK86,M86 KR 7 CLL 116 || K86 Portal ElDorado,72331,16:47:15,7.2
MK86,M86 KR 7 CLL 116 || K86 Portal ElDorado,72331,16:54:15,7.0
MK86,M86 KR 7 CLL 116 || K86 Portal ElDorado,72331,17:01:15,7.0
MK86,M86 KR 7 CLL 116 || K86 Portal ElDorado,72331,17:07:15,6.0
MK86,M86 KR 7 CLL 116 || K86 Portal ElDorado,72331,17:13:15,6.0
MK86,M86 KR 7 CLL 116 || K86 Portal ElDorado,72331,17:19:15,6.0
MK86,M86 KR 7 CLL 116 || K86 Portal ElDorado,72331,17:25:15,6.0
MK86,M86 KR 7 CLL 116 || K86 Portal ElDorado,72331,17:31:15,6.0
MK86,M86 KR 7 CLL 116 || K86 Portal ElDorado,72331,17:37:15,6.0
MK86,M86 KR 7 CLL 116 || K86 Portal ElDorado,72331,17:43:15,6.0
MK86,M86 KR 7 CLL 116 || K86 Portal ElDorado,72331,17:49:15,6.0
MK86,M86 KR 7 CLL 116 || K86 Portal ElDorado,72331,17:55:15,6.0
MK86,M86 KR 7 CLL 116 || K86 Portal ElDorado,72331,18:00:30,5.2
MK86,M86 KR 7 CLL 116 || K86 Portal ElDorado,72331,18:07:15,6.8
MK86,M86 KR 7 CLL 116 || K86 Portal ElDorado,72331,18:13:15,6.0
MK86,M86 KR 7 CLL 116 || K86 Portal ElDorado,72331,18:19:15,6.0
MK86,M86 KR 7 CLL 116 || K86 Portal ElDorado,72331,18:25:15,6.0
MK86,M86 KR 7 CLL 116 || K86 Portal ElDorado,72331,18:31:15,6.0
MK86,M86 KR 7 CLL 116 || K86 Portal ElDorado,72331,18:39:00,7.8
MK86,M86 KR 7 CLL 116 || K86 Portal ElDorado,72331,18:46:30,7.5
MK86,M86 KR 7 CLL 116 || K86 Portal ElDorado,72331,18:54:00,7.5
MK86,M86 KR 7 CLL 116 || K86 Portal ElDorado,72331,19:01:30,7.5
MK86,M86 KR 7 CLL 116 || K86 Portal ElDorado,72331,19:09:15,7.8
MK86,M86 KR 7 CLL 116 || K86 Portal ElDorado,72331,19:15:45,6.5
MK86,M86 KR 7 CLL 116 || K86 Portal ElDorado,72331,19:23:15,7.5
MK86,M86 KR 7 CLL 116 || K86 Portal ElDorado,73235,04:10:00,0.0
MK86,M86 KR 7 CLL 116 || K86 Portal ElDorado,73235,04:20:00,10.0
MK86,M86 KR 7 CLL 116 || K86 Portal ElDorado,73235,04:30:00,10.0
MK86,M86 KR 7 CLL 116 || K86 Portal ElDorado,73235,04:40:00,10.0
MK86,M86 KR 7 CLL 116 || K86 Portal ElDorado,73235,04:50:00,10.0
MK86,M86 KR 7 CLL 116 || K86 Portal ElDorado,73235,05:00:00,10.0
MK86,M86 KR 7 CLL 116 || K86 Portal ElDorado,73235,05:10:00,10.0
MK86,M86 KR 7 CLL 116 || K86 Portal ElDorado,73235,05:20:00,10.0
MK86,M86 KR 7 CLL 116 || K86 Portal ElDorado,73235,05:30:00,10.0
MK86,M86 KR 7 CLL 116 || K86 Portal ElDorado,73235,05:40:00,10.0
MK86,M86 KR 7 CLL 116 || K86 Portal ElDorado,73235,05:50:00,10.0
MK86,M86 KR 7 CLL 116 || K86 Portal ElDorado,73235,06:00:00,10.0
MK86,M86 KR 7 CLL 116 || K86 Portal ElDorado,73235,06:10:00,10.0
MK86,M86 KR 7 CLL 116 || K86 Portal ElDorado,73235,06:20:00,10.0
MK86,M86 KR 7 CLL 116 || K86 Portal ElDorado,73235,06:30:00,10.0
MK86,M86 KR 7 CLL 116 || K86 Portal ElDorado,73235,06:40:00,10.0
MK86,M86 KR 7 CLL 116 || K86 Portal ElDorado,73235,06:55:00,15.0
MK86,M86 KR 7 CLL 116 || K86 Portal ElDorado,73235,07:10:00,15.0
MK86,M86 KR 7 CLL 116 || K86 Portal ElDorado,73235,07:25:15,15.2
MK86,M86 KR 7 CLL 116 || K86 Portal ElDorado,73235,07:40:15,15.0
MK86,M86 KR 7 CLL 116 || K86 Portal ElDorado,73235,07:55:15,15.0
MK86,M86 KR 7 CLL 116 || K86 Portal ElDorado,73235,08:10:15,15.0
MK86,M86 KR 7 CLL 116 || K86 Portal ElDorado,73235,08:25:15,15.0
MK86,M86 KR 7 CLL 116 || K86 Portal ElDorado,73235,08:40:15,15.0
MK86,M86 KR 7 CLL 116 || K86 Portal ElDorado,73235,08:55:30,15.2
MK86,M86 KR 7 CLL 116 || K86 Portal ElDorado,73235,09:11:00,15.5
MK86,M86 KR 7 CLL 116 || K86 Portal ElDorado,73235,09:26:00,15.0
MK86,M86 KR 7 CLL 116 || K86 Portal ElDorado,73235,09:33:00,7.0
MK86,M86 KR 7 CLL 116 || K86 Portal ElDorado,73235,09:40:00,7.0
MK86,M86 KR 7 CLL 116 || K86 Portal ElDorado,73235,09:47:00,7.0
MK86,M86 KR 7 CLL 116 || K86 Portal ElDorado,73235,09:54:00,7.0
MK86,M86 KR 7 CLL 116 || K86 Portal ElDorado,73235,10:01:00,7.0
MK86,M86 KR 7 CLL 116 || K86 Portal ElDorado,73235,10:08:00,7.0
MK86,M86 KR 7 CLL 116 || K86 Portal ElDorado,73235,10:15:00,7.0
MK86,M86 KR 7 CLL 116 || K86 Portal ElDorado,73235,10:22:00,7.0
MK86,M86 KR 7 CLL 116 || K86 Portal ElDorado,73235,10:29:00,7.0
MK86,M86 KR 7 CLL 116 || K86 Portal ElDorado,73235,10:36:00,7.0
MK86,M86 KR 7 CLL 116 || K86 Portal ElDorado,73235,10:43:00,7.0
MK86,M86 KR 7 CLL 116 || K86 Portal ElDorado,73235,10:50:30,7.5
MK86,M86 KR 7 CLL 116 || K86 Portal ElDorado,73235,10:57:30,7.0
MK86,M86 KR 7 CLL 116 || K86 Portal ElDorado,73235,11:04:30,7.0
MK86,M86 KR 7 CLL 116 || K86 Portal ElDorado,73235,11:11:30,7.0
MK86,M86 KR 7 CLL 116 || K86 Portal ElDorado,73235,11:18:30,7.0
MK86,M86 KR 7 CLL 116 || K86 Portal ElDorado,73235,11:25:30,7.0
MK86,M86 KR 7 CLL 116 || K86 Portal ElDorado,73235,11:32:30,7.0
MK86,M86 KR 7 CLL 116 || K86 Portal ElDorado,73235,11:39:30,7.0
MK86,M86 KR 7 CLL 116 || K86 Portal ElDorado,73235,11:46:45,7.2
MK86,M86 KR 7 CLL 116 || K86 Portal ElDorado,73235,11:53:45,7.0
MK86,M86 KR 7 CLL 116 || K86 Portal ElDorado,73235,12:00:45,7.0
MK86,M86 KR 7 CLL 116 || K86 Portal ElDorado,73235,12:07:45,7.0
MK86,M86 KR 7 CLL 116 || K86 Portal ElDorado,73235,12:14:45,7.0
MK86,M86 KR 7 CLL 116 || K86 Portal ElDorado,73235,12:21:45,7.0
MK86,M86 KR 7 CLL 116 || K86 Portal ElDorado,73235,12:28:45,7.0
MK86,M86 KR 7 CLL 116 || K86 Portal ElDorado,73235,12:35:45,7.0
MK86,M86 KR 7 CLL 116 || K86 Portal ElDorado,73235,12:42:45,7.0
MK86,M86 KR 7 CLL 116 || K86 Portal ElDorado,73235,12:49:45,7.0
MK86,M86 KR 7 CLL 116 || K86 Portal ElDorado,73235,12:56:45,7.0
MK86,M86 KR 7 CLL 116 || K86 Portal ElDorado,73235,13:03:45,7.0
MK86,M86 KR 7 CLL 116 || K86 Portal ElDorado,73235,13:10:45,7.0
MK86,M86 KR 7 CLL 116 || K86 Portal ElDorado,73235,13:18:00,7.2
MK86,M86 KR 7 CLL 116 || K86 Portal ElDorado,73235,13:25:15,7.2
MK86,M86 KR 7 CLL 116 || K86 Portal ElDorado,73235,13:32:15,7.0
MK86,M86 KR 7 CLL 116 || K86 Portal ElDorado,73235,13:39:15,7.0
MK86,M86 KR 7 CLL 116 || K86 Portal ElDorado,73235,13:46:15,7.0
MK86,M86 KR 7 CLL 116 || K86 Portal ElDorado,73235,13:53:15,7.0
MK86,M86 KR 7 CLL 116 || K86 Portal ElDorado,73235,14:00:15,7.0
MK86,M86 KR 7 CLL 116 || K86 Portal ElDorado,73235,14:07:15,7.0
MK86,M86 KR 7 CLL 116 || K86 Portal ElDorado,73235,14:14:15,7.0
MK86,M86 KR 7 CLL 116 || K86 Portal ElDorado,73235,14:21:30,7.2
MK86,M86 KR 7 CLL 116 || K86 Portal ElDorado,73235,14:28:30,7.0
MK86,M86 KR 7 CLL 116 || K86 Portal ElDorado,73235,14:35:30,7.0
MK86,M86 KR 7 CLL 116 || K86 Portal ElDorado,73235,14:42:30,7.0
MK86,M86 KR 7 CLL 116 || K86 Portal ElDorado,73235,14:49:30,7.0
MK86,M86 KR 7 CLL 116 || K86 Portal ElDorado,73235,14:56:30,7.0
MK86,M86 KR 7 CLL 116 || K86 Portal ElDorado,73235,15:03:30,7.0
MK86,M86 KR 7 CLL 116 || K86 Portal ElDorado,73235,15:10:45,7.2
MK86,M86 KR 7 CLL 116 || K86 Portal ElDorado,73235,15:18:00,7.2
MK86,M86 KR 7 CLL 116 || K86 Portal ElDorado,73235,15:25:15,7.2
MK86,M86 KR 7 CLL 116 || K86 Portal ElDorado,73235,15:32:15,7.0
MK86,M86 KR 7 CLL 116 || K86 Portal ElDorado,73235,15:39:15,7.0
MK86,M86 KR 7 CLL 116 || K86 Portal ElDorado,73235,15:46:15,7.0
MK86,M86 KR 7 CLL 116 || K86 Portal ElDorado,73235,15:53:15,7.0
MK86,M86 KR 7 CLL 116 || K86 Portal ElDorado,73235,16:00:15,7.0
MK86,M86 KR 7 CLL 116 || K86 Portal ElDorado,73235,16:08:45,8.5
MK86,M86 KR 7 CLL 116 || K86 Portal ElDorado,73235,16:17:15,8.5
MK86,M86 KR 7 CLL 116 || K86 Portal ElDorado,73235,16:25:45,8.5
MK86,M86 KR 7 CLL 116 || K86 Portal ElDorado,73235,16:34:15,8.5
MK86,M86 KR 7 CLL 116 || K86 Portal ElDorado,73235,16:43:00,8.8
MK86,M86 KR 7 CLL 116 || K86 Portal ElDorado,73235,16:51:45,8.8
MK86,M86 KR 7 CLL 116 || K86 Portal ElDorado,73235,17:00:15,8.5
MK86,M86 KR 7 CLL 116 || K86 Portal ElDorado,73235,17:08:45,8.5
MK86,M86 KR 7 CLL 116 || K86 Portal ElDorado,73235,17:17:15,8.5
MK86,M86 KR 7 CLL 116 || K86 Portal ElDorado,73235,17:25:45,8.5
MK86,M86 KR 7 CLL 116 || K86 Portal ElDorado,73235,17:34:15,8.5
MK86,M86 KR 7 CLL 116 || K86 Portal ElDorado,73235,17:42:45,8.5
MK86,M86 KR 7 CLL 116 || K86 Portal ElDorado,73235,17:51:15,8.5
MK86,M86 KR 7 CLL 116 || K86 Portal ElDorado,73235,17:59:45,8.5
MK86,M86 KR 7 CLL 116 || K86 Portal ElDorado,73235,18:08:30,8.8
MK86,M86 KR 7 CLL 116 || K86 Portal ElDorado,73235,18:16:00,7.5
MK86,M86 KR 7 CLL 116 || K86 Portal ElDorado,73235,18:23:45,7.8
MK86,M86 KR 7 CLL 116 || K86 Portal ElDorado,73235,18:31:15,7.5
MK86,M86 KR 7 CLL 116 || K86 Portal ElDorado,73235,18:38:45,7.5
MK86,M86 KR 7 CLL 116 || K86 Portal ElDorado,73235,18:46:15,7.5
MK86,M86 KR 7 CLL 116 || K86 Portal ElDorado,73235,18:53:45,7.5
MK86,M86 KR 7 CLL 116 || K86 Portal ElDorado,73235,19:01:15,7.5
MK86,M86 KR 7 CLL 116 || K86 Portal ElDorado,73235,19:08:45,7.5
MK86,M86 KR 7 CLL 116 || K86 Portal ElDorado,73235,19:16:30,7.8
MK86,M86 KR 7 CLL 116 || K86 Portal ElDorado,73235,19:24:45,8.2
MK86,M86 KR 7 CLL 116 || K86 Portal ElDorado,73235,19:32:00,7.2
MK86,M86 KR 7 CLL 116 || K86 Portal ElDorado,73235,19:39:45,7.8
MK86,M86 KR 7 CLL 116 || K86 Portal ElDorado,73235,19:46:15,6.5
MK86,M86 KR 7 CLL 116 || K86 Portal ElDorado,73235,19:53:45,7.5
MK86,M86 KR 7 CLL 116 || K86 Portal ElDorado,73235,20:01:15,7.5
MK86,M86 KR 7 CLL 116 || K86 Portal ElDorado,73235,20:08:15,7.0
MK86,M86 KR 7 CLL 116 || K86 Portal ElDorado,73235,20:17:15,9.0
MK86,M86 KR 7 CLL 116 || K86 Portal ElDorado,73235,20:24:45,7.5
MK86,M86 KR 7 CLL 116 || K86 Portal ElDorado,73235,20:31:15,6.5
MK86,M86 KR 7 CLL 116 || K86 Portal ElDorado,73235,20:39:15,8.0
MK86,M86 KR 7 CLL 116 || K86 Portal ElDorado,73235,20:47:15,8.0
MK86,M86 KR 7 CLL 116 || K86 Portal ElDorado,73235,20:53:45,6.5
MK86,M86 KR 7 CLL 116 || K86 Portal ElDorado,73239,04:30:00,0.0
MK86,M86 KR 7 CLL 116 || K86 Portal ElDorado,73239,04:35:00,5.0
MK86,M86 KR 7 CLL 116 || K86 Portal ElDorado,73239,04:40:00,5.0
MK86,M86 KR 7 CLL 116 || K86 Portal ElDorado,73239,04:45:00,5.0
MK86,M86 KR 7 CLL 116 || K86 Portal ElDorado,73239,04:50:00,5.0
MK86,M86 KR 7 CLL 116 || K86 Portal ElDorado,73239,04:55:00,5.0
MK86,M86 KR 7 CLL 116 || K86 Portal ElDorado,73239,05:00:00,5.0
MK86,M86 KR 7 CLL 116 || K86 Portal ElDorado,73239,05:05:00,5.0
MK86,M86 KR 7 CLL 116 || K86 Portal ElDorado,73239,05:10:00,5.0
MK86,M86 KR 7 CLL 116 || K86 Portal ElDorado,73239,05:15:00,5.0
MK86,M86 KR 7 CLL 116 || K86 Portal ElDorado,73239,05:20:00,5.0
MK86,M86 KR 7 CLL 116 || K86 Portal ElDorado,73239,05:25:00,5.0
MK86,M86 KR 7 CLL 116 || K86 Portal ElDorado,73239,05:30:00,5.0
MK86,M86 KR 7 CLL 116 || K86 Portal ElDorado,73239,05:35:00,5.0
MK86,M86 KR 7 CLL 116 || K86 Portal ElDorado,73239,05:40:00,5.0
MK86,M86 KR 7 CLL 116 || K86 Portal ElDorado,73239,05:45:00,5.0
MK86,M86 KR 7 CLL 116 || K86 Portal ElDorado,73239,05:50:00,5.0
MK86,M86 KR 7 CLL 116 || K86 Portal ElDorado,73239,05:55:00,5.0
MK86,M86 KR 7 CLL 116 || K86 Portal ElDorado,73239,06:00:00,5.0
MK86,M86 KR 7 CLL 116 || K86 Portal ElDorado,73239,06:04:30,4.5
MK86,M86 KR 7 CLL 116 || K86 Portal ElDorado,73239,06:09:00,4.5
MK86,M86 KR 7 CLL 116 || K86 Portal ElDorado,73239,06:13:30,4.5
MK86,M86 KR 7 CLL 116 || K86 Portal ElDorado,73239,06:18:00,4.5
MK86,M86 KR 7 CLL 116 || K86 Portal ElDorado,73239,06:22:30,4.5
MK86,M86 KR 7 CLL 116 || K86 Portal ElDorado,73239,06:27:00,4.5
MK86,M86 KR 7 CLL 116 || K86 Portal ElDorado,73239,06:31:30,4.5
MK86,M86 KR 7 CLL 116 || K86 Portal ElDorado,73239,06:36:00,4.5
MK86,M86 KR 7 CLL 116 || K86 Portal ElDorado,73239,06:40:30,4.5
MK86,M86 KR 7 CLL 116 || K86 Portal ElDorado,73239,06:45:00,4.5
MK86,M86 KR 7 CLL 116 || K86 Portal ElDorado,73239,06:49:30,4.5
MK86,M86 KR 7 CLL 116 || K86 Portal ElDorado,73239,06:54:00,4.5
MK86,M86 KR 7 CLL 116 || K86 Portal ElDorado,73239,06:58:30,4.5
MK86,M86 KR 7 CLL 116 || K86 Portal ElDorado,73239,07:03:00,4.5
MK86,M86 KR 7 CLL 116 || K86 Portal ElDorado,73239,07:09:00,6.0
MK86,M86 KR 7 CLL 116 || K86 Portal ElDorado,73239,07:15:00,6.0
MK86,M86 KR 7 CLL 116 || K86 Portal ElDorado,73239,07:21:00,6.0
MK86,M86 KR 7 CLL 116 || K86 Portal ElDorado,73239,07:27:00,6.0
MK86,M86 KR 7 CLL 116 || K86 Portal ElDorado,73239,07:33:00,6.0
MK86,M86 KR 7 CLL 116 || K86 Portal ElDorado,73239,07:39:00,6.0
MK86,M86 KR 7 CLL 116 || K86 Portal ElDorado,73239,07:45:00,6.0
MK86,M86 KR 7 CLL 116 || K86 Portal ElDorado,73239,07:51:00,6.0
MK86,M86 KR 7 CLL 116 || K86 Portal ElDorado,73239,07:57:00,6.0
MK86,M86 KR 7 CLL 116 || K86 Portal ElDorado,73239,08:03:00,6.0
MK86,M86 KR 7 CLL 116 || K86 Portal ElDorado,73239,08:09:00,6.0
MK86,M86 KR 7 CLL 116 || K86 Portal ElDorado,73239,08:15:00,6.0
MK86,M86 KR 7 CLL 116 || K86 Portal ElDorado,73239,08:21:00,6.0
MK86,M86 KR 7 CLL 116 || K86 Portal ElDorado,73239,08:27:00,6.0
MK86,M86 KR 7 CLL 116 || K86 Portal ElDorado,73239,08:33:00,6.0
MK86,M86 KR 7 CLL 116 || K86 Portal ElDorado,73239,08:39:00,6.0
MK86,M86 KR 7 CLL 116 || K86 Portal ElDorado,73239,08:45:00,6.0
MK86,M86 KR 7 CLL 116 || K86 Portal ElDorado,73239,08:51:00,6.0
MK86,M86 KR 7 CLL 116 || K86 Portal ElDorado,73239,08:57:00,6.0
MK86,M86 KR 7 CLL 116 || K86 Portal ElDorado,73239,09:03:00,6.0
MK86,M86 KR 7 CLL 116 || K86 Portal ElDorado,73239,09:09:00,6.0
MK86,M86 KR 7 CLL 116 || K86 Portal ElDorado,73239,09:15:00,6.0
MK86,M86 KR 7 CLL 116 || K86 Portal ElDorado,73239,09:21:00,6.0
MK86,M86 KR 7 CLL 116 || K86 Portal ElDorado,73239,09:27:00,6.0
MK86,M86 KR 7 CLL 116 || K86 Portal ElDorado,73239,09:33:00,6.0
MK86,M86 KR 7 CLL 116 || K86 Portal ElDorado,73239,09:39:00,6.0
MK86,M86 KR 7 CLL 116 || K86 Portal ElDorado,73239,09:45:00,6.0
MK86,M86 KR 7 CLL 116 || K86 Portal ElDorado,73239,09:51:00,6.0
MK86,M86 KR 7 CLL 116 || K86 Portal ElDorado,73239,09:57:00,6.0
MK86,M86 KR 7 CLL 116 || K86 Portal ElDorado,73239,10:03:00,6.0
MK86,M86 KR 7 CLL 116 || K86 Portal ElDorado,73239,10:09:00,6.0
MK86,M86 KR 7 CLL 116 || K86 Portal ElDorado,73239,10:15:00,6.0
MK86,M86 KR 7 CLL 116 || K86 Portal ElDorado,73239,10:21:00,6.0
MK86,M86 KR 7 CLL 116 || K86 Portal ElDorado,73239,10:27:00,6.0
MK86,M86 KR 7 CLL 116 || K86 Portal ElDorado,73239,10:33:00,6.0
MK86,M86 KR 7 CLL 116 || K86 Portal ElDorado,73239,10:39:00,6.0
MK86,M86 KR 7 CLL 116 || K86 Portal ElDorado,73239,10:45:00,6.0
MK86,M86 KR 7 CLL 116 || K86 Portal ElDorado,73239,10:51:00,6.0
MK86,M86 KR 7 CLL 116 || K86 Portal ElDorado,73239,10:57:00,6.0
MK86,M86 KR 7 CLL 116 || K86 Portal ElDorado,73239,11:03:00,6.0
MK86,M86 KR 7 CLL 116 || K86 Portal ElDorado,73239,11:09:00,6.0
MK86,M86 KR 7 CLL 116 || K86 Portal ElDorado,73239,11:15:00,6.0
MK86,M86 KR 7 CLL 116 || K86 Portal ElDorado,73239,11:21:00,6.0
MK86,M86 KR 7 CLL 116 || K86 Portal ElDorado,73239,11:27:00,6.0
MK86,M86 KR 7 CLL 116 || K86 Portal ElDorado,73239,11:33:00,6.0
MK86,M86 KR 7 CLL 116 || K86 Portal ElDorado,73239,11:39:00,6.0
MK86,M86 KR 7 CLL 116 || K86 Portal ElDorado,73239,11:45:00,6.0
MK86,M86 KR 7 CLL 116 || K86 Portal ElDorado,73239,11:51:00,6.0
MK86,M86 KR 7 CLL 116 || K86 Portal ElDorado,73239,11:57:00,6.0
MK86,M86 KR 7 CLL 116 || K86 Portal ElDorado,73239,12:03:00,6.0
MK86,M86 KR 7 CLL 116 || K86 Portal ElDorado,73239,12:09:00,6.0
MK86,M86 KR 7 CLL 116 || K86 Portal ElDorado,73239,12:15:00,6.0
MK86,M86 KR 7 CLL 116 || K86 Portal ElDorado,73239,12:21:00,6.0
MK86,M86 KR 7 CLL 116 || K86 Portal ElDorado,73239,12:27:00,6.0
MK86,M86 KR 7 CLL 116 || K86 Portal ElDorado,73239,12:33:00,6.0
MK86,M86 KR 7 CLL 116 || K86 Portal ElDorado,73239,12:39:00,6.0
MK86,M86 KR 7 CLL 116 || K86 Portal ElDorado,73239,12:45:00,6.0
MK86,M86 KR 7 CLL 116 || K86 Portal ElDorado,73239,12:51:00,6.0
MK86,M86 KR 7 CLL 116 || K86 Portal ElDorado,73239,12:57:00,6.0
MK86,M86 KR 7 CLL 116 || K86 Portal ElDorado,73239,13:03:00,6.0
MK86,M86 KR 7 CLL 116 || K86 Portal ElDorado,73239,13:09:00,6.0
MK86,M86 KR 7 CLL 116 || K86 Portal ElDorado,73239,13:15:00,6.0
MK86,M86 KR 7 CLL 116 || K86 Portal ElDorado,73239,13:21:00,6.0
MK86,M86 KR 7 CLL 116 || K86 Portal ElDorado,73239,13:27:00,6.0
MK86,M86 KR 7 CLL 116 || K86 Portal ElDorado,73239,13:33:00,6.0
MK86,M86 KR 7 CLL 116 || K86 Portal ElDorado,73239,13:38:00,5.0
MK86,M86 KR 7 CLL 116 || K86 Portal ElDorado,73239,13:43:00,5.0
MK86,M86 KR 7 CLL 116 || K86 Portal ElDorado,73239,13:48:00,5.0
MK86,M86 KR 7 CLL 116 || K86 Portal ElDorado,73239,13:53:00,5.0
MK86,M86 KR 7 CLL 116 || K86 Portal ElDorado,73239,13:58:00,5.0
MK86,M86 KR 7 CLL 116 || K86 Portal ElDorado,73239,14:03:00,5.0
MK86,M86 KR 7 CLL 116 || K86 Portal ElDorado,73239,14:08:00,5.0
MK86,M86 KR 7 CLL 116 || K86 Portal ElDorado,73239,14:13:00,5.0
MK86,M86 KR 7 CLL 116 || K86 Portal ElDorado,73239,14:18:00,5.0
MK86,M86 KR 7 CLL 116 || K86 Portal ElDorado,73239,14:23:00,5.0
MK86,M86 KR 7 CLL 116 || K86 Portal ElDorado,73239,14:28:00,5.0
MK86,M86 KR 7 CLL 116 || K86 Portal ElDorado,73239,14:33:00,5.0
MK86,M86 KR 7 CLL 116 || K86 Portal ElDorado,73239,14:39:00,6.0
MK86,M86 KR 7 CLL 116 || K86 Portal ElDorado,73239,14:45:00,6.0
MK86,M86 KR 7 CLL 116 || K86 Portal ElDorado,73239,14:51:00,6.0
MK86,M86 KR 7 CLL 116 || K86 Portal ElDorado,73239,14:57:00,6.0
MK86,M86 KR 7 CLL 116 || K86 Portal ElDorado,73239,15:03:00,6.0
MK86,M86 KR 7 CLL 116 || K86 Portal ElDorado,73239,15:09:00,6.0
MK86,M86 KR 7 CLL 116 || K86 Portal ElDorado,73239,15:15:00,6.0
MK86,M86 KR 7 CLL 116 || K86 Portal ElDorado,73239,15:21:00,6.0
MK86,M86 KR 7 CLL 116 || K86 Portal ElDorado,73239,15:27:00,6.0
MK86,M86 KR 7 CLL 116 || K86 Portal ElDorado,73239,15:33:00,6.0
MK86,M86 KR 7 CLL 116 || K86 Portal ElDorado,73239,15:36:45,3.8
MK86,M86 KR 7 CLL 116 || K86 Portal ElDorado,73239,15:40:30,3.8
MK86,M86 KR 7 CLL 116 || K86 Portal ElDorado,73239,15:44:15,3.8
MK86,M86 KR 7 CLL 116 || K86 Portal ElDorado,73239,15:48:00,3.8
MK86,M86 KR 7 CLL 116 || K86 Portal ElDorado,73239,15:51:45,3.8
MK86,M86 KR 7 CLL 116 || K86 Portal ElDorado,73239,15:55:30,3.8
MK86,M86 KR 7 CLL 116 || K86 Portal ElDorado,73239,15:59:15,3.8
MK86,M86 KR 7 CLL 116 || K86 Portal ElDorado,73239,16:03:00,3.8
MK86,M86 KR 7 CLL 116 || K86 Portal ElDorado,73239,16:06:45,3.8
MK86,M86 KR 7 CLL 116 || K86 Portal ElDorado,73239,16:10:30,3.8
MK86,M86 KR 7 CLL 116 || K86 Portal ElDorado,73239,16:14:15,3.8
MK86,M86 KR 7 CLL 116 || K86 Portal ElDorado,73239,16:18:00,3.8
MK86,M86 KR 7 CLL 116 || K86 Portal ElDorado,73239,16:21:45,3.8
MK86,M86 KR 7 CLL 116 || K86 Portal ElDorado,73239,16:25:30,3.8
MK86,M86 KR 7 CLL 116 || K86 Portal ElDorado,73239,16:29:15,3.8
MK86,M86 KR 7 CLL 116 || K86 Portal ElDorado,73239,16:33:00,3.8
MK86,M86 KR 7 CLL 116 || K86 Portal ElDorado,73239,16:37:15,4.2
MK86,M86 KR 7 CLL 116 || K86 Portal ElDorado,73239,16:41:30,4.2
MK86,M86 KR 7 CLL 116 || K86 Portal ElDorado,73239,16:45:45,4.2
MK86,M86 KR 7 CLL 116 || K86 Portal ElDorado,73239,16:50:00,4.2
MK86,M86 KR 7 CLL 116 || K86 Portal ElDorado,73239,16:54:15,4.2
MK86,M86 KR 7 CLL 116 || K86 Portal ElDorado,73239,16:58:30,4.2
MK86,M86 KR 7 CLL 116 || K86 Portal ElDorado,73239,17:02:45,4.2
MK86,M86 KR 7 CLL 116 || K86 Portal ElDorado,73239,17:07:00,4.2
MK86,M86 KR 7 CLL 116 || K86 Portal ElDorado,73239,17:11:15,4.2
MK86,M86 KR 7 CLL 116 || K86 Portal ElDorado,73239,17:15:30,4.2
MK86,M86 KR 7 CLL 116 || K86 Portal ElDorado,73239,17:19:45,4.2
MK86,M86 KR 7 CLL 116 || K86 Portal ElDorado,73239,17:24:00,4.2
MK86,M86 KR 7 CLL 116 || K86 Portal ElDorado,73239,17:28:15,4.2
MK86,M86 KR 7 CLL 116 || K86 Portal ElDorado,73239,17:32:30,4.2
MK86,M86 KR 7 CLL 116 || K86 Portal ElDorado,73239,17:36:45,4.2
MK86,M86 KR 7 CLL 116 || K86 Portal ElDorado,73239,17:41:00,4.2
MK86,M86 KR 7 CLL 116 || K86 Portal ElDorado,73239,17:45:15,4.2
MK86,M86 KR 7 CLL 116 || K86 Portal ElDorado,73239,17:49:30,4.2
MK86,M86 KR 7 CLL 116 || K86 Portal ElDorado,73239,17:53:45,4.2
MK86,M86 KR 7 CLL 116 || K86 Portal ElDorado,73239,17:58:00,4.2
MK86,M86 KR 7 CLL 116 || K86 Portal ElDorado,73239,18:02:15,4.2
MK86,M86 KR 7 CLL 116 || K86 Portal ElDorado,73239,18:06:30,4.2
MK86,M86 KR 7 CLL 116 || K86 Portal ElDorado,73239,18:10:45,4.2
MK86,M86 KR 7 CLL 116 || K86 Portal ElDorado,73239,18:15:00,4.2
MK86,M86 KR 7 CLL 116 || K86 Portal ElDorado,73239,18:19:15,4.2
MK86,M86 KR 7 CLL 116 || K86 Portal ElDorado,73239,18:23:30,4.2
MK86,M86 KR 7 CLL 116 || K86 Portal ElDorado,73239,18:27:45,4.2
MK86,M86 KR 7 CLL 116 || K86 Portal ElDorado,73239,18:32:00,4.2
MK86,M86 KR 7 CLL 116 || K86 Portal ElDorado,73239,18:36:15,4.2
MK86,M86 KR 7 CLL 116 || K86 Portal ElDorado,73239,18:40:30,4.2
MK86,M86 KR 7 CLL 116 || K86 Portal ElDorado,73239,18:44:45,4.2
MK86,M86 KR 7 CLL 116 || K86 Portal ElDorado,73239,18:49:00,4.2
MK86,M86 KR 7 CLL 116 || K86 Portal ElDorado,73239,18:53:15,4.2
MK86,M86 KR 7 CLL 116 || K86 Portal ElDorado,73239,18:57:30,4.2
MK86,M86 KR 7 CLL 116 || K86 Portal ElDorado,73239,19:01:45,4.2
MK86,M86 KR 7 CLL 116 || K86 Portal ElDorado,73239,19:06:15,4.5
MK86,M86 KR 7 CLL 116 || K86 Portal ElDorado,73239,19:10:45,4.5
MK86,M86 KR 7 CLL 116 || K86 Portal ElDorado,73239,19:15:15,4.5
MK86,M86 KR 7 CLL 116 || K86 Portal ElDorado,73239,19:19:45,4.5
MK86,M86 KR 7 CLL 116 || K86 Portal ElDorado,73239,19:24:15,4.5
MK86,M86 KR 7 CLL 116 || K86 Portal ElDorado,73239,19:28:45,4.5
MK86,M86 KR 7 CLL 116 || K86 Portal ElDorado,73239,19:33:15,4.5
MK86,M86 KR 7 CLL 116 || K86 Portal ElDorado,73239,19:37:45,4.5
MK86,M86 KR 7 CLL 116 || K86 Portal ElDorado,73239,19:43:00,5.2
MK86,M86 KR 7 CLL 116 || K86 Portal ElDorado,73239,19:48:15,5.2
MK86,M86 KR 7 CLL 116 || K86 Portal ElDorado,73239,19:53:30,5.2
MK86,M86 KR 7 CLL 116 || K86 Portal ElDorado,73239,19:58:45,5.2
MK86,M86 KR 7 CLL 116 || K86 Portal ElDorado,73239,20:04:00,5.2
MK86,M86 KR 7 CLL 116 || K86 Portal ElDorado,73239,20:13:15,9.2
MK86,M86 KR 7 CLL 116 || K86 Portal ElDorado,73239,20:21:30,8.2
MK86,M86 KR 7 CLL 116 || K86 Portal ElDorado,73239,20:28:15,6.8
MK86,M86 KR 7 CLL 116 || K86 Portal ElDorado,73239,20:35:00,6.8
MK86,M86 KR 7 CLL 116 || K86  Portal ElDorado,73239,20:43:00,0.0
MK86,M86 KR 7 CLL 116 || K86  Portal ElDorado,73239,20:51:00,8.0
MK86,M86 KR 7 CLL 116 || K86  Portal ElDorado,73239,20:59:00,8.0
MK86,M86 KR 7 CLL 116 || K86  Portal ElDorado,73239,21:07:00,8.0
MK86,M86 KR 7 CLL 116 || K86  Portal ElDorado,73239,21:16:15,9.2
MK86,M86 KR 7 CLL 116 || K86  Portal ElDorado,73239,21:25:30,9.2
MK86,M86 KR 7 CLL 116 || K86  Portal ElDorado,73239,21:34:45,9.2
MK86,M86 KR 7 CLL 116 || K86  Portal ElDorado,73239,21:44:00,9.2
MK86,M86 KR 7 CLL 116 || K86  Portal ElDorado,73239,21:53:15,9.2
MK86,M86 KR 7 CLL 116 || K86  Portal ElDorado,73239,22:00:00,6.8
6,Universidades,73227,04:30:00,0.0
6,Universidades,73227,04:36:00,6.0
6,Universidades,73227,04:42:00,6.0
6,Universidades,73227,04:48:00,6.0
6,Universidades,73227,04:54:00,6.0
6,Universidades,73227,05:00:00,6.0
6,Universidades,73227,05:06:00,6.0
6,Universidades,73227,05:12:00,6.0
6,Universidades,73227,05:18:00,6.0
6,Universidades,73227,05:24:00,6.0
6,Universidades,73227,05:30:00,6.0
6,Universidades,73227,05:35:45,5.8
6,Universidades,73227,05:41:30,5.8
6,Universidades,73227,05:47:15,5.8
6,Universidades,73227,05:52:45,5.5
6,Universidades,73227,05:58:15,5.5
6,Universidades,73227,06:03:45,5.5
6,Universidades,73227,06:08:45,5.0
6,Universidades,73227,06:13:45,5.0
6,Universidades,73227,06:18:45,5.0
6,Universidades,73227,06:23:15,4.5
6,Universidades,73227,06:27:45,4.5
6,Universidades,73227,06:32:15,4.5
6,Universidades,73227,06:36:45,4.5
6,Universidades,73227,06:41:15,4.5
6,Universidades,73227,06:45:45,4.5
6,Universidades,73227,06:50:15,4.5
6,Universidades,73227,06:54:45,4.5
6,Universidades,73227,06:59:15,4.5
6,Universidades,73227,07:03:45,4.5
6,Universidades,73227,07:08:15,4.5
6,Universidades,73227,07:12:45,4.5
6,Universidades,73227,07:17:15,4.5
6,Universidades,73227,07:21:45,4.5
6,Universidades,73227,07:26:15,4.5
6,Universidades,73227,07:30:45,4.5
6,Universidades,73227,07:35:15,4.5
6,Universidades,73227,07:39:45,4.5
6,Universidades,73227,07:44:15,4.5
6,Universidades,73227,07:48:45,4.5
6,Universidades,73227,07:53:15,4.5
6,Universidades,73227,07:57:45,4.5
6,Universidades,73227,08:02:15,4.5
6,Universidades,73227,08:07:15,5.0
6,Universidades,73227,08:12:15,5.0
6,Universidades,73227,08:17:15,5.0
6,Universidades,73227,08:23:00,5.8
6,Universidades,73227,08:28:45,5.8
6,Universidades,73227,08:34:30,5.8
6,Universidades,73227,08:40:30,6.0
6,Universidades,73227,08:46:30,6.0
6,Universidades,73227,08:52:30,6.0
6,Universidades,73227,08:58:30,6.0
6,Universidades,73227,09:04:30,6.0
6,Universidades,73227,09:10:30,6.0
6,Universidades,73227,09:16:30,6.0
6,Universidades,73227,09:22:30,6.0
6,Universidades,73227,09:28:30,6.0
6,Universidades,73227,09:34:30,6.0
6,Universidades,73227,09:40:30,6.0
6,Universidades,73227,09:46:30,6.0
6,Universidades,73227,09:52:30,6.0
6,Universidades,73227,09:58:30,6.0
6,Universidades,73227,10:04:30,6.0
6,Universidades,73227,10:10:30,6.0
6,Universidades,73227,10:16:30,6.0
6,Universidades,73227,10:22:30,6.0
6,Universidades,73227,10:28:30,6.0
6,Universidades,73227,10:34:30,6.0
6,Universidades,73227,10:40:30,6.0
6,Universidades,73227,10:46:30,6.0
6,Universidades,73227,10:52:30,6.0
6,Universidades,73227,10:58:30,6.0
6,Universidades,73227,11:04:30,6.0
6,Universidades,73227,11:10:30,6.0
6,Universidades,73227,11:16:30,6.0
6,Universidades,73227,11:22:30,6.0
6,Universidades,73227,11:28:30,6.0
6,Universidades,73227,11:34:30,6.0
6,Universidades,73227,11:40:30,6.0
6,Universidades,73227,11:46:30,6.0
6,Universidades,73227,11:52:30,6.0
6,Universidades,73227,11:58:30,6.0
6,Universidades,73227,12:04:30,6.0
6,Universidades,73227,12:10:30,6.0
6,Universidades,73227,12:16:30,6.0
6,Universidades,73227,12:22:30,6.0
6,Universidades,73227,12:28:30,6.0
6,Universidades,73227,12:34:30,6.0
6,Universidades,73227,12:40:30,6.0
6,Universidades,73227,12:46:30,6.0
6,Universidades,73227,12:52:30,6.0
6,Universidades,73227,12:58:30,6.0
6,Universidades,73227,13:04:30,6.0
6,Universidades,73227,13:10:30,6.0
6,Universidades,73227,13:16:30,6.0
6,Universidades,73227,13:22:30,6.0
6,Universidades,73227,13:28:30,6.0
6,Universidades,73227,13:34:30,6.0
6,Universidades,73227,13:40:30,6.0
6,Universidades,73227,13:46:30,6.0
6,Universidades,73227,13:52:30,6.0
6,Universidades,73227,13:58:30,6.0
6,Universidades,73227,14:04:30,6.0
6,Universidades,73227,14:10:30,6.0
6,Universidades,73227,14:16:30,6.0
6,Universidades,73227,14:22:30,6.0
6,Universidades,73227,14:28:30,6.0
6,Universidades,73227,14:34:30,6.0
6,Universidades,73227,14:40:30,6.0
6,Universidades,73227,14:46:30,6.0
6,Universidades,73227,14:52:30,6.0
6,Universidades,73227,14:58:30,6.0
6,Universidades,73227,15:04:30,6.0
6,Universidades,73227,15:10:30,6.0
6,Universidades,73227,15:16:30,6.0
6,Universidades,73227,15:22:30,6.0
6,Universidades,73227,15:28:30,6.0
6,Universidades,73227,15:34:30,6.0
6,Universidades,73227,15:40:30,6.0
6,Universidades,73227,15:46:30,6.0
6,Universidades,73227,15:52:30,6.0
6,Universidades,73227,15:58:30,6.0
6,Universidades,73227,16:04:30,6.0
6,Universidades,73227,16:10:30,6.0
6,Universidades,73227,16:16:30,6.0
6,Universidades,73227,16:22:30,6.0
6,Universidades,73227,16:28:30,6.0
6,Universidades,73227,16:34:30,6.0
6,Universidades,73227,16:40:30,6.0
6,Universidades,73227,16:46:30,6.0
6,Universidades,73227,16:52:30,6.0
6,Universidades,73227,16:58:30,6.0
6,Universidades,73227,17:04:30,6.0
6,Universidades,73227,17:10:30,6.0
6,Universidades,73227,17:16:30,6.0
6,Universidades,73227,17:22:30,6.0
6,Universidades,73227,17:28:30,6.0
6,Universidades,73227,17:34:30,6.0
6,Universidades,73227,17:40:30,6.0
6,Universidades,73227,17:46:30,6.0
6,Universidades,73227,17:52:30,6.0
6,Universidades,73227,17:58:30,6.0
6,Universidades,73227,18:04:30,6.0
6,Universidades,73227,18:10:30,6.0
6,Universidades,73227,18:16:30,6.0
6,Universidades,73227,18:22:30,6.0
6,Universidades,73227,18:28:30,6.0
6,Universidades,73227,18:34:30,6.0
6,Universidades,73227,18:40:30,6.0
6,Universidades,73227,18:46:30,6.0
6,Universidades,73227,18:52:30,6.0
6,Universidades,73227,18:58:30,6.0
6,Universidades,73227,19:04:30,6.0
6,Universidades,73227,19:10:30,6.0
6,Universidades,73227,19:16:30,6.0
6,Universidades,73227,19:22:30,6.0
6,Universidades,73227,19:28:30,6.0
6,Universidades,73227,19:34:30,6.0
6,Universidades,73227,19:40:30,6.0
6,Universidades,73227,19:46:30,6.0
6,Universidades,73227,19:52:30,6.0
6,Universidades,73227,19:58:30,6.0
6,Universidades,73227,20:04:30,6.0
6,Universidades,73227,20:10:30,6.0
6,Universidades,73227,20:16:30,6.0
6,Universidades,73227,20:22:45,6.2
6,Universidades,73227,20:29:00,6.2
6,Universidades,73227,20:35:15,6.2
6,Universidades,73227,20:41:30,6.2
6,Universidades,73227,20:47:45,6.2
6,Universidades,73227,20:54:00,6.2
6,Universidades,73227,21:00:15,6.2
6,Universidades,73227,21:06:30,6.2
6,Universidades,73227,21:12:45,6.2
6,Universidades,73227,21:19:00,6.2
6,Universidades,73227,21:25:15,6.2
6,Universidades,73227,21:31:30,6.2
6,Universidades,73227,21:37:45,6.2
6,Universidades,73227,21:44:00,6.2
6,Universidades,73227,21:50:15,6.2
6,Universidades,73227,21:56:30,6.2
6,Universidades,73227,22:02:45,6.2
6,Universidades,73227,22:09:00,6.2
6,Universidades,73227,22:15:15,6.2
6,Universidades,73227,22:20:30,5.2
6,Universidades,73227,22:27:45,7.2
6,Universidades,73227,22:35:00,7.2
6,Universidades,73227,22:41:15,6.2
6,Universidades,73227,22:46:30,5.2
6,Universidades,73227,22:52:30,6.0
6,Universidades,73227,22:58:15,5.8
6,Universidades,73227,23:03:30,5.2
6,Universidades,73227,23:09:00,5.5
6,Universidades,73227,23:15:00,6.0
D24,P. 80,61921,06:00:00,0.0
D24,P. 80,61921,06:08:00,8.0
D24,P. 80,61921,06:16:00,8.0
D24,P. 80,61921,06:24:00,8.0
D24,P. 80,61921,06:32:00,8.0
D24,P. 80,61921,06:40:00,8.0
D24,P. 80,61921,06:48:00,8.0
D24,P. 80,61921,06:56:00,8.0
D24,P. 80,61921,07:04:00,8.0
D24,P. 80,61921,07:12:00,8.0
D24,P. 80,61921,07:20:00,8.0
D24,P. 80,61921,07:28:00,8.0
D24,P. 80,61921,07:36:00,8.0
D24,P. 80,61921,07:44:00,8.0
D24,P. 80,61921,07:52:00,8.0
D24,P. 80,61921,08:00:00,8.0
D24,P. 80,61921,08:08:00,8.0
D24,P. 80,61921,08:16:00,8.0
D24,P. 80,61921,08:24:00,8.0
D24,P. 80,61921,08:32:00,8.0
D24,P. 80,61921,08:40:00,8.0
D24,P. 80,61921,08:48:00,8.0
D24,P. 80,61921,08:56:00,8.0
D24,P. 80,61921,09:04:00,8.0
D24,P. 80,61921,09:12:00,8.0
D24,P. 80,61921,09:20:00,8.0
D24,P. 80,61921,09:28:00,8.0
D24,P. 80,61921,09:36:00,8.0
D24,P. 80,61921,09:42:30,6.5
D24,P. 80,61921,09:49:00,6.5
D24,P. 80,61921,09:55:30,6.5
D24,P. 80,61921,10:02:00,6.5
D24,P. 80,61921,10:08:30,6.5
D24,P. 80,61921,10:15:00,6.5
D24,P. 80,61921,10:21:30,6.5
D24,P. 80,61921,10:28:00,6.5
D24,P. 80,61921,10:34:30,6.5
D24,P. 80,61921,10:41:00,6.5
D24,P. 80,61921,10:47:30,6.5
D24,P. 80,61921,10:54:00,6.5
D24,P. 80,61921,11:00:30,6.5
D24,P. 80,61921,11:07:00,6.5
D24,P. 80,61921,11:13:30,6.5
D24,P. 80,61921,11:20:00,6.5
D24,P. 80,61921,11:26:30,6.5
D24,P. 80,61921,11:33:00,6.5
D24,P. 80,61921,11:39:30,6.5
D24,P. 80,61921,11:46:00,6.5
D24,P. 80,61921,11:52:30,6.5
D24,P. 80,61921,11:59:00,6.5
D24,P. 80,61921,12:05:30,6.5
D24,P. 80,61921,12:12:00,6.5
D24,P. 80,61921,12:18:30,6.5
D24,P. 80,61921,12:25:00,6.5
D24,P. 80,61921,12:31:30,6.5
D24,P. 80,61921,12:38:00,6.5
D24,P. 80,61921,12:44:30,6.5
D24,P. 80,61921,12:51:00,6.5
D24,P. 80,61921,12:57:30,6.5
D24,P. 80,61921,13:04:00,6.5
D24,P. 80,61921,13:10:30,6.5
D24,P. 80,61921,13:17:00,6.5
D24,P. 80,61921,13:23:30,6.5
D24,P. 80,61921,13:30:00,6.5
D24,P. 80,61921,13:36:30,6.5
D24,P. 80,61921,13:43:00,6.5
D24,P. 80,61921,13:49:30,6.5
D24,P. 80,61921,13:56:00,6.5
D24,P. 80,61921,14:02:30,6.5
D24,P. 80,61921,14:09:00,6.5
D24,P. 80,61921,14:15:30,6.5
D24,P. 80,61921,14:22:00,6.5
D24,P. 80,61921,14:28:30,6.5
D24,P. 80,61921,14:35:00,6.5
D24,P. 80,61921,14:41:30,6.5
D24,P. 80,61921,14:48:00,6.5
D24,P. 80,61921,14:54:30,6.5
D24,P. 80,61921,15:01:00,6.5
D24,P. 80,61921,15:07:30,6.5
D24,P. 80,61921,15:14:00,6.5
D24,P. 80,61921,15:20:30,6.5
D24,P. 80,61921,15:27:00,6.5
D24,P. 80,61921,15:33:30,6.5
D24,P. 80,61921,15:39:15,5.8
D24,P. 80,61921,15:45:00,5.8
D24,P. 80,61921,15:50:15,5.2
D24,P. 80,61921,15:55:30,5.2
D24,P. 80,61921,16:00:45,5.2
D24,P. 80,61921,16:05:30,4.8
D24,P. 80,61921,16:10:15,4.8
D24,P. 80,61921,16:15:00,4.8
D24,P. 80,61921,16:19:15,4.2
D24,P. 80,61921,16:23:30,4.2
D24,P. 80,61921,16:27:45,4.2
D24,P. 80,61921,16:32:00,4.2
D24,P. 80,61921,16:36:00,4.0
D24,P. 80,61921,16:40:00,4.0
D24,P. 80,61921,16:44:00,4.0
D24,P. 80,61921,16:48:00,4.0
D24,P. 80,61921,16:51:30,3.5
D24,P. 80,61921,16:55:00,3.5
D24,P. 80,61921,16:58:30,3.5
D24,P. 80,61921,17:02:00,3.5
D24,P. 80,61921,17:05:30,3.5
D24,P. 80,61921,17:09:00,3.5
D24,P. 80,61921,17:12:30,3.5
D24,P. 80,61921,17:16:00,3.5
D24,P. 80,61921,17:19:30,3.5
D24,P. 80,61921,17:23:00,3.5
D24,P. 80,61921,17:26:30,3.5
D24,P. 80,61921,17:30:00,3.5
D24,P. 80,61921,17:33:30,3.5
D24,P. 80,61921,17:37:00,3.5
D24,P. 80,61921,17:40:30,3.5
D24,P. 80,61921,17:44:00,3.5
D24,P. 80,61921,17:47:30,3.5
D24,P. 80,61921,17:51:00,3.5
D24,P. 80,61921,17:54:30,3.5
D24,P. 80,61921,17:58:00,3.5
D24,P. 80,61921,18:01:30,3.5
D24,P. 80,61921,18:05:00,3.5
D24,P. 80,61921,18:08:30,3.5
D24,P. 80,61921,18:12:00,3.5
D24,P. 80,61921,18:15:30,3.5
D24,P. 80,61921,18:19:00,3.5
D24,P. 80,61921,18:22:30,3.5
D24,P. 80,61921,18:26:00,3.5
D24,P. 80,61921,18:29:30,3.5
D24,P. 80,61921,18:33:00,3.5
D24,P. 80,61921,18:37:00,4.0
D24,P. 80,61921,18:41:00,4.0
D24,P. 80,61921,18:45:00,4.0
D24,P. 80,61921,18:49:45,4.8
D24,P. 80,61921,18:54:30,4.8
D24,P. 80,61921,18:59:15,4.8
D24,P. 80,61921,19:04:00,4.8
D24,P. 80,61921,19:09:15,5.2
D24,P. 80,61921,19:14:30,5.2
D24,P. 80,61921,19:19:45,5.2
D24,P. 80,61921,19:25:15,5.5
D24,P. 80,61921,19:30:45,5.5
D24,P. 80,61921,19:36:45,6.0
D24,P. 80,61921,19:42:45,6.0
D24,P. 80,61921,19:48:45,6.0
D24,P. 80,61921,19:54:45,6.0
D24,P. 80,61921,20:00:45,6.0
D24,P. 80,61921,20:06:45,6.0
D24,P. 80,61921,20:12:45,6.0
D24,P. 80,61921,20:18:45,6.0
D24,P. 80,61921,20:24:45,6.0
D24,P. 80,61921,20:30:45,6.0
D24,P. 80,61921,20:36:45,6.0
D24,P. 80,61921,20:42:45,6.0
D24,P. 80,61921,20:48:45,6.0
D24,P. 80,61921,20:54:45,6.0
D24,P. 80,61921,21:00:45,6.0
D24,P. 80,61921,21:06:45,6.0
D24,P. 80,61921,21:12:45,6.0
D24,P. 80,61921,21:18:45,6.0
D24,P. 80,61921,21:24:45,6.0
D24,P. 80,61921,21:30:45,6.0
D24,P. 80,61921,21:36:45,6.0
D24,P. 80,61921,21:42:45,6.0
D24,P. 80,61921,21:48:45,6.0
D24,P. 80,61921,21:54:45,6.0
D24,P. 80,61921,22:00:45,6.0
D24,P. 80,61921,22:06:30,5.8
D24,P. 80,61921,22:12:15,5.8
D24,P. 80,61921,22:18:15,6.0
D24,P. 80,61921,22:24:15,6.0
D24,P. 80,61921,22:31:15,7.0
D24,P. 80,61921,22:36:15,5.0
D24,P. 80,61921,22:43:00,6.8
D24,P. 80,61921,22:47:45,4.8
D24,P. 80,61921,22:53:00,5.2
D24,P. 80,61921,23:00:00,7.0
D81,AV CL80 KR114,61926,05:00:00,0.0
D81,AV CL80 KR114,61926,05:03:00,3.0
D81,AV CL80 KR114,61926,05:13:30,10.5
D81,AV CL80 KR114,61926,05:24:00,10.5
D81,AV CL80 KR114,61926,05:34:30,10.5
D81,AV CL80 KR114,61926,05:45:00,10.5
D81,AV CL80 KR114,61926,05:55:45,10.8
D81,AV CL80 KR114,61926,06:06:15,10.5
D81,AV CL80 KR114,61926,06:16:30,10.2
D81,AV CL80 KR114,61926,06:26:45,10.2
D81,AV CL80 KR114,61926,06:37:00,10.2
D81,AV CL80 KR114,61926,06:47:15,10.2
D81,AV CL80 KR114,61926,06:57:30,10.2
D81,AV CL80 KR114,61926,07:07:45,10.2
D81,AV CL80 KR114,61926,07:18:00,10.2
D81,AV CL80 KR114,61926,07:28:15,10.2
D81,AV CL80 KR114,61973,04:00:00,0.0
D81,AV CL80 KR114,61973,04:03:00,3.0
D81,AV CL80 KR114,61973,04:06:00,3.0
D81,AV CL80 KR114,61973,04:09:00,3.0
D81,AV CL80 KR114,61973,04:12:00,3.0
D81,AV CL80 KR114,61973,04:15:00,3.0
D81,AV CL80 KR114,61973,04:18:00,3.0
D81,AV CL80 KR114,61973,04:21:00,3.0
D81,AV CL80 KR114,61973,04:24:00,3.0
D81,AV CL80 KR114,61973,04:27:00,3.0
D81,AV CL80 KR114,61973,04:30:00,3.0
D81,AV CL80 KR114,61973,04:33:00,3.0
D81,AV CL80 KR114,61973,04:36:00,3.0
D81,AV CL80 KR114,61973,04:39:00,3.0
D81,AV CL80 KR114,61973,04:42:00,3.0
D81,AV CL80 KR114,61973,04:45:00,3.0
D81,AV CL80 KR114,61973,04:48:00,3.0
D81,AV CL80 KR114,61973,04:51:00,3.0
D81,AV CL80 KR114,61973,04:54:00,3.0
D81,AV CL80 KR114,61973,04:57:00,3.0
D81,AV CL80 KR114,61973,05:00:00,3.0
D81,AV CL80 KR114,61973,05:03:15,3.2
D81,AV CL80 KR114,61973,05:06:30,3.2
D81,AV CL80 KR114,61973,05:09:45,3.2
D81,AV CL80 KR114,61973,05:13:00,3.2
D81,AV CL80 KR114,61973,05:16:15,3.2
D81,AV CL80 KR114,61973,05:19:30,3.2
D81,AV CL80 KR114,61973,05:22:45,3.2
D81,AV CL80 KR114,61973,05:26:00,3.2
D81,AV CL80 KR114,61973,05:29:15,3.2
D81,AV CL80 KR114,61973,05:32:30,3.2
D81,AV CL80 KR114,61973,05:35:45,3.2
D81,AV CL80 KR114,61973,05:39:00,3.2
D81,AV CL80 KR114,61973,05:42:15,3.2
D81,AV CL80 KR114,61973,05:45:30,3.2
D81,AV CL80 KR114,61973,05:48:45,3.2
D81,AV CL80 KR114,61973,05:52:00,3.2
D81,AV CL80 KR114,61973,05:55:15,3.2
D81,AV CL80 KR114,61973,05:58:30,3.2
D81,AV CL80 KR114,61973,06:01:45,3.2
D81,AV CL80 KR114,61973,06:05:00,3.2
D81,AV CL80 KR114,61973,06:08:15,3.2
D81,AV CL80 KR114,61973,06:11:30,3.2
D81,AV CL80 KR114,61973,06:14:45,3.2
D81,AV CL80 KR114,61973,06:18:00,3.2
D81,AV CL80 KR114,61973,06:21:15,3.2
D81,AV CL80 KR114,61973,06:24:30,3.2
D81,AV CL80 KR114,61973,06:27:45,3.2
D81,AV CL80 KR114,61973,06:31:00,3.2
D81,AV CL80 KR114,61973,06:34:45,3.8
D81,AV CL80 KR114,61973,06:38:30,3.8
D81,AV CL80 KR114,61973,06:42:15,3.8
D81,AV CL80 KR114,61973,06:46:00,3.8
D81,AV CL80 KR114,61973,06:49:45,3.8
D81,AV CL80 KR114,61973,06:53:30,3.8
D81,AV CL80 KR114,61973,06:57:15,3.8
D81,AV CL80 KR114,61973,07:01:00,3.8
D81,AV CL80 KR114,61973,07:04:45,3.8
D81,AV CL80 KR114,61973,07:08:30,3.8
D81,AV CL80 KR114,61973,07:12:15,3.8
D81,AV CL80 KR114,61973,07:16:00,3.8
D81,AV CL80 KR114,61973,07:19:45,3.8
D81,AV CL80 KR114,61973,07:23:30,3.8
D81,AV CL80 KR114,61973,07:27:15,3.8
D81,AV CL80 KR114,61973,07:31:00,3.8
D81,AV CL80 KR114,61973,07:34:45,3.8
D81,AV CL80 KR114,61973,07:38:30,3.8
D81,AV CL80 KR114,61973,07:42:15,3.8
D81,AV CL80 KR114,61973,07:46:00,3.8
D81,AV CL80 KR114,61973,07:49:45,3.8
D81,AV CL80 KR114,61973,07:53:30,3.8
D81,AV CL80 KR114,61973,07:57:15,3.8
D81,AV CL80 KR114,61973,08:01:00,3.8
D81,AV CL80 KR114,61973,08:05:15,4.2
D81,AV CL80 KR114,61973,08:09:30,4.2
D81,AV CL80 KR114,61973,08:13:45,4.2
D81,AV CL80 KR114,61973,08:18:00,4.2
D81,AV CL80 KR114,61973,08:22:15,4.2
D81,AV CL80 KR114,61973,08:26:30,4.2
D81,AV CL80 KR114,61973,08:30:45,4.2
D81,AV CL80 KR114,61973,08:35:00,4.2
D81,AV CL80 KR114,61973,08:39:15,4.2
D81,AV CL80 KR114,61973,08:43:30,4.2
D81,AV CL80 KR114,61973,08:47:45,4.2
D81,AV CL80 KR114,61973,08:52:00,4.2
D81,AV CL80 KR114,61973,08:56:15,4.2
D81,AV CL80 KR114,61973,09:00:30,4.2
D81,AV CL80 KR114,61973,09:05:00,4.5
D81,AV CL80 KR114,61973,09:09:30,4.5
D81,AV CL80 KR114,61973,09:14:00,4.5
D81,AV CL80 KR114,61973,09:18:30,4.5
D81,AV CL80 KR114,61973,09:23:00,4.5
D81,AV CL80 KR114,61973,09:27:30,4.5
D81,AV CL80 KR114,61973,09:32:00,4.5
D81,AV CL80 KR114,61973,09:36:30,4.5
D81,AV CL80 KR114,61973,09:41:00,4.5
D81,AV CL80 KR114,61973,09:45:30,4.5
D81,AV CL80 KR114,61973,09:50:00,4.5
D81,AV CL80 KR114,61973,09:54:30,4.5
D81,AV CL80 KR114,61973,09:59:00,4.5
D81,AV CL80 KR114,61973,10:03:30,4.5
D81,AV CL80 KR114,61973,10:08:00,4.5
D81,AV CL80 KR114,61973,10:12:30,4.5
D81,AV CL80 KR114,61973,10:17:00,4.5
D81,AV CL80 KR114,61973,10:21:30,4.5
D81,AV CL80 KR114,61973,10:26:00,4.5
D81,AV CL80 KR114,61973,10:30:30,4.5
D81,AV CL80 KR114,61973,10:35:00,4.5
D81,AV CL80 KR114,61973,10:39:30,4.5
D81,AV CL80 KR114,61973,10:44:00,4.5
D81,AV CL80 KR114,61973,10:48:30,4.5
D81,AV CL80 KR114,61973,10:53:00,4.5
D81,AV CL80 KR114,61973,10:57:30,4.5
D81,AV CL80 KR114,61973,11:02:00,4.5
D81,AV CL80 KR114,61973,11:06:30,4.5
D81,AV CL80 KR114,61973,11:11:00,4.5
D81,AV CL80 KR114,61973,11:15:30,4.5
D81,AV CL80 KR114,61973,11:20:00,4.5
D81,AV CL80 KR114,61973,11:24:30,4.5
D81,AV CL80 KR114,61973,11:29:00,4.5
D81,AV CL80 KR114,61973,11:33:30,4.5
D81,AV CL80 KR114,61973,11:38:00,4.5
D81,AV CL80 KR114,61973,11:42:30,4.5
D81,AV CL80 KR114,61973,11:47:00,4.5
D81,AV CL80 KR114,61973,11:51:30,4.5
D81,AV CL80 KR114,61973,11:56:00,4.5
D81,AV CL80 KR114,61973,12:00:30,4.5
D81,AV CL80 KR114,61973,12:05:00,4.5
D81,AV CL80 KR114,61973,12:09:30,4.5
D81,AV CL80 KR114,61973,12:14:00,4.5
D81,AV CL80 KR114,61973,12:18:30,4.5
D81,AV CL80 KR114,61973,12:23:00,4.5
D81,AV CL80 KR114,61973,12:27:30,4.5
D81,AV CL80 KR114,61973,12:32:00,4.5
D81,AV CL80 KR114,61973,12:36:30,4.5
D81,AV CL80 KR114,61973,12:41:00,4.5
D81,AV CL80 KR114,61973,12:45:30,4.5
D81,AV CL80 KR114,61973,12:50:00,4.5
D81,AV CL80 KR114,61973,12:54:30,4.5
D81,AV CL80 KR114,61973,12:59:00,4.5
D81,AV CL80 KR114,61973,13:03:30,4.5
D81,AV CL80 KR114,61973,13:08:00,4.5
D81,AV CL80 KR114,61973,13:12:30,4.5
D81,AV CL80 KR114,61973,13:17:00,4.5
D81,AV CL80 KR114,61973,13:21:30,4.5
D81,AV CL80 KR114,61973,13:26:00,4.5
D81,AV CL80 KR114,61973,13:30:30,4.5
D81,AV CL80 KR114,61973,13:35:00,4.5
D81,AV CL80 KR114,61973,13:39:30,4.5
D81,AV CL80 KR114,61973,13:44:00,4.5
D81,AV CL80 KR114,61973,13:48:30,4.5
D81,AV CL80 KR114,61973,13:53:00,4.5
D81,AV CL80 KR114,61973,13:57:30,4.5
D81,AV CL80 KR114,61973,14:02:00,4.5
D81,AV CL80 KR114,61973,14:06:15,4.2
D81,AV CL80 KR114,61973,14:10:30,4.2
D81,AV CL80 KR114,61973,14:14:45,4.2
D81,AV CL80 KR114,61973,14:19:00,4.2
D81,AV CL80 KR114,61973,14:23:15,4.2
D81,AV CL80 KR114,61973,14:27:30,4.2
D81,AV CL80 KR114,61973,14:31:45,4.2
D81,AV CL80 KR114,61973,14:36:00,4.2
D81,AV CL80 KR114,61973,14:40:15,4.2
D81,AV CL80 KR114,61973,14:44:30,4.2
D81,AV CL80 KR114,61973,14:48:45,4.2
D81,AV CL80 KR114,61973,14:53:00,4.2
D81,AV CL80 KR114,61973,14:57:15,4.2
D81,AV CL80 KR114,61973,15:01:30,4.2
D81,AV CL80 KR114,61973,15:05:45,4.2
D81,AV CL80 KR114,61973,15:10:00,4.2
D81,AV CL80 KR114,61973,15:14:15,4.2
D81,AV CL80 KR114,61973,15:18:30,4.2
D81,AV CL80 KR114,61973,15:23:00,4.5
D81,AV CL80 KR114,61973,15:27:30,4.5
D81,AV CL80 KR114,61973,15:32:00,4.5
D81,AV CL80 KR114,61973,15:36:30,4.5
D81,AV CL80 KR114,61973,15:41:00,4.5
D81,AV CL80 KR114,61973,15:45:30,4.5
D81,AV CL80 KR114,61973,15:50:00,4.5
D81,AV CL80 KR114,61973,15:54:30,4.5
D81,AV CL80 KR114,61973,15:59:00,4.5
D81,AV CL80 KR114,61973,16:03:30,4.5
D81,AV CL80 KR114,61973,16:08:00,4.5
D81,AV CL80 KR114,61973,16:12:30,4.5
D81,AV CL80 KR114,61973,16:17:00,4.5
D81,AV CL80 KR114,61973,16:21:30,4.5
D81,AV CL80 KR114,61973,16:26:00,4.5
D81,AV CL80 KR114,61973,16:30:30,4.5
D81,AV CL80 KR114,61973,16:35:00,4.5
D81,AV CL80 KR114,61973,16:39:30,4.5
D81,AV CL80 KR114,61973,16:44:00,4.5
D81,AV CL80 KR114,61973,16:48:30,4.5
D81,AV CL80 KR114,61973,16:53:00,4.5
D81,AV CL80 KR114,61973,16:57:30,4.5
D81,AV CL80 KR114,61973,17:02:00,4.5
D81,AV CL80 KR114,61973,17:06:30,4.5
D81,AV CL80 KR114,61973,17:11:00,4.5
D81,AV CL80 KR114,61973,17:15:30,4.5
D81,AV CL80 KR114,61973,17:20:00,4.5
D81,AV CL80 KR114,61973,17:24:30,4.5
D81,AV CL80 KR114,61973,17:29:00,4.5
D81,AV CL80 KR114,61973,17:33:30,4.5
D81,AV CL80 KR114,61973,17:38:00,4.5
D81,AV CL80 KR114,61973,17:42:30,4.5
D81,AV CL80 KR114,61973,17:47:00,4.5
D81,AV CL80 KR114,61973,17:51:30,4.5
D81,AV CL80 KR114,61973,17:56:00,4.5
D81,AV CL80 KR114,61973,18:00:30,4.5
D81,AV CL80 KR114,61973,18:05:00,4.5
D81,AV CL80 KR114,61973,18:09:30,4.5
D81,AV CL80 KR114,61973,18:14:00,4.5
D81,AV CL80 KR114,61973,18:18:30,4.5
D81,AV CL80 KR114,61973,18:23:00,4.5
D81,AV CL80 KR114,61973,18:27:30,4.5
D81,AV CL80 KR114,61973,18:32:00,4.5
D81,AV CL80 KR114,61973,18:36:30,4.5
D81,AV CL80 KR114,61973,18:41:00,4.5
D81,AV CL80 KR114,61973,18:45:30,4.5
D81,AV CL80 KR114,61973,18:50:00,4.5
D81,AV CL80 KR114,61973,18:54:30,4.5
D81,AV CL80 KR114,61973,18:59:00,4.5
D81,AV CL80 KR114,61973,19:03:30,4.5
D81,AV CL80 KR114,61973,19:08:00,4.5
D81,AV CL80 KR114,61973,19:12:30,4.5
D81,AV CL80 KR114,61973,19:17:00,4.5
D81,AV CL80 KR114,61973,19:21:30,4.5
D81,AV CL80 KR114,61973,19:26:00,4.5
D81,AV CL80 KR114,61973,19:30:30,4.5
D81,AV CL80 KR114,61973,19:35:00,4.5
D81,AV CL80 KR114,61973,19:39:30,4.5
D81,AV CL80 KR114,61973,19:44:00,4.5
D81,AV CL80 KR114,61973,19:48:30,4.5
D81,AV CL80 KR114,61973,19:53:00,4.5
D81,AV CL80 KR114,61973,19:57:30,4.5
D81,AV CL80 KR114,61973,20:02:00,4.5
D81,AV CL80 KR114,61973,20:06:30,4.5
D81,AV CL80 KR114,61973,20:11:00,4.5
D81,AV CL80 KR114,61973,20:15:30,4.5
D81,AV CL80 KR114,61973,20:20:00,4.5
D81,AV CL80 KR114,61973,20:24:30,4.5
D81,AV CL80 KR114,61973,20:29:00,4.5
D81,AV CL80 KR114,61973,20:33:30,4.5
D81,AV CL80 KR114,61973,20:38:45,5.2
D81,AV CL80 KR114,61973,20:44:00,5.2
D81,AV CL80 KR114,61973,20:49:15,5.2
D81,AV CL80 KR114,61973,20:54:30,5.2
D81,AV CL80 KR114,61973,20:59:45,5.2
D81,AV CL80 KR114,61973,21:05:00,5.2
D81,AV CL80 KR114,61973,21:10:00,5.0
D81,AV CL80 KR114,61973,21:15:00,5.0
D81,AV CL80 KR114,61973,21:20:00,5.0
D81,AV CL80 KR114,61973,21:25:00,5.0
D81,AV CL80 KR114,61973,21:30:00,5.0
D81,AV CL80 KR114,61973,21:35:00,5.0
D81,AV CL80 KR114,61973,21:40:00,5.0
D81,AV CL80 KR114,61973,21:45:00,5.0
D81,AV CL80 KR114,61973,21:50:00,5.0
D81,AV CL80 KR114,61973,21:55:00,5.0
D81,AV CL80 KR114,61973,22:00:00,5.0
D81,AV CL80 KR114,61973,22:08:45,8.8
D81,AV CL80 KR114,61973,22:19:30,10.8
D81,AV CL80 KR114,61973,22:30:00,10.5
D81,AV CL80 KR114,61973,22:40:00,10.0
D81,AV CL80 KR114,61973,22:49:45,9.8
D81,AV CL80 KR114,61973,23:00:00,10.2
D81,AV CL80 KR114,71386,17:00:00,0.0
D81,AV CL80 KR114,71386,17:04:30,4.5
D81,AV CL80 KR114,71386,17:11:00,6.5
D81,AV CL80 KR114,71386,17:17:45,6.8
D81,AV CL80 KR114,71386,17:24:15,6.5
D81,AV CL80 KR114,71386,17:30:45,6.5
D81,AV CL80 KR114,71386,17:37:15,6.5
D81,AV CL80 KR114,71386,17:43:45,6.5
D81,AV CL80 KR114,71386,17:50:15,6.5
D81,AV CL80 KR114,71386,17:56:45,6.5
D81,AV CL80 KR114,71386,18:03:30,6.8
D81,AV CL80 KR114,71386,18:10:00,6.5
D81,AV CL80 KR114,71386,18:16:30,6.5
D81,AV CL80 KR114,71386,18:23:15,6.8
D81,AV CL80 KR114,71386,18:29:45,6.5
D81,AV CL80 KR114,71386,18:35:15,5.5
D81,AV CL80 KR114,71386,18:42:45,7.5
D81,AV CL80 KR114,71386,18:49:30,6.8
D81,AV CL80 KR114,71386,18:56:00,6.5
D81,AV CL80 KR114,71423,06:00:15,0.0
D81,AV CL80 KR114,71423,06:15:30,15.2
D81,AV CL80 KR114,71423,06:30:45,15.2
D81,AV CL80 KR114,71423,06:46:00,15.2
D81,AV CL80 KR114,71423,07:01:15,15.2
D81,AV CL80 KR114,71423,07:16:45,15.5
ML82,M82 CLL134 KR 7 || L82  Portal 20 de Julio,61926,06:30:00,0.0
ML82,M82 CLL134 KR 7 || L82  Portal 20 de Julio,61926,06:37:00,7.0
ML82,M82 CLL134 KR 7 || L82  Portal 20 de Julio,61926,06:46:00,9.0
ML82,M82 CLL134 KR 7 || L82  Portal 20 de Julio,61926,06:55:00,9.0
ML82,M82 CLL134 KR 7 || L82  Portal 20 de Julio,61926,07:04:00,9.0
ML82,M82 CLL134 KR 7 || L82  Portal 20 de Julio,61926,07:13:00,9.0
ML82,M82 CLL134 KR 7 || L82  Portal 20 de Julio,61926,07:22:00,9.0
ML82,M82 CLL134 KR 7 || L82  Portal 20 de Julio,61971,04:00:00,0.0
ML82,M82 CLL134 KR 7 || L82  Portal 20 de Julio,61971,04:04:00,4.0
ML82,M82 CLL134 KR 7 || L82  Portal 20 de Julio,61971,04:08:00,4.0
ML82,M82 CLL134 KR 7 || L82  Portal 20 de Julio,61971,04:12:00,4.0
ML82,M82 CLL134 KR 7 || L82  Portal 20 de Julio,61971,04:16:00,4.0
ML82,M82 CLL134 KR 7 || L82  Portal 20 de Julio,61971,04:20:00,4.0
ML82,M82 CLL134 KR 7 || L82  Portal 20 de Julio,61971,04:24:00,4.0
ML82,M82 CLL134 KR 7 || L82  Portal 20 de Julio,61971,04:28:00,4.0
ML82,M82 CLL134 KR 7 || L82  Portal 20 de Julio,61971,04:32:00,4.0
ML82,M82 CLL134 KR 7 || L82  Portal 20 de Julio,61971,04:36:00,4.0
ML82,M82 CLL134 KR 7 || L82  Portal 20 de Julio,61971,04:40:00,4.0
ML82,M82 CLL134 KR 7 || L82  Portal 20 de Julio,61971,04:44:00,4.0
ML82,M82 CLL134 KR 7 || L82  Portal 20 de Julio,61971,04:48:00,4.0
ML82,M82 CLL134 KR 7 || L82  Portal 20 de Julio,61971,04:52:00,4.0
ML82,M82 CLL134 KR 7 || L82  Portal 20 de Julio,61971,04:56:00,4.0
ML82,M82 CLL134 KR 7 || L82  Portal 20 de Julio,61971,05:00:00,4.0
ML82,M82 CLL134 KR 7 || L82  Portal 20 de Julio,61971,05:03:45,3.8
ML82,M82 CLL134 KR 7 || L82  Portal 20 de Julio,61971,05:07:30,3.8
ML82,M82 CLL134 KR 7 || L82  Portal 20 de Julio,61971,05:11:15,3.8
ML82,M82 CLL134 KR 7 || L82  Portal 20 de Julio,61971,05:15:00,3.8
ML82,M82 CLL134 KR 7 || L82  Portal 20 de Julio,61971,05:18:45,3.8
ML82,M82 CLL134 KR 7 || L82  Portal 20 de Julio,61971,05:22:30,3.8
ML82,M82 CLL134 KR 7 || L82  Portal 20 de Julio,61971,05:26:15,3.8
ML82,M82 CLL134 KR 7 || L82  Portal 20 de Julio,61971,05:30:00,3.8
ML82,M82 CLL134 KR 7 || L82  Portal 20 de Julio,61971,05:33:45,3.8
ML82,M82 CLL134 KR 7 || L82  Portal 20 de Julio,61971,05:37:30,3.8
ML82,M82 CLL134 KR 7 || L82  Portal 20 de Julio,61971,05:41:15,3.8
ML82,M82 CLL134 KR 7 || L82  Portal 20 de Julio,61971,05:45:00,3.8
ML82,M82 CLL134 KR 7 || L82  Portal 20 de Julio,61971,05:48:45,3.8
ML82,M82 CLL134 KR 7 || L82  Portal 20 de Julio,61971,05:52:30,3.8
ML82,M82 CLL134 KR 7 || L82  Portal 20 de Julio,61971,05:56:15,3.8
ML82,M82 CLL134 KR 7 || L82  Portal 20 de Julio,61971,06:00:00,3.8
ML82,M82 CLL134 KR 7 || L82  Portal 20 de Julio,61971,06:03:45,3.8
ML82,M82 CLL134 KR 7 || L82  Portal 20 de Julio,61971,06:07:30,3.8
ML82,M82 CLL134 KR 7 || L82  Portal 20 de Julio,61971,06:11:15,3.8
ML82,M82 CLL134 KR 7 || L82  Portal 20 de Julio,61971,06:15:00,3.8
ML82,M82 CLL134 KR 7 || L82  Portal 20 de Julio,61971,06:18:45,3.8
ML82,M82 CLL134 KR 7 || L82  Portal 20 de Julio,61971,06:22:30,3.8
ML82,M82 CLL134 KR 7 || L82  Portal 20 de Julio,61971,06:26:15,3.8
ML82,M82 CLL134 KR 7 || L82  Portal 20 de Julio,61971,06:30:00,3.8
ML82,M82 CLL134 KR 7 || L82  Portal 20 de Julio,61971,06:33:45,3.8
ML82,M82 CLL134 KR 7 || L82  Portal 20 de Julio,61971,06:37:30,3.8
ML82,M82 CLL134 KR 7 || L82  Portal 20 de Julio,61971,06:41:15,3.8
ML82,M82 CLL134 KR 7 || L82  Portal 20 de Julio,61971,06:45:00,3.8
ML82,M82 CLL134 KR 7 || L82  Portal 20 de Julio,61971,06:48:45,3.8
ML82,M82 CLL134 KR 7 || L82  Portal 20 de Julio,61971,06:52:30,3.8
ML82,M82 CLL134 KR 7 || L82  Portal 20 de Julio,61971,06:56:15,3.8
ML82,M82 CLL134 KR 7 || L82  Portal 20 de Julio,61971,07:00:00,3.8
ML82,M82 CLL134 KR 7 || L82  Portal 20 de Julio,61971,07:03:45,3.8
ML82,M82 CLL134 KR 7 || L82  Portal 20 de Julio,61971,07:07:30,3.8
ML82,M82 CLL134 KR 7 || L82  Portal 20 de Julio,61971,07:11:15,3.8
ML82,M82 CLL134 KR 7 || L82  Portal 20 de Julio,61971,07:15:00,3.8
ML82,M82 CLL134 KR 7 || L82  Portal 20 de Julio,61971,07:18:45,3.8
ML82,M82 CLL134 KR 7 || L82  Portal 20 de Julio,61971,07:22:30,3.8
ML82,M82 CLL134 KR 7 || L82  Portal 20 de Julio,61971,07:26:15,3.8
ML82,M82 CLL134 KR 7 || L82  Portal 20 de Julio,61971,07:30:00,3.8
ML82,M82 CLL134 KR 7 || L82  Portal 20 de Julio,61971,07:33:45,3.8
ML82,M82 CLL134 KR 7 || L82  Portal 20 de Julio,61971,07:37:30,3.8
ML82,M82 CLL134 KR 7 || L82  Portal 20 de Julio,61971,07:41:15,3.8
ML82,M82 CLL134 KR 7 || L82  Portal 20 de Julio,61971,07:45:00,3.8
ML82,M82 CLL134 KR 7 || L82  Portal 20 de Julio,61971,07:48:45,3.8
ML82,M82 CLL134 KR 7 || L82  Portal 20 de Julio,61971,07:52:30,3.8
ML82,M82 CLL134 KR 7 || L82  Portal 20 de Julio,61971,07:56:15,3.8
ML82,M82 CLL134 KR 7 || L82  Portal 20 de Julio,61971,08:00:00,3.8
ML82,M82 CLL134 KR 7 || L82  Portal 20 de Julio,61971,08:04:00,4.0
ML82,M82 CLL134 KR 7 || L82  Portal 20 de Julio,61971,08:08:00,4.0
ML82,M82 CLL134 KR 7 || L82  Portal 20 de Julio,61971,08:12:00,4.0
ML82,M82 CLL134 KR 7 || L82  Portal 20 de Julio,61971,08:16:00,4.0
ML82,M82 CLL134 KR 7 || L82  Portal 20 de Julio,61971,08:20:00,4.0
ML82,M82 CLL134 KR 7 || L82  Portal 20 de Julio,61971,08:24:00,4.0
ML82,M82 CLL134 KR 7 || L82  Portal 20 de Julio,61971,08:28:00,4.0
ML82,M82 CLL134 KR 7 || L82  Portal 20 de Julio,61971,08:32:00,4.0
ML82,M82 CLL134 KR 7 || L82  Portal 20 de Julio,61971,08:36:00,4.0
ML82,M82 CLL134 KR 7 || L82  Portal 20 de Julio,61971,08:40:00,4.0
ML82,M82 CLL134 KR 7 || L82  Portal 20 de Julio,61971,08:44:00,4.0
ML82,M82 CLL134 KR 7 || L82  Portal 20 de Julio,61971,08:48:00,4.0
ML82,M82 CLL134 KR 7 || L82  Portal 20 de Julio,61971,08:52:00,4.0
ML82,M82 CLL134 KR 7 || L82  Portal 20 de Julio,61971,08:56:00,4.0
ML82,M82 CLL134 KR 7 || L82  Portal 20 de Julio,61971,09:00:00,4.0
ML82,M82 CLL134 KR 7 || L82  Portal 20 de Julio,61971,09:04:00,4.0
ML82,M82 CLL134 KR 7 || L82  Portal 20 de Julio,61971,09:08:00,4.0
ML82,M82 CLL134 KR 7 || L82  Portal 20 de Julio,61971,09:12:00,4.0
ML82,M82 CLL134 KR 7 || L82  Portal 20 de Julio,61971,09:16:00,4.0
ML82,M82 CLL134 KR 7 || L82  Portal 20 de Julio,61971,09:20:00,4.0
ML82,M82 CLL134 KR 7 || L82  Portal 20 de Julio,61971,09:24:00,4.0
ML82,M82 CLL134 KR 7 || L82  Portal 20 de Julio,61971,09:28:00,4.0
ML82,M82 CLL134 KR 7 || L82  Portal 20 de Julio,61971,09:32:00,4.0
ML82,M82 CLL134 KR 7 || L82  Portal 20 de Julio,61971,09:36:00,4.0
ML82,M82 CLL134 KR 7 || L82  Portal 20 de Julio,61971,09:40:00,4.0
ML82,M82 CLL134 KR 7 || L82  Portal 20 de Julio,61971,09:44:00,4.0
ML82,M82 CLL134 KR 7 || L82  Portal 20 de Julio,61971,09:48:00,4.0
ML82,M82 CLL134 KR 7 || L82  Portal 20 de Julio,61971,09:52:00,4.0
ML82,M82 CLL134 KR 7 || L82  Portal 20 de Julio,61971,09:56:00,4.0
ML82,M82 CLL134 KR 7 || L82  Portal 20 de Julio,61971,10:00:00,4.0
ML82,M82 CLL134 KR 7 || L82  Portal 20 de Julio,61971,10:04:00,4.0
ML82,M82 CLL134 KR 7 || L82  Portal 20 de Julio,61971,10:08:00,4.0
ML82,M82 CLL134 KR 7 || L82  Portal 20 de Julio,61971,10:12:00,4.0
ML82,M82 CLL134 KR 7 || L82  Portal 20 de Julio,61971,10:16:00,4.0
ML82,M82 CLL134 KR 7 || L82  Portal 20 de Julio,61971,10:20:00,4.0
ML82,M82 CLL134 KR 7 || L82  Portal 20 de Julio,61971,10:24:00,4.0
ML82,M82 CLL134 KR 7 || L82  Portal 20 de Julio,61971,10:28:00,4.0
ML82,M82 CLL134 KR 7 || L82  Portal 20 de Julio,61971,10:32:00,4.0
ML82,M82 CLL134 KR 7 || L82  Portal 20 de Julio,61971,10:36:00,4.0
ML82,M82 CLL134 KR 7 || L82  Portal 20 de Julio,61971,10:40:00,4.0
ML82,M82 CLL134 KR 7 || L82  Portal 20 de Julio,61971,10:44:00,4.0
ML82,M82 CLL134 KR 7 || L82  Portal 20 de Julio,61971,10:48:00,4.0
ML82,M82 CLL134 KR 7 || L82  Portal 20 de Julio,61971,10:52:00,4.0
ML82,M82 CLL134 KR 7 || L82  Portal 20 de Julio,61971,10:56:00,4.0
ML82,M82 CLL134 KR 7 || L82  Portal 20 de Julio,61971,11:00:00,4.0
ML82,M82 CLL134 KR 7 || L82  Portal 20 de Julio,61971,11:04:00,4.0
ML82,M82 CLL134 KR 7 || L82  Portal 20 de Julio,61971,11:08:00,4.0
ML82,M82 CLL134 KR 7 || L82  Portal 20 de Julio,61971,11:12:00,4.0
ML82,M82 CLL134 KR 7 || L82  Portal 20 de Julio,61971,11:16:00,4.0
ML82,M82 CLL134 KR 7 || L82  Portal 20 de Julio,61971,11:20:00,4.0
ML82,M82 CLL134 KR 7 || L82  Portal 20 de Julio,61971,11:24:00,4.0
ML82,M82 CLL134 KR 7 || L82  Portal 20 de Julio,61971,11:28:00,4.0
ML82,M82 CLL134 KR 7 || L82  Portal 20 de Julio,61971,11:32:00,4.0
ML82,M82 CLL134 KR 7 || L82  Portal 20 de Julio,61971,11:36:00,4.0
ML82,M82 CLL134 KR 7 || L82  Portal 20 de Julio,61971,11:40:00,4.0
ML82,M82 CLL134 KR 7 || L82  Portal 20 de Julio,61971,11:44:00,4.0
ML82,M82 CLL134 KR 7 || L82  Portal 20 de Julio,61971,11:48:00,4.0
ML82,M82 CLL134 KR 7 || L82  Portal 20 de Julio,61971,11:52:00,4.0
ML82,M82 CLL134 KR 7 || L82  Portal 20 de Julio,61971,11:56:00,4.0
ML82,M82 CLL134 KR 7 || L82  Portal 20 de Julio,61971,12:00:00,4.0
ML82,M82 CLL134 KR 7 || L82  Portal 20 de Julio,61971,12:04:00,4.0
ML82,M82 CLL134 KR 7 || L82  Portal 20 de Julio,61971,12:08:00,4.0
ML82,M82 CLL134 KR 7 || L82  Portal 20 de Julio,61971,12:12:00,4.0
ML82,M82 CLL134 KR 7 || L82  Portal 20 de Julio,61971,12:16:00,4.0
ML82,M82 CLL134 KR 7 || L82  Portal 20 de Julio,61971,12:20:00,4.0
ML82,M82 CLL134 KR 7 || L82  Portal 20 de Julio,61971,12:24:00,4.0
ML82,M82 CLL134 KR 7 || L82  Portal 20 de Julio,61971,12:28:00,4.0
ML82,M82 CLL134 KR 7 || L82  Portal 20 de Julio,61971,12:32:00,4.0
ML82,M82 CLL134 KR 7 || L82  Portal 20 de Julio,61971,12:36:00,4.0
ML82,M82 CLL134 KR 7 || L82  Portal 20 de Julio,61971,12:40:00,4.0
ML82,M82 CLL134 KR 7 || L82  Portal 20 de Julio,61971,12:44:00,4.0
ML82,M82 CLL134 KR 7 || L82  Portal 20 de Julio,61971,12:48:00,4.0
ML82,M82 CLL134 KR 7 || L82  Portal 20 de Julio,61971,12:52:00,4.0
ML82,M82 CLL134 KR 7 || L82  Portal 20 de Julio,61971,12:56:00,4.0
ML82,M82 CLL134 KR 7 || L82  Portal 20 de Julio,61971,13:00:00,4.0
ML82,M82 CLL134 KR 7 || L82  Portal 20 de Julio,61971,13:04:00,4.0
ML82,M82 CLL134 KR 7 || L82  Portal 20 de Julio,61971,13:08:00,4.0
ML82,M82 CLL134 KR 7 || L82  Portal 20 de Julio,61971,13:12:00,4.0
ML82,M82 CLL134 KR 7 || L82  Portal 20 de Julio,61971,13:16:00,4.0
ML82,M82 CLL134 KR 7 || L82  Portal 20 de Julio,61971,13:20:00,4.0
ML82,M82 CLL134 KR 7 || L82  Portal 20 de Julio,61971,13:24:00,4.0
ML82,M82 CLL134 KR 7 || L82  Portal 20 de Julio,61971,13:28:00,4.0
ML82,M82 CLL134 KR 7 || L82  Portal 20 de Julio,61971,13:32:00,4.0
ML82,M82 CLL134 KR 7 || L82  Portal 20 de Julio,61971,13:36:00,4.0
ML82,M82 CLL134 KR 7 || L82  Portal 20 de Julio,61971,13:40:00,4.0
ML82,M82 CLL134 KR 7 || L82  Portal 20 de Julio,61971,13:44:00,4.0
ML82,M82 CLL134 KR 7 || L82  Portal 20 de Julio,61971,13:48:00,4.0
ML82,M82 CLL134 KR 7 || L82  Portal 20 de Julio,61971,13:52:00,4.0
ML82,M82 CLL134 KR 7 || L82  Portal 20 de Julio,61971,13:56:00,4.0
ML82,M82 CLL134 KR 7 || L82  Portal 20 de Julio,61971,14:00:00,4.0
ML82,M82 CLL134 KR 7 || L82  Portal 20 de Julio,61971,14:04:00,4.0
ML82,M82 CLL134 KR 7 || L82  Portal 20 de Julio,61971,14:08:00,4.0
ML82,M82 CLL134 KR 7 || L82  Portal 20 de Julio,61971,14:12:00,4.0
ML82,M82 CLL134 KR 7 || L82  Portal 20 de Julio,61971,14:16:00,4.0
ML82,M82 CLL134 KR 7 || L82  Portal 20 de Julio,61971,14:20:00,4.0
ML82,M82 CLL134 KR 7 || L82  Portal 20 de Julio,61971,14:24:00,4.0
ML82,M82 CLL134 KR 7 || L82  Portal 20 de Julio,61971,14:28:00,4.0
ML82,M82 CLL134 KR 7 || L82  Portal 20 de Julio,61971,14:32:00,4.0
ML82,M82 CLL134 KR 7 || L82  Portal 20 de Julio,61971,14:36:00,4.0
ML82,M82 CLL134 KR 7 || L82  Portal 20 de Julio,61971,14:40:00,4.0
ML82,M82 CLL134 KR 7 || L82  Portal 20 de Julio,61971,14:44:00,4.0
ML82,M82 CLL134 KR 7 || L82  Portal 20 de Julio,61971,14:48:00,4.0
ML82,M82 CLL134 KR 7 || L82  Portal 20 de Julio,61971,14:52:00,4.0
ML82,M82 CLL134 KR 7 || L82  Portal 20 de Julio,61971,14:56:00,4.0
ML82,M82 CLL134 KR 7 || L82  Portal 20 de Julio,61971,15:00:00,4.0
ML82,M82 CLL134 KR 7 || L82  Portal 20 de Julio,61971,15:02:45,2.8
ML82,M82 CLL134 KR 7 || L82  Portal 20 de Julio,61971,15:05:30,2.8
ML82,M82 CLL134 KR 7 || L82  Portal 20 de Julio,61971,15:08:15,2.8
ML82,M82 CLL134 KR 7 || L82  Portal 20 de Julio,61971,15:11:00,2.8
ML82,M82 CLL134 KR 7 || L82  Portal 20 de Julio,61971,15:13:45,2.8
ML82,M82 CLL134 KR 7 || L82  Portal 20 de Julio,61971,15:16:30,2.8
ML82,M82 CLL134 KR 7 || L82  Portal 20 de Julio,61971,15:19:15,2.8
ML82,M82 CLL134 KR 7 || L82  Portal 20 de Julio,61971,15:22:00,2.8
ML82,M82 CLL134 KR 7 || L82  Portal 20 de Julio,61971,15:24:45,2.8
ML82,M82 CLL134 KR 7 || L82  Portal 20 de Julio,61971,15:27:30,2.8
ML82,M82 CLL134 KR 7 || L82  Portal 20 de Julio,61971,15:30:15,2.8
ML82,M82 CLL134 KR 7 || L82  Portal 20 de Julio,61971,15:33:00,2.8
ML82,M82 CLL134 KR 7 || L82  Portal 20 de Julio,61971,15:35:45,2.8
ML82,M82 CLL134 KR 7 || L82  Portal 20 de Julio,61971,15:38:30,2.8
ML82,M82 CLL134 KR 7 || L82  Portal 20 de Julio,61971,15:41:15,2.8
ML82,M82 CLL134 KR 7 || L82  Portal 20 de Julio,61971,15:44:00,2.8
ML82,M82 CLL134 KR 7 || L82  Portal 20 de Julio,61971,15:46:45,2.8
ML82,M82 CLL134 KR 7 || L82  Portal 20 de Julio,61971,15:49:30,2.8
ML82,M82 CLL134 KR 7 || L82  Portal 20 de Julio,61971,15:52:15,2.8
ML82,M82 CLL134 KR 7 || L82  Portal 20 de Julio,61971,15:55:00,2.8
ML82,M82 CLL134 KR 7 || L82  Portal 20 de Julio,61971,15:57:45,2.8
ML82,M82 CLL134 KR 7 || L82  Portal 20 de Julio,61971,16:00:30,2.8
ML82,M82 CLL134 KR 7 || L82  Portal 20 de Julio,61971,16:03:45,3.2
ML82,M82 CLL134 KR 7 || L82  Portal 20 de Julio,61971,16:07:00,3.2
ML82,M82 CLL134 KR 7 || L82  Portal 20 de Julio,61971,16:10:15,3.2
ML82,M82 CLL134 KR 7 || L82  Portal 20 de Julio,61971,16:13:30,3.2
ML82,M82 CLL134 KR 7 || L82  Portal 20 de Julio,61971,16:16:45,3.2
ML82,M82 CLL134 KR 7 || L82  Portal 20 de Julio,61971,16:20:00,3.2
ML82,M82 CLL134 KR 7 || L82  Portal 20 de Julio,61971,16:23:15,3.2
ML82,M82 CLL134 KR 7 || L82  Portal 20 de Julio,61971,16:26:30,3.2
ML82,M82 CLL134 KR 7 || L82  Portal 20 de Julio,61971,16:29:45,3.2
ML82,M82 CLL134 KR 7 || L82  Portal 20 de Julio,61971,16:33:00,3.2
ML82,M82 CLL134 KR 7 || L82  Portal 20 de Julio,61971,16:36:15,3.2
ML82,M82 CLL134 KR 7 || L82  Portal 20 de Julio,61971,16:39:30,3.2
ML82,M82 CLL134 KR 7 || L82  Portal 20 de Julio,61971,16:42:45,3.2
ML82,M82 CLL134 KR 7 || L82  Portal 20 de Julio,61971,16:46:00,3.2
ML82,M82 CLL134 KR 7 || L82  Portal 20 de Julio,61971,16:49:15,3.2
ML82,M82 CLL134 KR 7 || L82  Portal 20 de Julio,61971,16:52:30,3.2
ML82,M82 CLL134 KR 7 || L82  Portal 20 de Julio,61971,16:55:45,3.2
ML82,M82 CLL134 KR 7 || L82  Portal 20 de Julio,61971,16:59:00,3.2
ML82,M82 CLL134 KR 7 || L82  Portal 20 de Julio,61971,17:02:15,3.2
ML82,M82 CLL134 KR 7 || L82  Portal 20 de Julio,61971,17:06:15,4.0
ML82,M82 CLL134 KR 7 || L82  Portal 20 de Julio,61971,17:10:15,4.0
ML82,M82 CLL134 KR 7 || L82  Portal 20 de Julio,61971,17:14:15,4.0
ML82,M82 CLL134 KR 7 || L82  Portal 20 de Julio,61971,17:18:15,4.0
ML82,M82 CLL134 KR 7 || L82  Portal 20 de Julio,61971,17:22:15,4.0
ML82,M82 CLL134 KR 7 || L82  Portal 20 de Julio,61971,17:26:15,4.0
ML82,M82 CLL134 KR 7 || L82  Portal 20 de Julio,61971,17:30:15,4.0
ML82,M82 CLL134 KR 7 || L82  Portal 20 de Julio,61971,17:34:15,4.0
ML82,M82 CLL134 KR 7 || L82  Portal 20 de Julio,61971,17:38:15,4.0
ML82,M82 CLL134 KR 7 || L82  Portal 20 de Julio,61971,17:42:15,4.0
ML82,M82 CLL134 KR 7 || L82  Portal 20 de Julio,61971,17:46:15,4.0
ML82,M82 CLL134 KR 7 || L82  Portal 20 de Julio,61971,17:50:15,4.0
ML82,M82 CLL134 KR 7 || L82  Portal 20 de Julio,61971,17:54:15,4.0
ML82,M82 CLL134 KR 7 || L82  Portal 20 de Julio,61971,17:58:15,4.0
ML82,M82 CLL134 KR 7 || L82  Portal 20 de Julio,61971,18:02:15,4.0
ML82,M82 CLL134 KR 7 || L82  Portal 20 de Julio,61971,18:06:15,4.0
ML82,M82 CLL134 KR 7 || L82  Portal 20 de Julio,61971,18:10:15,4.0
ML82,M82 CLL134 KR 7 || L82  Portal 20 de Julio,61971,18:14:15,4.0
ML82,M82 CLL134 KR 7 || L82  Portal 20 de Julio,61971,18:18:15,4.0
ML82,M82 CLL134 KR 7 || L82  Portal 20 de Julio,61971,18:22:15,4.0
ML82,M82 CLL134 KR 7 || L82  Portal 20 de Julio,61971,18:26:15,4.0
ML82,M82 CLL134 KR 7 || L82  Portal 20 de Julio,61971,18:30:15,4.0
ML82,M82 CLL134 KR 7 || L82  Portal 20 de Julio,61971,18:34:15,4.0
ML82,M82 CLL134 KR 7 || L82  Portal 20 de Julio,61971,18:38:15,4.0
ML82,M82 CLL134 KR 7 || L82  Portal 20 de Julio,61971,18:42:15,4.0
ML82,M82 CLL134 KR 7 || L82  Portal 20 de Julio,61971,18:46:15,4.0
ML82,M82 CLL134 KR 7 || L82  Portal 20 de Julio,61971,18:50:15,4.0
ML82,M82 CLL134 KR 7 || L82  Portal 20 de Julio,61971,18:54:15,4.0
ML82,M82 CLL134 KR 7 || L82  Portal 20 de Julio,61971,18:58:15,4.0
ML82,M82 CLL134 KR 7 || L82  Portal 20 de Julio,61971,19:02:15,4.0
ML82,M82 CLL134 KR 7 || L82  Portal 20 de Julio,61971,19:06:15,4.0
ML82,M82 CLL134 KR 7 || L82  Portal 20 de Julio,61971,19:10:15,4.0
ML82,M82 CLL134 KR 7 || L82  Portal 20 de Julio,61971,19:14:15,4.0
ML82,M82 CLL134 KR 7 || L82  Portal 20 de Julio,61971,19:18:15,4.0
ML82,M82 CLL134 KR 7 || L82  Portal 20 de Julio,61971,19:22:15,4.0
ML82,M82 CLL134 KR 7 || L82  Portal 20 de Julio,61971,19:26:15,4.0
ML82,M82 CLL134 KR 7 || L82  Portal 20 de Julio,61971,19:30:15,4.0
ML82,M82 CLL134 KR 7 || L82  Portal 20 de Julio,61971,19:34:15,4.0
ML82,M82 CLL134 KR 7 || L82  Portal 20 de Julio,61971,19:38:15,4.0
ML82,M82 CLL134 KR 7 || L82  Portal 20 de Julio,61971,19:42:15,4.0
ML82,M82 CLL134 KR 7 || L82  Portal 20 de Julio,61971,19:46:15,4.0
ML82,M82 CLL134 KR 7 || L82  Portal 20 de Julio,61971,19:50:15,4.0
ML82,M82 CLL134 KR 7 || L82  Portal 20 de Julio,61971,19:54:15,4.0
ML82,M82 CLL134 KR 7 || L82  Portal 20 de Julio,61971,19:58:15,4.0
ML82,M82 CLL134 KR 7 || L82  Portal 20 de Julio,61971,20:02:15,4.0
ML82,M82 CLL134 KR 7 || L82  Portal 20 de Julio,61971,20:06:15,4.0
ML82,M82 CLL134 KR 7 || L82  Portal 20 de Julio,61971,20:10:15,4.0
ML82,M82 CLL134 KR 7 || L82  Portal 20 de Julio,61971,20:14:15,4.0
ML82,M82 CLL134 KR 7 || L82  Portal 20 de Julio,61971,20:18:15,4.0
ML82,M82 CLL134 KR 7 || L82  Portal 20 de Julio,61971,20:23:15,5.0
ML82,M82 CLL134 KR 7 || L82  Portal 20 de Julio,61971,20:28:15,5.0
ML82,M82 CLL134 KR 7 || L82  Portal 20 de Julio,61971,20:33:15,5.0
ML82,M82 CLL134 KR 7 || L82  Portal 20 de Julio,61971,20:38:15,5.0
ML82,M82 CLL134 KR 7 || L82  Portal 20 de Julio,61971,20:43:15,5.0
ML82,M82 CLL134 KR 7 || L82  Portal 20 de Julio,61971,20:48:15,5.0
ML82,M82 CLL134 KR 7 || L82  Portal 20 de Julio,61971,20:53:15,5.0
ML82,M82 CLL134 KR 7 || L82  Portal 20 de Julio,61971,20:58:15,5.0
ML82,M82 CLL134 KR 7 || L82  Portal 20 de Julio,61971,21:03:15,5.0
ML82,M82 CLL134 KR 7 || L82  Portal 20 de Julio,61971,21:08:15,5.0
ML82,M82 CLL134 KR 7 || L82  Portal 20 de Julio,61971,21:13:15,5.0
ML82,M82 CLL134 KR 7 || L82  Portal 20 de Julio,61971,21:18:15,5.0
ML82,M82 CLL134 KR 7 || L82  Portal 20 de Julio,61971,21:24:15,6.0
ML82,M82 CLL134 KR 7 || L82  Portal 20 de Julio,61971,21:30:15,6.0
ML82,M82 CLL134 KR 7 || L82  Portal 20 de Julio,61971,21:36:15,6.0
ML82,M82 CLL134 KR 7 || L82  Portal 20 de Julio,61971,21:42:15,6.0
ML82,M82 CLL134 KR 7 || L82  Portal 20 de Julio,61971,21:48:15,6.0
ML82,M82 CLL134 KR 7 || L82  Portal 20 de Julio,61971,21:54:15,6.0
ML82,M82 CLL134 KR 7 || L82  Portal 20 de Julio,61971,21:59:45,5.5
ML82,M82 CLL134 KR 7 || L82  Portal 20 de Julio,61971,22:05:45,6.0
ML82,M82 CLL134 KR 7 || L82  Portal 20 de Julio,61971,22:15:00,9.2
ML82,M82 CLL134 KR 7 || L82  Portal 20 de Julio,61975,05:30:00,0.0
ML82,M82 CLL134 KR 7 || L82  Portal 20 de Julio,61975,05:33:45,3.8
ML82,M82 CLL134 KR 7 || L82  Portal 20 de Julio,61975,05:40:45,7.0
ML82,M82 CLL134 KR 7 || L82  Portal 20 de Julio,61975,05:47:45,7.0
ML82,M82 CLL134 KR 7 || L82  Portal 20 de Julio,61975,05:54:45,7.0
ML82,M82 CLL134 KR 7 || L82  Portal 20 de Julio,61975,06:01:45,7.0
ML82,M82 CLL134 KR 7 || L82  Portal 20 de Julio,61975,06:08:45,7.0
ML82,M82 CLL134 KR 7 || L82  Portal 20 de Julio,61975,06:16:00,7.2
ML82,M82 CLL134 KR 7 || L82  Portal 20 de Julio,61975,06:23:15,7.2
ML82,M82 CLL134 KR 7 || L82  Portal 20 de Julio,61975,06:30:15,7.0
ML82,M82 CLL134 KR 7 || L82  Portal 20 de Julio,61975,06:36:15,6.0
ML82,M82 CLL134 KR 7 || L82  Portal 20 de Julio,61975,06:42:15,6.0
ML82,M82 CLL134 KR 7 || L82  Portal 20 de Julio,61975,06:48:15,6.0
ML82,M82 CLL134 KR 7 || L82  Portal 20 de Julio,61975,06:54:15,6.0
ML82,M82 CLL134 KR 7 || L82  Portal 20 de Julio,61975,07:00:15,6.0
ML82,M82 CLL134 KR 7 || L82  Portal 20 de Julio,61975,07:06:15,6.0
ML82,M82 CLL134 KR 7 || L82  Portal 20 de Julio,61975,07:12:15,6.0
ML82,M82 CLL134 KR 7 || L82  Portal 20 de Julio,61975,07:18:15,6.0
ML82,M82 CLL134 KR 7 || L82  Portal 20 de Julio,61975,07:24:15,6.0
ML82,M82 CLL134 KR 7 || L82  Portal 20 de Julio,61975,07:30:30,6.2
ML82,M82 CLL134 KR 7 || L82  Portal 20 de Julio,61975,07:38:30,8.0
ML82,M82 CLL134 KR 7 || L82  Portal 20 de Julio,61975,07:46:30,8.0
ML82,M82 CLL134 KR 7 || L82  Portal 20 de Julio,61975,07:54:30,8.0
ML82,M82 CLL134 KR 7 || L82  Portal 20 de Julio,71690,04:30:00,0.0
ML82,M82 CLL134 KR 7 || L82  Portal 20 de Julio,71690,04:39:00,9.0
ML82,M82 CLL134 KR 7 || L82  Portal 20 de Julio,71690,04:48:00,9.0
ML82,M82 CLL134 KR 7 || L82  Portal 20 de Julio,71690,04:57:00,9.0
ML82,M82 CLL134 KR 7 || L82  Portal 20 de Julio,71690,05:06:00,9.0
ML82,M82 CLL134 KR 7 || L82  Portal 20 de Julio,71690,05:15:00,9.0
ML82,M82 CLL134 KR 7 || L82  Portal 20 de Julio,71704,16:00:00,0.0
ML82,M82 CLL134 KR 7 || L82  Portal 20 de Julio,71704,16:04:00,4.0
ML82,M82 CLL134 KR 7 || L82  Portal 20 de Julio,71704,16:10:45,6.8
ML82,M82 CLL134 KR 7 || L82  Portal 20 de Julio,71704,16:17:30,6.8
ML82,M82 CLL134 KR 7 || L82  Portal 20 de Julio,71704,16:24:15,6.8
ML82,M82 CLL134 KR 7 || L82  Portal 20 de Julio,71704,16:31:15,7.0
ML82,M82 CLL134 KR 7 || L82  Portal 20 de Julio,71704,16:38:00,6.8
ML82,M82 CLL134 KR 7 || L82  Portal 20 de Julio,71704,16:44:45,6.8
ML82,M82 CLL134 KR 7 || L82  Portal 20 de Julio,71704,16:51:45,7.0
ML82,M82 CLL134 KR 7 || L82  Portal 20 de Julio,71704,16:58:30,6.8
ML82,M82 CLL134 KR 7 || L82  Portal 20 de Julio,71704,17:05:30,7.0
ML82,M82 CLL134 KR 7 || L82  Portal 20 de Julio,71704,17:12:15,6.8
ML82,M82 CLL134 KR 7 || L82  Portal 20 de Julio,71704,17:19:00,6.8
ML82,M82 CLL134 KR 7 || L82  Portal 20 de Julio,71704,17:27:00,8.0
ML82,M82 CLL134 KR 7 || L82  Portal 20 de Julio,71704,17:35:00,8.0
ML82,M82 CLL134 KR 7 || L82  Portal 20 de Julio,71704,17:43:00,8.0
ML82,M82 CLL134 KR 7 || L82  Portal 20 de Julio,71704,17:51:00,8.0
ML82,M82 CLL134 KR 7 || L82  Portal 20 de Julio,71704,17:59:00,8.0
ML82,M82 CLL134 KR 7 || L82  Portal 20 de Julio,71704,18:07:15,8.2
ML82,M82 CLL134 KR 7 || L82  Portal 20 de Julio,71704,18:15:15,8.0
ML82,M82 CLL134 KR 7 || L82  Portal 20 de Julio,71704,18:23:15,8.0
M82,CLL134 KR 7,61971,22:22:30,0.0
M82,CLL134 KR 7,61971,22:32:00,9.5
M82,CLL134 KR 7,61971,22:40:45,8.8
M82,CLL134 KR 7,61971,22:51:45,11.0
M82,CLL134 KR 7,61971,23:00:00,8.2
L81,Portal 20 de Julio,71439,16:00:00,0.0
L81,Portal 20 de Julio,71439,16:04:45,4.8
L81,Portal 20 de Julio,71439,16:12:45,8.0
L81,Portal 20 de Julio,71439,16:20:45,8.0
L81,Portal 20 de Julio,71439,16:28:45,8.0
L81,Portal 20 de Julio,71439,16:36:45,8.0
L81,Portal 20 de Julio,71439,16:45:00,8.2
L81,Portal 20 de Julio,71439,16:53:00,8.0
L81,Portal 20 de Julio,71439,17:01:15,8.2
L81,Portal 20 de Julio,71439,17:09:15,8.0
L81,Portal 20 de Julio,71439,17:17:30,8.2
L81,Portal 20 de Julio,71439,17:25:30,8.0
L81,Portal 20 de Julio,71439,17:33:45,8.2
L81,Portal 20 de Julio,71439,17:41:45,8.0
L81,Portal 20 de Julio,71439,17:49:45,8.0
L81,Portal 20 de Julio,71439,17:57:45,8.0
L81,Portal 20 de Julio,71439,18:05:45,8.0
L81,Portal 20 de Julio,71439,18:14:30,8.8
L81,Portal 20 de Julio,71439,18:22:45,8.2
L81,Portal 20 de Julio,71439,18:29:45,7.0
L81,Portal 20 de Julio,72404,05:00:00,0.0
L81,Portal 20 de Julio,72404,05:03:45,3.8
L81,Portal 20 de Julio,72404,05:08:00,4.2
L81,Portal 20 de Julio,72404,05:11:45,3.8
L81,Portal 20 de Julio,72404,05:15:30,3.8
L81,Portal 20 de Julio,72404,05:19:15,3.8
L81,Portal 20 de Julio,72404,05:23:00,3.8
L81,Portal 20 de Julio,72404,05:26:45,3.8
L81,Portal 20 de Julio,72404,05:30:30,3.8
L81,Portal 20 de Julio,72404,05:34:45,4.2
L81,Portal 20 de Julio,72404,05:38:30,3.8
L81,Portal 20 de Julio,72404,05:42:15,3.8
L81,Portal 20 de Julio,72404,05:46:00,3.8
L81,Portal 20 de Julio,72404,05:49:45,3.8
L81,Portal 20 de Julio,72404,05:53:30,3.8
L81,Portal 20 de Julio,72404,05:57:15,3.8
L81,Portal 20 de Julio,72404,06:01:00,3.8
L81,Portal 20 de Julio,72404,06:04:00,3.0
L81,Portal 20 de Julio,72404,06:07:00,3.0
L81,Portal 20 de Julio,72404,06:10:00,3.0
L81,Portal 20 de Julio,72404,06:13:00,3.0
L81,Portal 20 de Julio,72404,06:16:00,3.0
L81,Portal 20 de Julio,72404,06:19:00,3.0
L81,Portal 20 de Julio,72404,06:22:00,3.0
L81,Portal 20 de Julio,72404,06:25:00,3.0
L81,Portal 20 de Julio,72404,06:28:00,3.0
L81,Portal 20 de Julio,72404,06:31:00,3.0
L81,Portal 20 de Julio,72404,06:34:00,3.0
L81,Portal 20 de Julio,72404,06:37:00,3.0
L81,Portal 20 de Julio,72404,06:40:00,3.0
L81,Portal 20 de Julio,72404,06:43:00,3.0
L81,Portal 20 de Julio,72404,06:46:00,3.0
L81,Portal 20 de Julio,72404,06:49:00,3.0
L81,Portal 20 de Julio,72404,06:52:00,3.0
L81,Portal 20 de Julio,72404,06:55:00,3.0
L81,Portal 20 de Julio,72404,06:58:00,3.0
L81,Portal 20 de Julio,72404,07:01:00,3.0
L81,Portal 20 de Julio,72404,07:04:00,3.0
L81,Portal 20 de Julio,72404,07:07:00,3.0
L81,Portal 20 de Julio,72404,07:10:00,3.0
L81,Portal 20 de Julio,72404,07:13:00,3.0
L81,Portal 20 de Julio,72404,07:16:00,3.0
L81,Portal 20 de Julio,72404,07:19:00,3.0
L81,Portal 20 de Julio,72404,07:22:00,3.0
L81,Portal 20 de Julio,72404,07:25:00,3.0
L81,Portal 20 de Julio,72404,07:28:00,3.0
L81,Portal 20 de Julio,72404,07:31:00,3.0
L81,Portal 20 de Julio,72404,07:34:45,3.8
L81,Portal 20 de Julio,72404,07:38:30,3.8
L81,Portal 20 de Julio,72404,07:42:15,3.8
L81,Portal 20 de Julio,72404,07:46:00,3.8
L81,Portal 20 de Julio,72404,07:49:45,3.8
L81,Portal 20 de Julio,72404,07:53:30,3.8
L81,Portal 20 de Julio,72404,07:57:15,3.8
L81,Portal 20 de Julio,72404,08:01:00,3.8
L81,Portal 20 de Julio,72404,08:04:45,3.8
L81,Portal 20 de Julio,72404,08:08:30,3.8
L81,Portal 20 de Julio,72404,08:12:15,3.8
L81,Portal 20 de Julio,72404,08:16:00,3.8
L81,Portal 20 de Julio,72404,08:19:45,3.8
L81,Portal 20 de Julio,72404,08:23:30,3.8
L81,Portal 20 de Julio,72404,08:27:15,3.8
L81,Portal 20 de Julio,72404,08:31:00,3.8
L81,Portal 20 de Julio,72404,08:34:45,3.8
L81,Portal 20 de Julio,72404,08:38:30,3.8
L81,Portal 20 de Julio,72404,08:42:15,3.8
L81,Portal 20 de Julio,72404,08:46:00,3.8
L81,Portal 20 de Julio,72404,08:49:45,3.8
L81,Portal 20 de Julio,72404,08:53:30,3.8
L81,Portal 20 de Julio,72404,08:57:15,3.8
L81,Portal 20 de Julio,72404,09:01:00,3.8
L81,Portal 20 de Julio,72404,09:05:45,4.8
L81,Portal 20 de Julio,72404,09:10:30,4.8
L81,Portal 20 de Julio,72404,09:15:15,4.8
L81,Portal 20 de Julio,72404,09:20:00,4.8
L81,Portal 20 de Julio,72404,09:24:45,4.8
L81,Portal 20 de Julio,72404,09:29:30,4.8
L81,Portal 20 de Julio,72404,09:34:15,4.8
L81,Portal 20 de Julio,72404,09:39:00,4.8
L81,Portal 20 de Julio,72404,09:43:45,4.8
L81,Portal 20 de Julio,72404,09:48:30,4.8
L81,Portal 20 de Julio,72404,09:53:15,4.8
L81,Portal 20 de Julio,72404,09:58:00,4.8
L81,Portal 20 de Julio,72404,10:02:45,4.8
L81,Portal 20 de Julio,72404,10:07:30,4.8
L81,Portal 20 de Julio,72404,10:12:15,4.8
L81,Portal 20 de Julio,72404,10:17:00,4.8
L81,Portal 20 de Julio,72404,10:21:45,4.8
L81,Portal 20 de Julio,72404,10:26:30,4.8
L81,Portal 20 de Julio,72404,10:31:15,4.8
L81,Portal 20 de Julio,72404,10:36:00,4.8
L81,Portal 20 de Julio,72404,10:40:45,4.8
L81,Portal 20 de Julio,72404,10:45:30,4.8
L81,Portal 20 de Julio,72404,10:50:15,4.8
L81,Portal 20 de Julio,72404,10:55:00,4.8
L81,Portal 20 de Julio,72404,10:59:45,4.8
L81,Portal 20 de Julio,72404,11:04:30,4.8
L81,Portal 20 de Julio,72404,11:09:15,4.8
L81,Portal 20 de Julio,72404,11:14:00,4.8
L81,Portal 20 de Julio,72404,11:18:45,4.8
L81,Portal 20 de Julio,72404,11:23:30,4.8
L81,Portal 20 de Julio,72404,11:28:15,4.8
L81,Portal 20 de Julio,72404,11:33:00,4.8
L81,Portal 20 de Julio,72404,11:37:45,4.8
L81,Portal 20 de Julio,72404,11:42:30,4.8
L81,Portal 20 de Julio,72404,11:47:15,4.8
L81,Portal 20 de Julio,72404,11:52:00,4.8
L81,Portal 20 de Julio,72404,11:56:45,4.8
L81,Portal 20 de Julio,72404,12:01:30,4.8
L81,Portal 20 de Julio,72404,12:06:15,4.8
L81,Portal 20 de Julio,72404,12:11:00,4.8
L81,Portal 20 de Julio,72404,12:15:45,4.8
L81,Portal 20 de Julio,72404,12:20:30,4.8
L81,Portal 20 de Julio,72404,12:25:15,4.8
L81,Portal 20 de Julio,72404,12:30:00,4.8
L81,Portal 20 de Julio,72404,12:34:45,4.8
L81,Portal 20 de Julio,72404,12:39:30,4.8
L81,Portal 20 de Julio,72404,12:44:15,4.8
L81,Portal 20 de Julio,72404,12:49:00,4.8
L81,Portal 20 de Julio,72404,12:53:45,4.8
L81,Portal 20 de Julio,72404,12:58:30,4.8
L81,Portal 20 de Julio,72404,13:03:15,4.8
L81,Portal 20 de Julio,72404,13:08:00,4.8
L81,Portal 20 de Julio,72404,13:12:45,4.8
L81,Portal 20 de Julio,72404,13:17:30,4.8
L81,Portal 20 de Julio,72404,13:22:15,4.8
L81,Portal 20 de Julio,72404,13:27:00,4.8
L81,Portal 20 de Julio,72404,13:31:45,4.8
L81,Portal 20 de Julio,72404,13:36:30,4.8
L81,Portal 20 de Julio,72404,13:41:15,4.8
L81,Portal 20 de Julio,72404,13:46:00,4.8
L81,Portal 20 de Julio,72404,13:50:45,4.8
L81,Portal 20 de Julio,72404,13:55:30,4.8
L81,Portal 20 de Julio,72404,14:00:15,4.8
L81,Portal 20 de Julio,72404,14:05:00,4.8
L81,Portal 20 de Julio,72404,14:09:45,4.8
L81,Portal 20 de Julio,72404,14:14:30,4.8
L81,Portal 20 de Julio,72404,14:19:15,4.8
L81,Portal 20 de Julio,72404,14:24:00,4.8
L81,Portal 20 de Julio,72404,14:28:45,4.8
L81,Portal 20 de Julio,72404,14:33:30,4.8
L81,Portal 20 de Julio,72404,14:38:15,4.8
L81,Portal 20 de Julio,72404,14:43:00,4.8
L81,Portal 20 de Julio,72404,14:47:45,4.8
L81,Portal 20 de Julio,72404,14:52:30,4.8
L81,Portal 20 de Julio,72404,14:57:15,4.8
L81,Portal 20 de Julio,72404,15:02:00,4.8
L81,Portal 20 de Julio,72404,15:06:45,4.8
L81,Portal 20 de Julio,72404,15:11:30,4.8
L81,Portal 20 de Julio,72404,15:16:15,4.8
L81,Portal 20 de Julio,72404,15:21:00,4.8
L81,Portal 20 de Julio,72404,15:25:45,4.8
L81,Portal 20 de Julio,72404,15:30:30,4.8
L81,Portal 20 de Julio,72404,15:35:15,4.8
L81,Portal 20 de Julio,72404,15:40:00,4.8
L81,Portal 20 de Julio,72404,15:44:45,4.8
L81,Portal 20 de Julio,72404,15:49:30,4.8
L81,Portal 20 de Julio,72404,15:54:15,4.8
L81,Portal 20 de Julio,72404,15:59:00,4.8
L81,Portal 20 de Julio,72404,16:03:45,4.8
L81,Portal 20 de Julio,72404,16:08:30,4.8
L81,Portal 20 de Julio,72404,16:13:15,4.8
L81,Portal 20 de Julio,72404,16:18:00,4.8
L81,Portal 20 de Julio,72404,16:22:45,4.8
L81,Portal 20 de Julio,72404,16:27:30,4.8
L81,Portal 20 de Julio,72404,16:32:15,4.8
L81,Portal 20 de Julio,72404,16:37:00,4.8
L81,Portal 20 de Julio,72404,16:41:45,4.8
L81,Portal 20 de Julio,72404,16:46:30,4.8
L81,Portal 20 de Julio,72404,16:51:15,4.8
L81,Portal 20 de Julio,72404,16:56:00,4.8
L81,Portal 20 de Julio,72404,17:00:45,4.8
L81,Portal 20 de Julio,72404,17:04:45,4.0
L81,Portal 20 de Julio,72404,17:08:45,4.0
L81,Portal 20 de Julio,72404,17:12:45,4.0
L81,Portal 20 de Julio,72404,17:16:45,4.0
L81,Portal 20 de Julio,72404,17:20:45,4.0
L81,Portal 20 de Julio,72404,17:24:45,4.0
L81,Portal 20 de Julio,72404,17:28:45,4.0
L81,Portal 20 de Julio,72404,17:32:45,4.0
L81,Portal 20 de Julio,72404,17:36:45,4.0
L81,Portal 20 de Julio,72404,17:40:45,4.0
L81,Portal 20 de Julio,72404,17:44:45,4.0
L81,Portal 20 de Julio,72404,17:48:45,4.0
L81,Portal 20 de Julio,72404,17:52:45,4.0
L81,Portal 20 de Julio,72404,17:56:45,4.0
L81,Portal 20 de Julio,72404,18:00:45,4.0
L81,Portal 20 de Julio,72404,18:05:00,4.2
L81,Portal 20 de Julio,72404,18:09:15,4.2
L81,Portal 20 de Julio,72404,18:13:30,4.2
L81,Portal 20 de Julio,72404,18:17:45,4.2
L81,Portal 20 de Julio,72404,18:22:00,4.2
L81,Portal 20 de Julio,72404,18:26:15,4.2
L81,Portal 20 de Julio,72404,18:30:30,4.2
L81,Portal 20 de Julio,72404,18:34:45,4.2
L81,Portal 20 de Julio,72404,18:39:00,4.2
L81,Portal 20 de Julio,72404,18:43:15,4.2
L81,Portal 20 de Julio,72404,18:47:30,4.2
L81,Portal 20 de Julio,72404,18:51:45,4.2
L81,Portal 20 de Julio,72404,18:56:00,4.2
L81,Portal 20 de Julio,72404,19:00:15,4.2
L81,Portal 20 de Julio,72404,19:04:45,4.5
L81,Portal 20 de Julio,72404,19:09:15,4.5
L81,Portal 20 de Julio,72404,19:13:45,4.5
L81,Portal 20 de Julio,72404,19:18:15,4.5
L81,Portal 20 de Julio,72404,19:22:45,4.5
L81,Portal 20 de Julio,72404,19:27:15,4.5
L81,Portal 20 de Julio,72404,19:31:45,4.5
L81,Portal 20 de Julio,72404,19:36:15,4.5
L81,Portal 20 de Julio,72404,19:40:45,4.5
L81,Portal 20 de Julio,72404,19:45:15,4.5
L81,Portal 20 de Julio,72404,19:49:45,4.5
L81,Portal 20 de Julio,72404,19:54:15,4.5
L81,Portal 20 de Julio,72404,19:58:45,4.5
L81,Portal 20 de Julio,72404,20:03:15,4.5
L81,Portal 20 de Julio,72404,20:08:00,4.8
L81,Portal 20 de Julio,72404,20:12:45,4.8
L81,Portal 20 de Julio,72404,20:17:30,4.8
L81,Portal 20 de Julio,72404,20:22:15,4.8
L81,Portal 20 de Julio,72404,20:27:00,4.8
L81,Portal 20 de Julio,72404,20:31:45,4.8
L81,Portal 20 de Julio,72404,20:36:30,4.8
L81,Portal 20 de Julio,72404,20:41:15,4.8
L81,Portal 20 de Julio,72404,20:46:00,4.8
L81,Portal 20 de Julio,72404,20:50:45,4.8
L81,Portal 20 de Julio,72404,20:55:30,4.8
L81,Portal 20 de Julio,72404,21:00:15,4.8
L81,Portal 20 de Julio,72404,21:05:15,5.0
L81,Portal 20 de Julio,72404,21:10:15,5.0
L81,Portal 20 de Julio,72404,21:15:15,5.0
L81,Portal 20 de Julio,72404,21:20:15,5.0
L81,Portal 20 de Julio,72404,21:25:15,5.0
L81,Portal 20 de Julio,72404,21:30:15,5.0
L81,Portal 20 de Julio,72404,21:35:15,5.0
L81,Portal 20 de Julio,72404,21:40:15,5.0
L81,Portal 20 de Julio,72404,21:45:15,5.0
L81,Portal 20 de Julio,72404,21:50:15,5.0
L81,Portal 20 de Julio,72404,21:55:15,5.0
L81,Portal 20 de Julio,72404,22:00:15,5.0
L81,Portal 20 de Julio,72404,22:10:15,10.0
L81,Portal 20 de Julio,72404,22:20:15,10.0
L81,Portal 20 de Julio,72404,22:30:15,10.0
L81,Portal 20 de Julio,72404,22:40:15,10.0
L81,Portal 20 de Julio,72404,22:50:15,10.0
L81,Portal 20 de Julio,72404,23:00:00,9.8
L81,Portal 20 de Julio,72413,05:30:00,0.0
L81,Portal 20 de Julio,72413,05:33:45,3.8
L81,Portal 20 de Julio,72413,05:39:45,6.0
L81,Portal 20 de Julio,72413,05:45:45,6.0
L81,Portal 20 de Julio,72413,05:51:45,6.0
L81,Portal 20 de Julio,72413,05:57:45,6.0
L81,Portal 20 de Julio,72413,06:03:45,6.0
L81,Portal 20 de Julio,72413,06:09:45,6.0
L81,Portal 20 de Julio,72413,06:15:45,6.0
L81,Portal 20 de Julio,72413,06:21:45,6.0
L81,Portal 20 de Julio,72413,06:27:45,6.0
L81,Portal 20 de Julio,72413,06:33:45,6.0
L81,Portal 20 de Julio,72413,06:39:45,6.0
L81,Portal 20 de Julio,72413,06:45:45,6.0
L81,Portal 20 de Julio,72413,06:51:45,6.0
L81,Portal 20 de Julio,72413,06:57:45,6.0
L81,Portal 20 de Julio,72413,07:03:45,6.0
L81,Portal 20 de Julio,72413,07:11:45,8.0
L81,Portal 20 de Julio,72413,07:19:45,8.0
L81,Portal 20 de Julio,72413,07:27:45,8.0
L81,Portal 20 de Julio,72413,07:35:45,8.0
L81,Portal 20 de Julio,72413,07:43:45,8.0
L81,Portal 20 de Julio,72413,07:51:45,8.0
L81,Portal 20 de Julio,72413,07:59:45,8.0
MC84,M84 KR 7 CLL 73 || C84 Av. Suba K114 D,71475,05:00:00,0.0
MC84,M84 KR 7 CLL 73 || C84 Av. Suba K114 D,71475,05:05:00,5.0
MC84,M84 KR 7 CLL 73 || C84 Av. Suba K114 D,71475,05:10:00,5.0
MC84,M84 KR 7 CLL 73 || C84 Av. Suba K114 D,71475,05:15:00,5.0
MC84,M84 KR 7 CLL 73 || C84 Av. Suba K114 D,71475,05:20:00,5.0
MC84,M84 KR 7 CLL 73 || C84 Av. Suba K114 D,71475,05:25:00,5.0
MC84,M84 KR 7 CLL 73 || C84 Av. Suba K114 D,71475,05:30:00,5.0
MC84,M84 KR 7 CLL 73 || C84 Av. Suba K114 D,71475,05:35:00,5.0
MC84,M84 KR 7 CLL 73 || C84 Av. Suba K114 D,71475,05:40:00,5.0
MC84,M84 KR 7 CLL 73 || C84 Av. Suba K114 D,71475,05:45:00,5.0
MC84,M84 KR 7 CLL 73 || C84 Av. Suba K114 D,71475,05:49:00,4.0
MC84,M84 KR 7 CLL 73 || C84 Av. Suba K114 D,71475,05:53:00,4.0
MC84,M84 KR 7 CLL 73 || C84 Av. Suba K114 D,71475,05:57:00,4.0
MC84,M84 KR 7 CLL 73 || C84 Av. Suba K114 D,71475,06:01:00,4.0
MC84,M84 KR 7 CLL 73 || C84 Av. Suba K114 D,71475,06:05:00,4.0
MC84,M84 KR 7 CLL 73 || C84 Av. Suba K114 D,71475,06:09:00,4.0
MC84,M84 KR 7 CLL 73 || C84 Av. Suba K114 D,71475,06:13:00,4.0
MC84,M84 KR 7 CLL 73 || C84 Av. Suba K114 D,71475,06:17:00,4.0
MC84,M84 KR 7 CLL 73 || C84 Av. Suba K114 D,71475,06:21:00,4.0
MC84,M84 KR 7 CLL 73 || C84 Av. Suba K114 D,71475,06:25:00,4.0
MC84,M84 KR 7 CLL 73 || C84 Av. Suba K114 D,71475,06:29:00,4.0
MC84,M84 KR 7 CLL 73 || C84 Av. Suba K114 D,71475,06:33:00,4.0
MC84,M84 KR 7 CLL 73 || C84 Av. Suba K114 D,71475,06:38:15,5.2
MC84,M84 KR 7 CLL 73 || C84 Av. Suba K114 D,71475,06:43:30,5.2
MC84,M84 KR 7 CLL 73 || C84 Av. Suba K114 D,71475,06:48:45,5.2
MC84,M84 KR 7 CLL 73 || C84 Av. Suba K114 D,71475,06:54:00,5.2
MC84,M84 KR 7 CLL 73 || C84 Av. Suba K114 D,71475,06:59:15,5.2
MC84,M84 KR 7 CLL 73 || C84 Av. Suba K114 D,71475,07:04:30,5.2
MC84,M84 KR 7 CLL 73 || C84 Av. Suba K114 D,71475,07:09:30,5.0
MC84,M84 KR 7 CLL 73 || C84 Av. Suba K114 D,71475,07:14:30,5.0
MC84,M84 KR 7 CLL 73 || C84 Av. Suba K114 D,71475,07:19:30,5.0
MC84,M84 KR 7 CLL 73 || C84 Av. Suba K114 D,71475,07:24:30,5.0
MC84,M84 KR 7 CLL 73 || C84 Av. Suba K114 D,71475,07:29:30,5.0
MC84,M84 KR 7 CLL 73 || C84 Av. Suba K114 D,71475,07:34:30,5.0
MC84,M84 KR 7 CLL 73 || C84 Av. Suba K114 D,71475,07:39:30,5.0
MC84,M84 KR 7 CLL 73 || C84 Av. Suba K114 D,71475,07:44:30,5.0
MC84,M84 KR 7 CLL 73 || C84 Av. Suba K114 D,71475,07:49:30,5.0
MC84,M84 KR 7 CLL 73 || C84 Av. Suba K114 D,71475,07:54:30,5.0
MC84,M84 KR 7 CLL 73 || C84 Av. Suba K114 D,71475,07:59:30,5.0
MC84,M84 KR 7 CLL 73 || C84 Av. Suba K114 D,71475,08:04:30,5.0
MC84,M84 KR 7 CLL 73 || C84 Av. Suba K114 D,71475,08:09:30,5.0
MC84,M84 KR 7 CLL 73 || C84 Av. Suba K114 D,71475,08:14:30,5.0
MC84,M84 KR 7 CLL 73 || C84 Av. Suba K114 D,71475,08:19:30,5.0
MC84,M84 KR 7 CLL 73 || C84 Av. Suba K114 D,71475,08:24:30,5.0
MC84,M84 KR 7 CLL 73 || C84 Av. Suba K114 D,71475,08:29:30,5.0
MC84,M84 KR 7 CLL 73 || C84 Av. Suba K114 D,71475,08:34:30,5.0
MC84,M84 KR 7 CLL 73 || C84 Av. Suba K114 D,71475,08:39:30,5.0
MC84,M84 KR 7 CLL 73 || C84 Av. Suba K114 D,71475,08:44:30,5.0
MC84,M84 KR 7 CLL 73 || C84 Av. Suba K114 D,71475,08:49:30,5.0
MC84,M84 KR 7 CLL 73 || C84 Av. Suba K114 D,71475,08:54:30,5.0
MC84,M84 KR 7 CLL 73 || C84 Av. Suba K114 D,71475,08:59:30,5.0
MC84,M84 KR 7 CLL 73 || C84 Av. Suba K114 D,71475,09:04:30,5.0
MC84,M84 KR 7 CLL 73 || C84 Av. Suba K114 D,71475,09:09:30,5.0
MC84,M84 KR 7 CLL 73 || C84 Av. Suba K114 D,71475,09:14:30,5.0
MC84,M84 KR 7 CLL 73 || C84 Av. Suba K114 D,71475,09:19:30,5.0
MC84,M84 KR 7 CLL 73 || C84 Av. Suba K114 D,71475,09:26:15,6.8
MC84,M84 KR 7 CLL 73 || C84 Av. Suba K114 D,71475,09:33:00,6.8
MC84,M84 KR 7 CLL 73 || C84 Av. Suba K114 D,71475,09:39:45,6.8
MC84,M84 KR 7 CLL 73 || C84 Av. Suba K114 D,71475,09:46:30,6.8
MC84,M84 KR 7 CLL 73 || C84 Av. Suba K114 D,71475,09:53:15,6.8
MC84,M84 KR 7 CLL 73 || C84 Av. Suba K114 D,71475,10:00:00,6.8
MC84,M84 KR 7 CLL 73 || C84 Av. Suba K114 D,71475,10:06:45,6.8
MC84,M84 KR 7 CLL 73 || C84 Av. Suba K114 D,71475,10:13:30,6.8
MC84,M84 KR 7 CLL 73 || C84 Av. Suba K114 D,71475,10:20:15,6.8
MC84,M84 KR 7 CLL 73 || C84 Av. Suba K114 D,71475,10:27:00,6.8
MC84,M84 KR 7 CLL 73 || C84 Av. Suba K114 D,71475,10:33:45,6.8
MC84,M84 KR 7 CLL 73 || C84 Av. Suba K114 D,71475,10:40:30,6.8
MC84,M84 KR 7 CLL 73 || C84 Av. Suba K114 D,71475,10:47:15,6.8
MC84,M84 KR 7 CLL 73 || C84 Av. Suba K114 D,71475,10:54:00,6.8
MC84,M84 KR 7 CLL 73 || C84 Av. Suba K114 D,71475,11:00:45,6.8
MC84,M84 KR 7 CLL 73 || C84 Av. Suba K114 D,71475,11:07:30,6.8
MC84,M84 KR 7 CLL 73 || C84 Av. Suba K114 D,71475,11:14:15,6.8
MC84,M84 KR 7 CLL 73 || C84 Av. Suba K114 D,71475,11:21:00,6.8
MC84,M84 KR 7 CLL 73 || C84 Av. Suba K114 D,71475,11:27:45,6.8
MC84,M84 KR 7 CLL 73 || C84 Av. Suba K114 D,71475,11:34:30,6.8
MC84,M84 KR 7 CLL 73 || C84 Av. Suba K114 D,71475,11:41:15,6.8
MC84,M84 KR 7 CLL 73 || C84 Av. Suba K114 D,71475,11:48:00,6.8
MC84,M84 KR 7 CLL 73 || C84 Av. Suba K114 D,71475,11:54:45,6.8
MC84,M84 KR 7 CLL 73 || C84 Av. Suba K114 D,71475,12:01:30,6.8
MC84,M84 KR 7 CLL 73 || C84 Av. Suba K114 D,71475,12:08:15,6.8
MC84,M84 KR 7 CLL 73 || C84 Av. Suba K114 D,71475,12:15:00,6.8
MC84,M84 KR 7 CLL 73 || C84 Av. Suba K114 D,71475,12:21:45,6.8
MC84,M84 KR 7 CLL 73 || C84 Av. Suba K114 D,71475,12:28:30,6.8
MC84,M84 KR 7 CLL 73 || C84 Av. Suba K114 D,71475,12:35:15,6.8
MC84,M84 KR 7 CLL 73 || C84 Av. Suba K114 D,71475,12:42:00,6.8
MC84,M84 KR 7 CLL 73 || C84 Av. Suba K114 D,71475,12:48:45,6.8
MC84,M84 KR 7 CLL 73 || C84 Av. Suba K114 D,71475,12:55:30,6.8
MC84,M84 KR 7 CLL 73 || C84 Av. Suba K114 D,71475,13:02:15,6.8
MC84,M84 KR 7 CLL 73 || C84 Av. Suba K114 D,71475,13:09:00,6.8
MC84,M84 KR 7 CLL 73 || C84 Av. Suba K114 D,71475,13:15:45,6.8
MC84,M84 KR 7 CLL 73 || C84 Av. Suba K114 D,71475,13:22:30,6.8
MC84,M84 KR 7 CLL 73 || C84 Av. Suba K114 D,71475,13:29:15,6.8
MC84,M84 KR 7 CLL 73 || C84 Av. Suba K114 D,71475,13:36:00,6.8
MC84,M84 KR 7 CLL 73 || C84 Av. Suba K114 D,71475,13:42:45,6.8
MC84,M84 KR 7 CLL 73 || C84 Av. Suba K114 D,71475,13:49:30,6.8
MC84,M84 KR 7 CLL 73 || C84 Av. Suba K114 D,71475,13:56:15,6.8
MC84,M84 KR 7 CLL 73 || C84 Av. Suba K114 D,71475,14:03:00,6.8
MC84,M84 KR 7 CLL 73 || C84 Av. Suba K114 D,71475,14:09:45,6.8
MC84,M84 KR 7 CLL 73 || C84 Av. Suba K114 D,71475,14:16:30,6.8
MC84,M84 KR 7 CLL 73 || C84 Av. Suba K114 D,71475,14:23:15,6.8
MC84,M84 KR 7 CLL 73 || C84 Av. Suba K114 D,71475,14:30:00,6.8
MC84,M84 KR 7 CLL 73 || C84 Av. Suba K114 D,71475,14:36:45,6.8
MC84,M84 KR 7 CLL 73 || C84 Av. Suba K114 D,71475,14:43:30,6.8
MC84,M84 KR 7 CLL 73 || C84 Av. Suba K114 D,71475,14:50:15,6.8
MC84,M84 KR 7 CLL 73 || C84 Av. Suba K114 D,71475,14:57:00,6.8
MC84,M84 KR 7 CLL 73 || C84 Av. Suba K114 D,71475,15:03:45,6.8
MC84,M84 KR 7 CLL 73 || C84 Av. Suba K114 D,71475,15:10:30,6.8
MC84,M84 KR 7 CLL 73 || C84 Av. Suba K114 D,71475,15:17:15,6.8
MC84,M84 KR 7 CLL 73 || C84 Av. Suba K114 D,71475,15:24:00,6.8
MC84,M84 KR 7 CLL 73 || C84 Av. Suba K114 D,71475,15:30:45,6.8
MC84,M84 KR 7 CLL 73 || C84 Av. Suba K114 D,71475,15:37:30,6.8
MC84,M84 KR 7 CLL 73 || C84 Av. Suba K114 D,71475,15:44:15,6.8
MC84,M84 KR 7 CLL 73 || C84 Av. Suba K114 D,71475,15:51:00,6.8
MC84,M84 KR 7 CLL 73 || C84 Av. Suba K114 D,71475,15:57:45,6.8
MC84,M84 KR 7 CLL 73 || C84 Av. Suba K114 D,71475,16:04:30,6.8
MC84,M84 KR 7 CLL 73 || C84 Av. Suba K114 D,71475,16:09:00,4.5
MC84,M84 KR 7 CLL 73 || C84 Av. Suba K114 D,71475,16:13:30,4.5
MC84,M84 KR 7 CLL 73 || C84 Av. Suba K114 D,71475,16:18:00,4.5
MC84,M84 KR 7 CLL 73 || C84 Av. Suba K114 D,71475,16:22:30,4.5
MC84,M84 KR 7 CLL 73 || C84 Av. Suba K114 D,71475,16:27:00,4.5
MC84,M84 KR 7 CLL 73 || C84 Av. Suba K114 D,71475,16:31:30,4.5
MC84,M84 KR 7 CLL 73 || C84 Av. Suba K114 D,71475,16:36:00,4.5
MC84,M84 KR 7 CLL 73 || C84 Av. Suba K114 D,71475,16:40:30,4.5
MC84,M84 KR 7 CLL 73 || C84 Av. Suba K114 D,71475,16:45:00,4.5
MC84,M84 KR 7 CLL 73 || C84 Av. Suba K114 D,71475,16:49:30,4.5
MC84,M84 KR 7 CLL 73 || C84 Av. Suba K114 D,71475,16:54:00,4.5
MC84,M84 KR 7 CLL 73 || C84 Av. Suba K114 D,71475,16:58:30,4.5
MC84,M84 KR 7 CLL 73 || C84 Av. Suba K114 D,71475,17:03:00,4.5
MC84,M84 KR 7 CLL 73 || C84 Av. Suba K114 D,71475,17:07:30,4.5
MC84,M84 KR 7 CLL 73 || C84 Av. Suba K114 D,71475,17:12:00,4.5
MC84,M84 KR 7 CLL 73 || C84 Av. Suba K114 D,71475,17:16:30,4.5
MC84,M84 KR 7 CLL 73 || C84 Av. Suba K114 D,71475,17:21:00,4.5
MC84,M84 KR 7 CLL 73 || C84 Av. Suba K114 D,71475,17:25:30,4.5
MC84,M84 KR 7 CLL 73 || C84 Av. Suba K114 D,71475,17:30:00,4.5
MC84,M84 KR 7 CLL 73 || C84 Av. Suba K114 D,71475,17:34:30,4.5
MC84,M84 KR 7 CLL 73 || C84 Av. Suba K114 D,71475,17:39:00,4.5
MC84,M84 KR 7 CLL 73 || C84 Av. Suba K114 D,71475,17:43:30,4.5
MC84,M84 KR 7 CLL 73 || C84 Av. Suba K114 D,71475,17:48:00,4.5
MC84,M84 KR 7 CLL 73 || C84 Av. Suba K114 D,71475,17:52:30,4.5
MC84,M84 KR 7 CLL 73 || C84 Av. Suba K114 D,71475,17:57:00,4.5
MC84,M84 KR 7 CLL 73 || C84 Av. Suba K114 D,71475,18:01:30,4.5
MC84,M84 KR 7 CLL 73 || C84 Av. Suba K114 D,71475,18:06:00,4.5
MC84,M84 KR 7 CLL 73 || C84 Av. Suba K114 D,71475,18:10:30,4.5
MC84,M84 KR 7 CLL 73 || C84 Av. Suba K114 D,71475,18:15:00,4.5
MC84,M84 KR 7 CLL 73 || C84 Av. Suba K114 D,71475,18:19:30,4.5
MC84,M84 KR 7 CLL 73 || C84 Av. Suba K114 D,71475,18:24:00,4.5
MC84,M84 KR 7 CLL 73 || C84 Av. Suba K114 D,71475,18:28:30,4.5
MC84,M84 KR 7 CLL 73 || C84 Av. Suba K114 D,71475,18:33:00,4.5
MC84,M84 KR 7 CLL 73 || C84 Av. Suba K114 D,71475,18:37:30,4.5
MC84,M84 KR 7 CLL 73 || C84 Av. Suba K114 D,71475,18:42:00,4.5
MC84,M84 KR 7 CLL 73 || C84 Av. Suba K114 D,71475,18:46:30,4.5
MC84,M84 KR 7 CLL 73 || C84 Av. Suba K114 D,71475,18:51:00,4.5
MC84,M84 KR 7 CLL 73 || C84 Av. Suba K114 D,71475,18:55:30,4.5
MC84,M84 KR 7 CLL 73 || C84 Av. Suba K114 D,71475,19:00:00,4.5
MC84,M84 KR 7 CLL 73 || C84 Av. Suba K114 D,71475,19:04:30,4.5
MC84,M84 KR 7 CLL 73 || C84 Av. Suba K114 D,71475,19:09:00,4.5
MC84,M84 KR 7 CLL 73 || C84 Av. Suba K114 D,71475,19:13:30,4.5
MC84,M84 KR 7 CLL 73 || C84 Av. Suba K114 D,71475,19:18:00,4.5
MC84,M84 KR 7 CLL 73 || C84 Av. Suba K114 D,71475,19:22:30,4.5
MC84,M84 KR 7 CLL 73 || C84 Av. Suba K114 D,71475,19:27:00,4.5
MC84,M84 KR 7 CLL 73 || C84 Av. Suba K114 D,71475,19:31:30,4.5
MC84,M84 KR 7 CLL 73 || C84 Av. Suba K114 D,71475,19:36:00,4.5
MC84,M84 KR 7 CLL 73 || C84 Av. Suba K114 D,71475,19:40:30,4.5
MC84,M84 KR 7 CLL 73 || C84 Av. Suba K114 D,71475,19:45:00,4.5
MC84,M84 KR 7 CLL 73 || C84 Av. Suba K114 D,71475,19:49:30,4.5
MC84,M84 KR 7 CLL 73 || C84 Av. Suba K114 D,71475,19:54:00,4.5
MC84,M84 KR 7 CLL 73 || C84 Av. Suba K114 D,71475,19:58:30,4.5
MC84,M84 KR 7 CLL 73 || C84 Av. Suba K114 D,71475,20:03:00,4.5
MC84,M84 KR 7 CLL 73 || C84 Av. Suba K114 D,71475,20:07:30,4.5
MC84,M84 KR 7 CLL 73 || C84 Av. Suba K114 D,71475,20:12:00,4.5
MC84,M84 KR 7 CLL 73 || C84 Av. Suba K114 D,71475,20:16:30,4.5
MC84,M84 KR 7 CLL 73 || C84 Av. Suba K114 D,71475,20:21:00,4.5
MC84,M84 KR 7 CLL 73 || C84 Av. Suba K114 D,71475,20:25:30,4.5
MC84,M84 KR 7 CLL 73 || C84 Av. Suba K114 D,71475,20:30:00,4.5
MC84,M84 KR 7 CLL 73 || C84 Av. Suba K114 D,71475,20:34:30,4.5
MC84,M84 KR 7 CLL 73 || C84 Av. Suba K114 D,71475,20:39:00,4.5
MC84,M84 KR 7 CLL 73 || C84 Av. Suba K114 D,71475,20:43:30,4.5
MC84,M84 KR 7 CLL 73 || C84 Av. Suba K114 D,71475,20:48:00,4.5
MC84,M84 KR 7 CLL 73 || C84 Av. Suba K114 D,71475,20:52:30,4.5
MC84,M84 KR 7 CLL 73 || C84 Av. Suba K114 D,71475,20:57:00,4.5
MC84,M84 KR 7 CLL 73 || C84 Av. Suba K114 D,71475,21:01:30,4.5
MC84,M84 KR 7 CLL 73 || C84 Av. Suba K114 D,71475,21:07:45,6.2
MC84,M84 KR 7 CLL 73 || C84 Av. Suba K114 D,71475,21:14:00,6.2
MC84,M84 KR 7 CLL 73 || C84 Av. Suba K114 D,71475,21:20:15,6.2
MC84,M84 KR 7 CLL 73 || C84 Av. Suba K114 D,71475,21:26:30,6.2
MC84,M84 KR 7 CLL 73 || C84 Av. Suba K114 D,71475,21:32:45,6.2
MC84,M84 KR 7 CLL 73 || C84 Av. Suba K114 D,71475,21:39:00,6.2
MC84,M84 KR 7 CLL 73 || C84 Av. Suba K114 D,71475,21:45:15,6.2
MC84,M84 KR 7 CLL 73 || C84 Av. Suba K114 D,71475,21:51:30,6.2
MC84,M84 KR 7 CLL 73 || C84 Av. Suba K114 D,71475,21:57:45,6.2
MC84,M84 KR 7 CLL 73 || C84 Av. Suba K114 D,71475,22:04:00,6.2
MC84,M84 KR 7 CLL 73 || C84 Av. Suba K114 D,71475,22:11:00,7.0
MC84,M84 KR 7 CLL 73 || C84 Av. Suba K114 D,71475,22:18:15,7.2
MC84,M84 KR 7 CLL 73 || C84 Av. Suba K114 D,71475,22:25:30,7.2
MC84,M84 KR 7 CLL 73 || C84 Av. Suba K114 D,71475,22:32:45,7.2
MC84,M84 KR 7 CLL 73 || C84 Av. Suba K114 D,71475,22:40:00,7.2
MC84,M84 KR 7 CLL 73 || C84 Av. Suba K114 D,71475,22:47:15,7.2
MC84,M84 KR 7 CLL 73 || C84 Av. Suba K114 D,71475,22:53:30,6.2
MC84,M84 KR 7 CLL 73 || C84 Av. Suba K114 D,71475,23:00:00,6.5
MC84,M84 KR 7 CLL 73 || C84 Av. Suba K114 D,71476,06:00:45,0.0
MC84,M84 KR 7 CLL 73 || C84 Av. Suba K114 D,71476,06:12:15,11.5
MC84,M84 KR 7 CLL 73 || C84 Av. Suba K114 D,71476,06:24:45,12.5
MC84,M84 KR 7 CLL 73 || C84 Av. Suba K114 D,71476,06:35:45,11.0
MC84,M84 KR 7 CLL 73 || C84 Av. Suba K114 D,71476,06:46:30,10.8
MC84,M84 KR 7 CLL 73 || C84 Av. Suba K114 D,71476,06:58:45,12.2
MC84,M84 KR 7 CLL 73 || C84 Av. Suba K114 D,71476,07:09:00,10.2
MC84,M84 KR 7 CLL 73 || C84 Av. Suba K114 D,71476,07:20:15,11.2
MC84,M84 KR 7 CLL 73 || C84 Av. Suba K114 D,71476,07:31:00,10.8
MC84,M84 KR 7 CLL 73 || C84 Av. Suba K114 D,71476,07:39:15,8.2
MC84,M84 KR 7 CLL 73 || C84 Av. Suba K114 D,71476,07:58:30,19.2
MC84,M84 KR 7 CLL 73 || C84 Av. Suba K114 D,71476,08:19:15,20.8
B16,Terminal,61882,17:00:00,0.0
B16,Terminal,61882,17:03:45,3.8
B16,Terminal,61882,17:12:15,8.5
B16,Terminal,61882,17:20:15,8.0
B16,Terminal,61882,17:28:15,8.0
B16,Terminal,61882,17:36:30,8.2
B16,Terminal,61882,17:44:30,8.0
B16,Terminal,61882,17:52:30,8.0
B16,Terminal,61882,18:00:30,8.0
B16,Terminal,61882,18:08:45,8.2
B16,Terminal,61882,18:16:45,8.0
B16,Terminal,61882,18:24:45,8.0
B16,Terminal,73233,05:30:00,0.0
B16,Terminal,73233,05:35:30,5.5
B16,Terminal,73233,05:41:00,5.5
B16,Terminal,73233,05:46:30,5.5
B16,Terminal,73233,05:52:00,5.5
B16,Terminal,73233,05:57:30,5.5
B16,Terminal,73233,06:03:00,5.5
B16,Terminal,73233,06:08:30,5.5
B16,Terminal,73233,06:14:00,5.5
B16,Terminal,73233,06:19:30,5.5
B16,Terminal,73233,06:25:00,5.5
B16,Terminal,73233,06:30:30,5.5
B16,Terminal,73233,06:35:45,5.2
B16,Terminal,73233,06:41:00,5.2
B16,Terminal,73233,06:46:15,5.2
B16,Terminal,73233,06:51:15,5.0
B16,Terminal,73233,06:56:15,5.0
B16,Terminal,73233,07:01:15,5.0
B16,Terminal,73233,07:06:15,5.0
B16,Terminal,73233,07:11:15,5.0
B16,Terminal,73233,07:16:15,5.0
B16,Terminal,73233,07:21:15,5.0
B16,Terminal,73233,07:26:15,5.0
B16,Terminal,73233,07:31:15,5.0
B16,Terminal,73233,07:36:15,5.0
B16,Terminal,73233,07:41:15,5.0
B16,Terminal,73233,07:46:15,5.0
B16,Terminal,73233,07:51:15,5.0
B16,Terminal,73233,07:56:15,5.0
B16,Terminal,73233,08:01:15,5.0
B16,Terminal,73233,08:06:15,5.0
B16,Terminal,73233,08:11:15,5.0
B16,Terminal,73233,08:16:15,5.0
B16,Terminal,73233,08:21:15,5.0
B16,Terminal,73233,08:26:15,5.0
B16,Terminal,73233,08:31:15,5.0
B16,Terminal,73233,08:37:45,6.5
B16,Terminal,73233,08:44:15,6.5
B16,Terminal,73233,08:50:45,6.5
B16,Terminal,73233,08:57:15,6.5
B16,Terminal,73233,09:03:45,6.5
B16,Terminal,73233,09:10:15,6.5
B16,Terminal,73233,09:16:45,6.5
B16,Terminal,73233,09:23:15,6.5
B16,Terminal,73233,09:29:45,6.5
B16,Terminal,73233,09:36:15,6.5
B16,Terminal,73233,09:42:45,6.5
B16,Terminal,73233,09:49:15,6.5
B16,Terminal,73233,09:55:45,6.5
B16,Terminal,73233,10:02:15,6.5
B16,Terminal,73233,10:08:45,6.5
B16,Terminal,73233,10:15:15,6.5
B16,Terminal,73233,10:21:45,6.5
B16,Terminal,73233,10:28:15,6.5
B16,Terminal,73233,10:34:45,6.5
B16,Terminal,73233,10:41:15,6.5
B16,Terminal,73233,10:47:45,6.5
B16,Terminal,73233,10:54:15,6.5
B16,Terminal,73233,11:00:45,6.5
B16,Terminal,73233,11:07:15,6.5
B16,Terminal,73233,11:13:45,6.5
B16,Terminal,73233,11:20:15,6.5
B16,Terminal,73233,11:26:45,6.5
B16,Terminal,73233,11:33:15,6.5
B16,Terminal,73233,11:39:45,6.5
B16,Terminal,73233,11:46:15,6.5
B16,Terminal,73233,11:52:45,6.5
B16,Terminal,73233,11:59:15,6.5
B16,Terminal,73233,12:05:45,6.5
B16,Terminal,73233,12:12:15,6.5
B16,Terminal,73233,12:18:45,6.5
B16,Terminal,73233,12:25:15,6.5
B16,Terminal,73233,12:31:45,6.5
B16,Terminal,73233,12:38:15,6.5
B16,Terminal,73233,12:44:45,6.5
B16,Terminal,73233,12:51:15,6.5
B16,Terminal,73233,12:57:45,6.5
B16,Terminal,73233,13:04:15,6.5
B16,Terminal,73233,13:10:45,6.5
B16,Terminal,73233,13:17:15,6.5
B16,Terminal,73233,13:23:45,6.5
B16,Terminal,73233,13:30:15,6.5
B16,Terminal,73233,13:36:45,6.5
B16,Terminal,73233,13:43:15,6.5
B16,Terminal,73233,13:49:45,6.5
B16,Terminal,73233,13:56:15,6.5
B16,Terminal,73233,14:02:45,6.5
B16,Terminal,73233,14:09:15,6.5
B16,Terminal,73233,14:15:45,6.5
B16,Terminal,73233,14:22:15,6.5
B16,Terminal,73233,14:28:45,6.5
B16,Terminal,73233,14:35:15,6.5
B16,Terminal,73233,14:41:45,6.5
B16,Terminal,73233,14:48:15,6.5
B16,Terminal,73233,14:54:45,6.5
B16,Terminal,73233,15:01:15,6.5
B16,Terminal,73233,15:07:45,6.5
B16,Terminal,73233,15:14:15,6.5
B16,Terminal,73233,15:20:45,6.5
B16,Terminal,73233,15:27:15,6.5
B16,Terminal,73233,15:33:45,6.5
B16,Terminal,73233,15:39:30,5.8
B16,Terminal,73233,15:45:15,5.8
B16,Terminal,73233,15:50:15,5.0
B16,Terminal,73233,15:55:15,5.0
B16,Terminal,73233,16:00:15,5.0
B16,Terminal,73233,16:05:15,5.0
B16,Terminal,73233,16:10:15,5.0
B16,Terminal,73233,16:15:15,5.0
B16,Terminal,73233,16:19:30,4.2
B16,Terminal,73233,16:23:45,4.2
B16,Terminal,73233,16:28:00,4.2
B16,Terminal,73233,16:32:15,4.2
B16,Terminal,73233,16:36:00,3.8
B16,Terminal,73233,16:39:45,3.8
B16,Terminal,73233,16:43:30,3.8
B16,Terminal,73233,16:47:15,3.8
B16,Terminal,73233,16:51:00,3.8
B16,Terminal,73233,16:54:45,3.8
B16,Terminal,73233,16:58:30,3.8
B16,Terminal,73233,17:02:15,3.8
B16,Terminal,73233,17:06:00,3.8
B16,Terminal,73233,17:09:45,3.8
B16,Terminal,73233,17:13:30,3.8
B16,Terminal,73233,17:17:15,3.8
B16,Terminal,73233,17:21:00,3.8
B16,Terminal,73233,17:24:45,3.8
B16,Terminal,73233,17:28:30,3.8
B16,Terminal,73233,17:32:15,3.8
B16,Terminal,73233,17:36:00,3.8
B16,Terminal,73233,17:39:45,3.8
B16,Terminal,73233,17:43:30,3.8
B16,Terminal,73233,17:47:15,3.8
B16,Terminal,73233,17:51:00,3.8
B16,Terminal,73233,17:54:45,3.8
B16,Terminal,73233,17:58:30,3.8
B16,Terminal,73233,18:02:15,3.8
B16,Terminal,73233,18:06:00,3.8
B16,Terminal,73233,18:09:45,3.8
B16,Terminal,73233,18:13:30,3.8
B16,Terminal,73233,18:17:15,3.8
B16,Terminal,73233,18:21:00,3.8
B16,Terminal,73233,18:24:45,3.8
B16,Terminal,73233,18:28:30,3.8
B16,Terminal,73233,18:32:15,3.8
B16,Terminal,73233,18:36:15,4.0
B16,Terminal,73233,18:40:15,4.0
B16,Terminal,73233,18:44:15,4.0
B16,Terminal,73233,18:48:15,4.0
B16,Terminal,73233,18:52:15,4.0
B16,Terminal,73233,18:56:15,4.0
B16,Terminal,73233,19:00:15,4.0
B16,Terminal,73233,19:04:15,4.0
B16,Terminal,73233,19:08:15,4.0
B16,Terminal,73233,19:12:15,4.0
B16,Terminal,73233,19:16:15,4.0
B16,Terminal,73233,19:21:00,4.8
B16,Terminal,73233,19:25:45,4.8
B16,Terminal,73233,19:30:30,4.8
B16,Terminal,73233,19:36:00,5.5
B16,Terminal,73233,19:41:30,5.5
B16,Terminal,73233,19:47:00,5.5
B16,Terminal,73233,19:53:15,6.2
B16,Terminal,73233,19:59:30,6.2
B16,Terminal,73233,20:05:45,6.2
B16,Terminal,73233,20:13:15,7.5
B16,Terminal,73233,20:20:45,7.5
B16,Terminal,73233,20:28:15,7.5
B16,Terminal,73233,20:35:45,7.5
B16,Terminal,73233,20:43:15,7.5
B16,Terminal,73233,20:50:45,7.5
B16,Terminal,73233,20:58:15,7.5
B16,Terminal,73233,21:05:45,7.5
B16,Terminal,73233,21:13:15,7.5
B16,Terminal,73233,21:20:45,7.5
B16,Terminal,73233,21:28:00,7.2
B16,Terminal,73233,21:35:30,7.5
B16,Terminal,73233,21:42:45,7.2
B16,Terminal,73233,21:50:00,7.2
B16,Terminal,73233,21:58:15,8.2
B16,Terminal,73233,22:05:00,6.8
B16,Terminal,73233,22:12:30,7.5
B16,Terminal,73233,22:21:15,8.8
B16,Terminal,73233,22:30:00,8.8
K10,P. ELDORADO,61966,04:00:00,0.0
K10,P. ELDORADO,61966,04:07:00,7.0
K10,P. ELDORADO,61966,04:14:00,7.0
K10,P. ELDORADO,61966,04:21:00,7.0
K10,P. ELDORADO,61966,04:28:00,7.0
K10,P. ELDORADO,61966,04:35:00,7.0
K10,P. ELDORADO,61966,04:41:45,6.8
K10,P. ELDORADO,61966,04:48:30,6.8
K10,P. ELDORADO,61966,04:55:00,6.5
K10,P. ELDORADO,61966,05:01:30,6.5
K10,P. ELDORADO,61966,05:06:45,5.2
K10,P. ELDORADO,61966,05:12:00,5.2
K10,P. ELDORADO,61966,05:17:15,5.2
K10,P. ELDORADO,61966,05:20:45,3.5
K10,P. ELDORADO,61966,05:24:15,3.5
K10,P. ELDORADO,61966,05:27:45,3.5
K10,P. ELDORADO,61966,05:31:15,3.5
K10,P. ELDORADO,61966,05:34:45,3.5
K10,P. ELDORADO,61966,05:38:15,3.5
K10,P. ELDORADO,61966,05:41:45,3.5
K10,P. ELDORADO,61966,05:45:15,3.5
K10,P. ELDORADO,61966,05:48:45,3.5
K10,P. ELDORADO,61966,05:52:15,3.5
K10,P. ELDORADO,61966,05:55:45,3.5
K10,P. ELDORADO,61966,05:59:15,3.5
K10,P. ELDORADO,61966,06:02:45,3.5
K10,P. ELDORADO,61966,06:06:15,3.5
K10,P. ELDORADO,61966,06:09:45,3.5
K10,P. ELDORADO,61966,06:13:15,3.5
K10,P. ELDORADO,61966,06:16:45,3.5
K10,P. ELDORADO,61966,06:20:15,3.5
K10,P. ELDORADO,61966,06:23:45,3.5
K10,P. ELDORADO,61966,06:27:15,3.5
K10,P. ELDORADO,61966,06:30:45,3.5
K10,P. ELDORADO,61966,06:34:15,3.5
K10,P. ELDORADO,61966,06:37:45,3.5
K10,P. ELDORADO,61966,06:41:15,3.5
K10,P. ELDORADO,61966,06:44:45,3.5
K10,P. ELDORADO,61966,06:48:15,3.5
K10,P. ELDORADO,61966,06:51:45,3.5
K10,P. ELDORADO,61966,06:55:15,3.5
K10,P. ELDORADO,61966,06:58:45,3.5
K10,P. ELDORADO,61966,07:02:15,3.5
K10,P. ELDORADO,61966,07:05:45,3.5
K10,P. ELDORADO,61966,07:09:15,3.5
K10,P. ELDORADO,61966,07:12:45,3.5
K10,P. ELDORADO,61966,07:16:15,3.5
K10,P. ELDORADO,61966,07:19:45,3.5
K10,P. ELDORADO,61966,07:23:15,3.5
K10,P. ELDORADO,61966,07:26:45,3.5
K10,P. ELDORADO,61966,07:30:15,3.5
K10,P. ELDORADO,61966,07:33:45,3.5
K10,P. ELDORADO,61966,07:37:15,3.5
K10,P. ELDORADO,61966,07:40:45,3.5
K10,P. ELDORADO,61966,07:44:15,3.5
K10,P. ELDORADO,61966,07:47:45,3.5
K10,P. ELDORADO,61966,07:51:15,3.5
K10,P. ELDORADO,61966,07:54:45,3.5
K10,P. ELDORADO,61966,07:58:15,3.5
K10,P. ELDORADO,61966,08:01:45,3.5
K10,P. ELDORADO,61966,08:05:45,4.0
K10,P. ELDORADO,61966,08:09:45,4.0
K10,P. ELDORADO,61966,08:13:45,4.0
K10,P. ELDORADO,61966,08:17:45,4.0
K10,P. ELDORADO,61966,08:22:45,5.0
K10,P. ELDORADO,61966,08:27:45,5.0
K10,P. ELDORADO,61966,08:32:45,5.0
K10,P. ELDORADO,61966,08:38:30,5.8
K10,P. ELDORADO,61966,08:44:15,5.8
K10,P. ELDORADO,61966,08:50:00,5.8
K10,P. ELDORADO,61966,08:56:00,6.0
K10,P. ELDORADO,61966,09:02:00,6.0
K10,P. ELDORADO,61966,09:08:00,6.0
K10,P. ELDORADO,61966,09:14:00,6.0
K10,P. ELDORADO,61966,09:20:00,6.0
K10,P. ELDORADO,61966,09:26:00,6.0
K10,P. ELDORADO,61966,09:32:00,6.0
K10,P. ELDORADO,61966,09:38:00,6.0
K10,P. ELDORADO,61966,09:44:00,6.0
K10,P. ELDORADO,61966,09:50:00,6.0
K10,P. ELDORADO,61966,09:56:00,6.0
K10,P. ELDORADO,61966,10:02:00,6.0
K10,P. ELDORADO,61966,10:08:00,6.0
K10,P. ELDORADO,61966,10:14:00,6.0
K10,P. ELDORADO,61966,10:20:00,6.0
K10,P. ELDORADO,61966,10:26:00,6.0
K10,P. ELDORADO,61966,10:32:00,6.0
K10,P. ELDORADO,61966,10:38:00,6.0
K10,P. ELDORADO,61966,10:44:00,6.0
K10,P. ELDORADO,61966,10:50:00,6.0
K10,P. ELDORADO,61966,10:56:00,6.0
K10,P. ELDORADO,61966,11:02:00,6.0
K10,P. ELDORADO,61966,11:08:00,6.0
K10,P. ELDORADO,61966,11:14:00,6.0
K10,P. ELDORADO,61966,11:20:00,6.0
K10,P. ELDORADO,61966,11:26:00,6.0
K10,P. ELDORADO,61966,11:32:00,6.0
K10,P. ELDORADO,61966,11:38:00,6.0
K10,P. ELDORADO,61966,11:44:00,6.0
K10,P. ELDORADO,61966,11:50:00,6.0
K10,P. ELDORADO,61966,11:56:00,6.0
K10,P. ELDORADO,61966,12:02:00,6.0
K10,P. ELDORADO,61966,12:08:00,6.0
K10,P. ELDORADO,61966,12:14:00,6.0
K10,P. ELDORADO,61966,12:20:00,6.0
K10,P. ELDORADO,61966,12:26:00,6.0
K10,P. ELDORADO,61966,12:32:00,6.0
K10,P. ELDORADO,61966,12:38:00,6.0
K10,P. ELDORADO,61966,12:44:00,6.0
K10,P. ELDORADO,61966,12:50:00,6.0
K10,P. ELDORADO,61966,12:56:00,6.0
K10,P. ELDORADO,61966,13:02:00,6.0
K10,P. ELDORADO,61966,13:08:00,6.0
K10,P. ELDORADO,61966,13:14:00,6.0
K10,P. ELDORADO,61966,13:20:00,6.0
K10,P. ELDORADO,61966,13:26:00,6.0
K10,P. ELDORADO,61966,13:32:00,6.0
K10,P. ELDORADO,61966,13:38:00,6.0
K10,P. ELDORADO,61966,13:44:00,6.0
K10,P. ELDORADO,61966,13:50:00,6.0
K10,P. ELDORADO,61966,13:56:00,6.0
K10,P. ELDORADO,61966,14:02:00,6.0
K10,P. ELDORADO,61966,14:08:00,6.0
K10,P. ELDORADO,61966,14:14:00,6.0
K10,P. ELDORADO,61966,14:20:00,6.0
K10,P. ELDORADO,61966,14:26:00,6.0
K10,P. ELDORADO,61966,14:32:00,6.0
K10,P. ELDORADO,61966,14:38:00,6.0
K10,P. ELDORADO,61966,14:44:00,6.0
K10,P. ELDORADO,61966,14:50:00,6.0
K10,P. ELDORADO,61966,14:56:00,6.0
K10,P. ELDORADO,61966,15:02:00,6.0
K10,P. ELDORADO,61966,15:08:00,6.0
K10,P. ELDORADO,61966,15:14:00,6.0
K10,P. ELDORADO,61966,15:20:00,6.0
K10,P. ELDORADO,61966,15:26:00,6.0
K10,P. ELDORADO,61966,15:32:00,6.0
K10,P. ELDORADO,61966,15:38:00,6.0
K10,P. ELDORADO,61966,15:44:00,6.0
K10,P. ELDORADO,61966,15:50:00,6.0
K10,P. ELDORADO,61966,15:56:00,6.0
K10,P. ELDORADO,61966,16:02:00,6.0
K10,P. ELDORADO,61966,16:07:45,5.8
K10,P. ELDORADO,61966,16:13:30,5.8
K10,P. ELDORADO,61966,16:19:15,5.8
K10,P. ELDORADO,61966,16:25:00,5.8
K10,P. ELDORADO,61966,16:30:45,5.8
K10,P. ELDORADO,61966,16:36:30,5.8
K10,P. ELDORADO,61966,16:42:15,5.8
K10,P. ELDORADO,61966,16:48:00,5.8
K10,P. ELDORADO,61966,16:53:45,5.8
K10,P. ELDORADO,61966,16:59:30,5.8
K10,P. ELDORADO,61966,17:05:15,5.8
K10,P. ELDORADO,61966,17:10:15,5.0
K10,P. ELDORADO,61966,17:15:15,5.0
K10,P. ELDORADO,61966,17:20:15,5.0
K10,P. ELDORADO,61966,17:25:15,5.0
K10,P. ELDORADO,61966,17:30:15,5.0
K10,P. ELDORADO,61966,17:35:15,5.0
K10,P. ELDORADO,61966,17:40:15,5.0
K10,P. ELDORADO,61966,17:45:15,5.0
K10,P. ELDORADO,61966,17:50:15,5.0
K10,P. ELDORADO,61966,17:55:15,5.0
K10,P. ELDORADO,61966,18:00:15,5.0
K10,P. ELDORADO,61966,18:05:15,5.0
K10,P. ELDORADO,61966,18:10:15,5.0
K10,P. ELDORADO,61966,18:15:15,5.0
K10,P. ELDORADO,61966,18:20:15,5.0
K10,P. ELDORADO,61966,18:25:15,5.0
K10,P. ELDORADO,61966,18:30:15,5.0
K10,P. ELDORADO,61966,18:36:00,5.8
K10,P. ELDORADO,61966,18:41:45,5.8
K10,P. ELDORADO,61966,18:47:30,5.8
K10,P. ELDORADO,61966,18:53:15,5.8
K10,P. ELDORADO,61966,18:59:00,5.8
K10,P. ELDORADO,61966,19:04:45,5.8
K10,P. ELDORADO,61966,19:10:30,5.8
K10,P. ELDORADO,61966,19:16:15,5.8
K10,P. ELDORADO,61966,19:22:00,5.8
K10,P. ELDORADO,61966,19:27:45,5.8
K10,P. ELDORADO,61966,19:33:30,5.8
K10,P. ELDORADO,61966,19:39:45,6.2
K10,P. ELDORADO,61966,19:46:00,6.2
K10,P. ELDORADO,61966,19:52:15,6.2
K10,P. ELDORADO,61966,19:58:30,6.2
K10,P. ELDORADO,61966,20:04:45,6.2
K10,P. ELDORADO,61966,20:11:45,7.0
K10,P. ELDORADO,61966,20:18:45,7.0
K10,P. ELDORADO,61966,20:25:45,7.0
K10,P. ELDORADO,61966,20:32:45,7.0
K10,P. ELDORADO,61966,20:39:45,7.0
K10,P. ELDORADO,61966,20:46:30,6.8
K10,P. ELDORADO,61966,20:53:30,7.0
K10,P. ELDORADO,61966,21:00:30,7.0
K10,P. ELDORADO,61966,21:07:30,7.0
K10,P. ELDORADO,61966,21:14:30,7.0
K10,P. ELDORADO,61966,21:21:30,7.0
K10,P. ELDORADO,61966,21:28:30,7.0
K10,P. ELDORADO,61966,21:35:30,7.0
K10,P. ELDORADO,61966,21:42:30,7.0
K10,P. ELDORADO,61966,21:49:30,7.0
K10,P. ELDORADO,61966,21:56:30,7.0
K10,P. ELDORADO,61966,22:03:30,7.0
K10,P. ELDORADO,61966,22:10:30,7.0
K10,P. ELDORADO,61966,22:17:30,7.0
K10,P. ELDORADO,61966,22:24:30,7.0
K10,P. ELDORADO,61966,22:32:30,8.0
K10,P. ELDORADO,61966,22:38:45,6.2
K10,P. ELDORADO,61966,22:45:45,7.0
K10,P. ELDORADO,61966,22:52:45,7.0
K10,P. ELDORADO,61966,23:00:00,7.2
C15,Portal Suba,61367,04:30:00,0.0
C15,Portal Suba,61367,04:45:00,15.0
C15,Portal Suba,61808,04:00:00,0.0
C15,Portal Suba,61808,04:05:30,5.5
C15,Portal Suba,61808,04:11:00,5.5
C15,Portal Suba,61808,04:16:30,5.5
C15,Portal Suba,61808,04:20:15,3.8
C15,Portal Suba,61808,04:24:00,3.8
C15,Portal Suba,61808,04:27:45,3.8
C15,Portal Suba,61808,04:31:30,3.8
C15,Portal Suba,61808,04:35:15,3.8
C15,Portal Suba,61808,04:39:00,3.8
C15,Portal Suba,61808,04:42:45,3.8
C15,Portal Suba,61808,04:46:30,3.8
C15,Portal Suba,61808,04:50:15,3.8
C15,Portal Suba,61808,04:54:00,3.8
C15,Portal Suba,61808,04:57:45,3.8
C15,Portal Suba,61808,05:01:30,3.8
C15,Portal Suba,61808,05:05:15,3.8
C15,Portal Suba,61808,05:09:00,3.8
C15,Portal Suba,61808,05:12:45,3.8
C15,Portal Suba,61808,05:16:30,3.8
C15,Portal Suba,61808,05:20:15,3.8
C15,Portal Suba,61808,05:24:00,3.8
C15,Portal Suba,61808,05:27:45,3.8
C15,Portal Suba,61808,05:31:30,3.8
C15,Portal Suba,61808,05:35:15,3.8
C15,Portal Suba,61808,05:39:00,3.8
C15,Portal Suba,61808,05:42:45,3.8
C15,Portal Suba,61808,05:46:30,3.8
C15,Portal Suba,61808,05:50:15,3.8
C15,Portal Suba,61808,05:54:00,3.8
C15,Portal Suba,61808,05:57:45,3.8
C15,Portal Suba,61808,06:01:30,3.8
C15,Portal Suba,61808,06:05:15,3.8
C15,Portal Suba,61808,06:09:00,3.8
C15,Portal Suba,61808,06:12:45,3.8
C15,Portal Suba,61808,06:16:30,3.8
C15,Portal Suba,61808,06:20:15,3.8
C15,Portal Suba,61808,06:24:00,3.8
C15,Portal Suba,61808,06:27:45,3.8
C15,Portal Suba,61808,06:31:30,3.8
C15,Portal Suba,61808,06:35:30,4.0
C15,Portal Suba,61808,06:39:30,4.0
C15,Portal Suba,61808,06:43:30,4.0
C15,Portal Suba,61808,06:47:30,4.0
C15,Portal Suba,61808,06:51:30,4.0
C15,Portal Suba,61808,06:55:30,4.0
C15,Portal Suba,61808,06:59:30,4.0
C15,Portal Suba,61808,07:03:30,4.0
C15,Portal Suba,61808,07:07:30,4.0
C15,Portal Suba,61808,07:11:30,4.0
C15,Portal Suba,61808,07:15:30,4.0
C15,Portal Suba,61808,07:19:30,4.0
C15,Portal Suba,61808,07:23:30,4.0
C15,Portal Suba,61808,07:27:30,4.0
C15,Portal Suba,61808,07:31:30,4.0
C15,Portal Suba,61808,07:36:00,4.5
C15,Portal Suba,61808,07:40:30,4.5
C15,Portal Suba,61808,07:45:00,4.5
C15,Portal Suba,61808,07:49:30,4.5
C15,Portal Suba,61808,07:54:00,4.5
C15,Portal Suba,61808,07:58:30,4.5
C15,Portal Suba,61808,08:03:00,4.5
C15,Portal Suba,61808,08:08:30,5.5
C15,Portal Suba,61808,08:14:00,5.5
C15,Portal Suba,61808,08:19:30,5.5
C15,Portal Suba,61808,08:25:00,5.5
C15,Portal Suba,61808,08:30:30,5.5
C15,Portal Suba,61808,08:36:00,5.5
C15,Portal Suba,61808,08:41:30,5.5
C15,Portal Suba,61808,08:47:00,5.5
C15,Portal Suba,61808,08:52:30,5.5
C15,Portal Suba,61808,08:58:00,5.5
C15,Portal Suba,61808,09:03:30,5.5
C15,Portal Suba,61808,09:09:00,5.5
C15,Portal Suba,61808,09:14:30,5.5
C15,Portal Suba,61808,09:20:00,5.5
C15,Portal Suba,61808,09:25:30,5.5
C15,Portal Suba,61808,09:31:00,5.5
C15,Portal Suba,61808,09:36:30,5.5
C15,Portal Suba,61808,09:42:00,5.5
C15,Portal Suba,61808,09:47:30,5.5
C15,Portal Suba,61808,09:53:00,5.5
C15,Portal Suba,61808,09:58:30,5.5
C15,Portal Suba,61808,10:04:00,5.5
C15,Portal Suba,61808,10:09:30,5.5
C15,Portal Suba,61808,10:15:00,5.5
C15,Portal Suba,61808,10:20:30,5.5
C15,Portal Suba,61808,10:26:00,5.5
C15,Portal Suba,61808,10:31:30,5.5
C15,Portal Suba,61808,10:37:00,5.5
C15,Portal Suba,61808,10:42:30,5.5
C15,Portal Suba,61808,10:48:00,5.5
C15,Portal Suba,61808,10:53:30,5.5
C15,Portal Suba,61808,10:59:00,5.5
C15,Portal Suba,61808,11:04:30,5.5
C15,Portal Suba,61808,11:10:00,5.5
C15,Portal Suba,61808,11:15:30,5.5
C15,Portal Suba,61808,11:21:00,5.5
C15,Portal Suba,61808,11:26:30,5.5
C15,Portal Suba,61808,11:32:00,5.5
C15,Portal Suba,61808,11:37:30,5.5
C15,Portal Suba,61808,11:43:00,5.5
C15,Portal Suba,61808,11:48:30,5.5
C15,Portal Suba,61808,11:54:00,5.5
C15,Portal Suba,61808,11:59:30,5.5
C15,Portal Suba,61808,12:05:00,5.5
C15,Portal Suba,61808,12:10:30,5.5
C15,Portal Suba,61808,12:16:00,5.5
C15,Portal Suba,61808,12:21:30,5.5
C15,Portal Suba,61808,12:27:00,5.5
C15,Portal Suba,61808,12:32:30,5.5
C15,Portal Suba,61808,12:38:00,5.5
C15,Portal Suba,61808,12:43:30,5.5
C15,Portal Suba,61808,12:49:00,5.5
C15,Portal Suba,61808,12:54:30,5.5
C15,Portal Suba,61808,13:00:00,5.5
C15,Portal Suba,61808,13:05:30,5.5
C15,Portal Suba,61808,13:11:00,5.5
C15,Portal Suba,61808,13:16:30,5.5
C15,Portal Suba,61808,13:22:00,5.5
C15,Portal Suba,61808,13:27:30,5.5
C15,Portal Suba,61808,13:33:00,5.5
C15,Portal Suba,61808,13:38:30,5.5
C15,Portal Suba,61808,13:44:00,5.5
C15,Portal Suba,61808,13:49:30,5.5
C15,Portal Suba,61808,13:55:00,5.5
C15,Portal Suba,61808,14:00:30,5.5
C15,Portal Suba,61808,14:06:00,5.5
C15,Portal Suba,61808,14:11:30,5.5
C15,Portal Suba,61808,14:17:00,5.5
C15,Portal Suba,61808,14:22:30,5.5
C15,Portal Suba,61808,14:28:00,5.5
C15,Portal Suba,61808,14:33:30,5.5
C15,Portal Suba,61808,14:39:00,5.5
C15,Portal Suba,61808,14:44:30,5.5
C15,Portal Suba,61808,14:50:00,5.5
C15,Portal Suba,61808,14:55:30,5.5
C15,Portal Suba,61808,15:01:00,5.5
C15,Portal Suba,61808,15:06:30,5.5
C15,Portal Suba,61808,15:12:00,5.5
C15,Portal Suba,61808,15:17:30,5.5
C15,Portal Suba,61808,15:23:00,5.5
C15,Portal Suba,61808,15:28:30,5.5
C15,Portal Suba,61808,15:34:00,5.5
C15,Portal Suba,61808,15:39:30,5.5
C15,Portal Suba,61808,15:45:00,5.5
C15,Portal Suba,61808,15:50:30,5.5
C15,Portal Suba,61808,15:56:00,5.5
C15,Portal Suba,61808,16:01:30,5.5
C15,Portal Suba,61808,16:07:00,5.5
C15,Portal Suba,61808,16:12:30,5.5
C15,Portal Suba,61808,16:18:00,5.5
C15,Portal Suba,61808,16:23:30,5.5
C15,Portal Suba,61808,16:29:00,5.5
C15,Portal Suba,61808,16:34:30,5.5
C15,Portal Suba,61808,16:40:00,5.5
C15,Portal Suba,61808,16:45:30,5.5
C15,Portal Suba,61808,16:51:00,5.5
C15,Portal Suba,61808,16:56:30,5.5
C15,Portal Suba,61808,17:02:00,5.5
C15,Portal Suba,61808,17:06:00,4.0
C15,Portal Suba,61808,17:10:00,4.0
C15,Portal Suba,61808,17:14:00,4.0
C15,Portal Suba,61808,17:18:00,4.0
C15,Portal Suba,61808,17:22:00,4.0
C15,Portal Suba,61808,17:26:00,4.0
C15,Portal Suba,61808,17:30:00,4.0
C15,Portal Suba,61808,17:34:00,4.0
C15,Portal Suba,61808,17:38:00,4.0
C15,Portal Suba,61808,17:42:00,4.0
C15,Portal Suba,61808,17:46:00,4.0
C15,Portal Suba,61808,17:50:00,4.0
C15,Portal Suba,61808,17:54:00,4.0
C15,Portal Suba,61808,17:58:00,4.0
C15,Portal Suba,61808,18:02:00,4.0
C15,Portal Suba,61808,18:06:00,4.0
C15,Portal Suba,61808,18:10:00,4.0
C15,Portal Suba,61808,18:14:00,4.0
C15,Portal Suba,61808,18:18:00,4.0
C15,Portal Suba,61808,18:22:00,4.0
C15,Portal Suba,61808,18:26:00,4.0
C15,Portal Suba,61808,18:30:00,4.0
C15,Portal Suba,61808,18:34:30,4.5
C15,Portal Suba,61808,18:39:00,4.5
C15,Portal Suba,61808,18:43:30,4.5
C15,Portal Suba,61808,18:48:00,4.5
C15,Portal Suba,61808,18:52:30,4.5
C15,Portal Suba,61808,18:57:00,4.5
C15,Portal Suba,61808,19:01:30,4.5
C15,Portal Suba,61808,19:06:00,4.5
C15,Portal Suba,61808,19:10:30,4.5
C15,Portal Suba,61808,19:15:00,4.5
C15,Portal Suba,61808,19:21:00,6.0
C15,Portal Suba,61808,19:27:00,6.0
C15,Portal Suba,61808,19:33:00,6.0
C15,Portal Suba,61808,19:39:45,6.8
C15,Portal Suba,61808,19:46:30,6.8
C15,Portal Suba,61808,19:53:15,6.8
C15,Portal Suba,61808,20:00:00,6.8
C15,Portal Suba,61808,20:07:00,7.0
C15,Portal Suba,61808,20:14:00,7.0
C15,Portal Suba,61808,20:21:00,7.0
C15,Portal Suba,61808,20:28:00,7.0
C15,Portal Suba,61808,20:35:00,7.0
C15,Portal Suba,61808,20:42:00,7.0
C15,Portal Suba,61808,20:49:00,7.0
C15,Portal Suba,61808,20:56:00,7.0
C15,Portal Suba,61808,21:03:00,7.0
C15,Portal Suba,61808,21:10:00,7.0
C15,Portal Suba,61808,21:17:00,7.0
C15,Portal Suba,61808,21:24:00,7.0
C15,Portal Suba,61808,21:31:00,7.0
C15,Portal Suba,61808,21:38:00,7.0
C15,Portal Suba,61808,21:45:00,7.0
C15,Portal Suba,61808,21:52:00,7.0
C15,Portal Suba,61808,21:58:45,6.8
C15,Portal Suba,61808,22:05:30,6.8
C15,Portal Suba,61808,22:12:15,6.8
C15,Portal Suba,61808,22:19:00,6.8
C15,Portal Suba,61808,22:25:45,6.8
C15,Portal Suba,61808,22:32:30,6.8
C15,Portal Suba,61808,22:42:15,9.8
C15,Portal Suba,61808,22:50:30,8.2
C15,Portal Suba,61808,23:01:45,11.2
C15,Portal Suba,61808,23:10:00,8.2
G52,Portal sur,61374,16:00:00,0.0
G52,Portal sur,61374,16:04:45,4.8
G52,Portal sur,61374,16:09:30,4.8
G52,Portal sur,61374,16:14:15,4.8
G52,Portal sur,61374,16:19:00,4.8
G52,Portal sur,61374,16:23:45,4.8
G52,Portal sur,61374,16:28:30,4.8
G52,Portal sur,61374,16:33:15,4.8
G52,Portal sur,61374,16:38:00,4.8
G52,Portal sur,61374,16:42:45,4.8
G52,Portal sur,61374,16:47:30,4.8
G52,Portal sur,61374,16:52:15,4.8
G52,Portal sur,61374,16:57:00,4.8
G52,Portal sur,61374,17:01:45,4.8
G52,Portal sur,61374,17:05:45,4.0
G52,Portal sur,61374,17:09:45,4.0
G52,Portal sur,61374,17:13:45,4.0
G52,Portal sur,61374,17:17:45,4.0
G52,Portal sur,61374,17:21:45,4.0
G52,Portal sur,61374,17:25:45,4.0
G52,Portal sur,61374,17:29:45,4.0
G52,Portal sur,61374,17:33:45,4.0
G52,Portal sur,61374,17:37:45,4.0
G52,Portal sur,61374,17:41:45,4.0
G52,Portal sur,61374,17:45:45,4.0
G52,Portal sur,61374,17:49:45,4.0
G52,Portal sur,61374,17:53:45,4.0
G52,Portal sur,61374,17:57:45,4.0
G52,Portal sur,61374,18:01:45,4.0
G52,Portal sur,61374,18:07:00,5.2
G52,Portal sur,61374,18:12:15,5.2
G52,Portal sur,61374,18:17:30,5.2
G52,Portal sur,61374,18:22:45,5.2
G52,Portal sur,61374,18:28:00,5.2
G52,Portal sur,61374,18:33:15,5.2
G52,Portal sur,61374,18:38:30,5.2
G52,Portal sur,61374,18:43:45,5.2
G52,Portal sur,61374,18:49:00,5.2
G52,Portal sur,61374,18:54:15,5.2
G52,Portal sur,61374,18:59:15,5.0
G52,Portal sur,61374,19:04:15,5.0
G52,Portal sur,61374,19:09:30,5.2
G52,Portal sur,61374,19:14:15,4.8
G52,Portal sur,61374,19:19:45,5.5
G52,Portal sur,61374,19:25:30,5.8
G52,Portal sur,61374,19:30:15,4.8
G52,Portal sur,61374,19:36:45,6.5
G52,Portal sur,61374,19:41:30,4.8
G52,Portal sur,61374,19:47:00,5.5
G52,Portal sur,61374,19:53:30,6.5
G52,Portal sur,61374,20:00:00,6.5
H13,P. TUNAL,61183,17:15:15,0.0
H13,P. TUNAL,61183,17:28:15,13.0
H13,P. TUNAL,61183,17:41:45,13.5
H13,P. TUNAL,61183,17:55:45,14.0
H13,P. TUNAL,61183,18:08:15,12.5
H13,P. TUNAL,61183,18:21:15,13.0
H13,P. TUNAL,73218,05:30:00,0.0
H13,P. TUNAL,73218,05:33:15,3.2
H13,P. TUNAL,73218,05:36:30,3.2
H13,P. TUNAL,73218,05:39:45,3.2
H13,P. TUNAL,73218,05:43:00,3.2
H13,P. TUNAL,73218,05:46:15,3.2
H13,P. TUNAL,73218,05:49:30,3.2
H13,P. TUNAL,73218,05:52:45,3.2
H13,P. TUNAL,73218,05:56:00,3.2
H13,P. TUNAL,73218,05:59:15,3.2
H13,P. TUNAL,73218,06:02:30,3.2
H13,P. TUNAL,73218,06:05:45,3.2
H13,P. TUNAL,73218,06:09:00,3.2
H13,P. TUNAL,73218,06:12:15,3.2
H13,P. TUNAL,73218,06:15:30,3.2
H13,P. TUNAL,73218,06:18:45,3.2
H13,P. TUNAL,73218,06:22:00,3.2
H13,P. TUNAL,73218,06:25:15,3.2
H13,P. TUNAL,73218,06:28:30,3.2
H13,P. TUNAL,73218,06:31:45,3.2
H13,P. TUNAL,73218,06:35:00,3.2
H13,P. TUNAL,73218,06:38:15,3.2
H13,P. TUNAL,73218,06:41:30,3.2
H13,P. TUNAL,73218,06:44:45,3.2
H13,P. TUNAL,73218,06:48:00,3.2
H13,P. TUNAL,73218,06:51:15,3.2
H13,P. TUNAL,73218,06:54:30,3.2
H13,P. TUNAL,73218,06:57:45,3.2
H13,P. TUNAL,73218,07:01:00,3.2
H13,P. TUNAL,73218,07:04:30,3.5
H13,P. TUNAL,73218,07:08:00,3.5
H13,P. TUNAL,73218,07:11:30,3.5
H13,P. TUNAL,73218,07:15:00,3.5
H13,P. TUNAL,73218,07:18:30,3.5
H13,P. TUNAL,73218,07:22:00,3.5
H13,P. TUNAL,73218,07:25:30,3.5
H13,P. TUNAL,73218,07:29:00,3.5
H13,P. TUNAL,73218,07:32:30,3.5
H13,P. TUNAL,73218,07:36:00,3.5
H13,P. TUNAL,73218,07:39:30,3.5
H13,P. TUNAL,73218,07:43:00,3.5
H13,P. TUNAL,73218,07:46:30,3.5
H13,P. TUNAL,73218,07:50:00,3.5
H13,P. TUNAL,73218,07:53:30,3.5
H13,P. TUNAL,73218,07:57:00,3.5
H13,P. TUNAL,73218,08:00:30,3.5
H13,P. TUNAL,73218,08:04:00,3.5
H13,P. TUNAL,73218,08:07:30,3.5
H13,P. TUNAL,73218,08:11:00,3.5
H13,P. TUNAL,73218,08:14:30,3.5
H13,P. TUNAL,73218,08:18:00,3.5
H13,P. TUNAL,73218,08:21:45,3.8
H13,P. TUNAL,73218,08:25:30,3.8
H13,P. TUNAL,73218,08:29:15,3.8
H13,P. TUNAL,73218,08:33:00,3.8
H13,P. TUNAL,73218,08:36:45,3.8
H13,P. TUNAL,73218,08:40:30,3.8
H13,P. TUNAL,73218,08:44:15,3.8
H13,P. TUNAL,73218,08:48:00,3.8
H13,P. TUNAL,73218,08:51:45,3.8
H13,P. TUNAL,73218,08:55:30,3.8
H13,P. TUNAL,73218,08:59:15,3.8
H13,P. TUNAL,73218,09:03:00,3.8
H13,P. TUNAL,73218,09:06:45,3.8
H13,P. TUNAL,73218,09:10:30,3.8
H13,P. TUNAL,73218,09:14:15,3.8
H13,P. TUNAL,73218,09:18:00,3.8
H13,P. TUNAL,73218,09:21:45,3.8
H13,P. TUNAL,73218,09:25:30,3.8
H13,P. TUNAL,73218,09:29:15,3.8
H13,P. TUNAL,73218,09:33:00,3.8
H13,P. TUNAL,73218,09:36:45,3.8
H13,P. TUNAL,73218,09:40:30,3.8
H13,P. TUNAL,73218,09:44:15,3.8
H13,P. TUNAL,73218,09:48:00,3.8
H13,P. TUNAL,73218,09:51:45,3.8
H13,P. TUNAL,73218,09:55:30,3.8
H13,P. TUNAL,73218,09:59:15,3.8
H13,P. TUNAL,73218,10:03:00,3.8
H13,P. TUNAL,73218,10:07:30,4.5
H13,P. TUNAL,73218,10:12:00,4.5
H13,P. TUNAL,73218,10:16:30,4.5
H13,P. TUNAL,73218,10:21:00,4.5
H13,P. TUNAL,73218,10:25:30,4.5
H13,P. TUNAL,73218,10:30:00,4.5
H13,P. TUNAL,73218,10:34:30,4.5
H13,P. TUNAL,73218,10:39:00,4.5
H13,P. TUNAL,73218,10:43:30,4.5
H13,P. TUNAL,73218,10:48:00,4.5
H13,P. TUNAL,73218,10:52:30,4.5
H13,P. TUNAL,73218,10:57:00,4.5
H13,P. TUNAL,73218,11:01:30,4.5
H13,P. TUNAL,73218,11:06:00,4.5
H13,P. TUNAL,73218,11:10:30,4.5
H13,P. TUNAL,73218,11:15:00,4.5
H13,P. TUNAL,73218,11:19:30,4.5
H13,P. TUNAL,73218,11:24:00,4.5
H13,P. TUNAL,73218,11:28:30,4.5
H13,P. TUNAL,73218,11:33:00,4.5
H13,P. TUNAL,73218,11:37:30,4.5
H13,P. TUNAL,73218,11:42:00,4.5
H13,P. TUNAL,73218,11:46:30,4.5
H13,P. TUNAL,73218,11:51:00,4.5
H13,P. TUNAL,73218,11:55:30,4.5
H13,P. TUNAL,73218,12:00:00,4.5
H13,P. TUNAL,73218,12:04:30,4.5
H13,P. TUNAL,73218,12:09:00,4.5
H13,P. TUNAL,73218,12:13:30,4.5
H13,P. TUNAL,73218,12:18:00,4.5
H13,P. TUNAL,73218,12:22:30,4.5
H13,P. TUNAL,73218,12:27:00,4.5
H13,P. TUNAL,73218,12:31:30,4.5
H13,P. TUNAL,73218,12:36:00,4.5
H13,P. TUNAL,73218,12:40:30,4.5
H13,P. TUNAL,73218,12:45:00,4.5
H13,P. TUNAL,73218,12:49:30,4.5
H13,P. TUNAL,73218,12:54:00,4.5
H13,P. TUNAL,73218,12:58:30,4.5
H13,P. TUNAL,73218,13:03:00,4.5
H13,P. TUNAL,73218,13:07:30,4.5
H13,P. TUNAL,73218,13:12:00,4.5
H13,P. TUNAL,73218,13:16:30,4.5
H13,P. TUNAL,73218,13:21:00,4.5
H13,P. TUNAL,73218,13:25:30,4.5
H13,P. TUNAL,73218,13:30:00,4.5
H13,P. TUNAL,73218,13:34:30,4.5
H13,P. TUNAL,73218,13:39:00,4.5
H13,P. TUNAL,73218,13:43:30,4.5
H13,P. TUNAL,73218,13:48:00,4.5
H13,P. TUNAL,73218,13:52:30,4.5
H13,P. TUNAL,73218,13:57:00,4.5
H13,P. TUNAL,73218,14:01:30,4.5
H13,P. TUNAL,73218,14:06:00,4.5
H13,P. TUNAL,73218,14:10:30,4.5
H13,P. TUNAL,73218,14:15:00,4.5
H13,P. TUNAL,73218,14:19:30,4.5
H13,P. TUNAL,73218,14:24:00,4.5
H13,P. TUNAL,73218,14:28:30,4.5
H13,P. TUNAL,73218,14:33:00,4.5
H13,P. TUNAL,73218,14:37:30,4.5
H13,P. TUNAL,73218,14:42:00,4.5
H13,P. TUNAL,73218,14:46:30,4.5
H13,P. TUNAL,73218,14:51:00,4.5
H13,P. TUNAL,73218,14:55:30,4.5
H13,P. TUNAL,73218,15:00:00,4.5
H13,P. TUNAL,73218,15:04:15,4.2
H13,P. TUNAL,73218,15:08:30,4.2
H13,P. TUNAL,73218,15:12:45,4.2
H13,P. TUNAL,73218,15:17:00,4.2
H13,P. TUNAL,73218,15:21:15,4.2
H13,P. TUNAL,73218,15:25:30,4.2
H13,P. TUNAL,73218,15:29:45,4.2
H13,P. TUNAL,73218,15:34:00,4.2
H13,P. TUNAL,73218,15:37:30,3.5
H13,P. TUNAL,73218,15:41:00,3.5
H13,P. TUNAL,73218,15:44:30,3.5
H13,P. TUNAL,73218,15:48:00,3.5
H13,P. TUNAL,73218,15:51:30,3.5
H13,P. TUNAL,73218,15:55:00,3.5
H13,P. TUNAL,73218,15:58:30,3.5
H13,P. TUNAL,73218,16:02:00,3.5
H13,P. TUNAL,73218,16:05:30,3.5
H13,P. TUNAL,73218,16:09:00,3.5
H13,P. TUNAL,73218,16:12:30,3.5
H13,P. TUNAL,73218,16:16:00,3.5
H13,P. TUNAL,73218,16:19:30,3.5
H13,P. TUNAL,73218,16:23:00,3.5
H13,P. TUNAL,73218,16:26:30,3.5
H13,P. TUNAL,73218,16:30:00,3.5
H13,P. TUNAL,73218,16:33:30,3.5
H13,P. TUNAL,73218,16:37:00,3.5
H13,P. TUNAL,73218,16:40:30,3.5
H13,P. TUNAL,73218,16:44:00,3.5
H13,P. TUNAL,73218,16:47:30,3.5
H13,P. TUNAL,73218,16:51:00,3.5
H13,P. TUNAL,73218,16:54:30,3.5
H13,P. TUNAL,73218,16:58:00,3.5
H13,P. TUNAL,73218,17:01:30,3.5
H13,P. TUNAL,73218,17:05:00,3.5
H13,P. TUNAL,73218,17:08:30,3.5
H13,P. TUNAL,73218,17:12:00,3.5
H13,P. TUNAL,73218,17:15:30,3.5
H13,P. TUNAL,73218,17:19:00,3.5
H13,P. TUNAL,73218,17:22:30,3.5
H13,P. TUNAL,73218,17:26:00,3.5
H13,P. TUNAL,73218,17:29:30,3.5
H13,P. TUNAL,73218,17:33:00,3.5
H13,P. TUNAL,73218,17:36:30,3.5
H13,P. TUNAL,73218,17:40:00,3.5
H13,P. TUNAL,73218,17:43:30,3.5
H13,P. TUNAL,73218,17:47:00,3.5
H13,P. TUNAL,73218,17:50:30,3.5
H13,P. TUNAL,73218,17:54:00,3.5
H13,P. TUNAL,73218,17:57:30,3.5
H13,P. TUNAL,73218,18:01:00,3.5
H13,P. TUNAL,73218,18:04:30,3.5
H13,P. TUNAL,73218,18:08:00,3.5
H13,P. TUNAL,73218,18:11:30,3.5
H13,P. TUNAL,73218,18:15:00,3.5
H13,P. TUNAL,73218,18:19:15,4.2
H13,P. TUNAL,73218,18:23:30,4.2
H13,P. TUNAL,73218,18:27:45,4.2
H13,P. TUNAL,73218,18:32:00,4.2
H13,P. TUNAL,73218,18:36:15,4.2
H13,P. TUNAL,73218,18:40:30,4.2
H13,P. TUNAL,73218,18:44:45,4.2
H13,P. TUNAL,73218,18:49:00,4.2
H13,P. TUNAL,73218,18:53:15,4.2
H13,P. TUNAL,73218,18:57:30,4.2
H13,P. TUNAL,73218,19:01:45,4.2
H13,P. TUNAL,73218,19:06:00,4.2
H13,P. TUNAL,73218,19:10:15,4.2
H13,P. TUNAL,73218,19:14:30,4.2
H13,P. TUNAL,73218,19:18:45,4.2
H13,P. TUNAL,73218,19:23:00,4.2
H13,P. TUNAL,73218,19:27:15,4.2
H13,P. TUNAL,73218,19:31:30,4.2
H13,P. TUNAL,73218,19:35:45,4.2
H13,P. TUNAL,73218,19:40:00,4.2
H13,P. TUNAL,73218,19:44:15,4.2
H13,P. TUNAL,73218,19:48:30,4.2
H13,P. TUNAL,73218,19:52:45,4.2
H13,P. TUNAL,73218,19:57:00,4.2
H13,P. TUNAL,73218,20:01:15,4.2
H13,P. TUNAL,73218,20:06:15,5.0
H13,P. TUNAL,73218,20:11:15,5.0
H13,P. TUNAL,73218,20:16:15,5.0
H13,P. TUNAL,73218,20:21:15,5.0
H13,P. TUNAL,73218,20:26:15,5.0
H13,P. TUNAL,73218,20:31:15,5.0
H13,P. TUNAL,73218,20:36:15,5.0
H13,P. TUNAL,73218,20:41:15,5.0
H13,P. TUNAL,73218,20:46:15,5.0
H13,P. TUNAL,73218,20:51:00,4.8
H13,P. TUNAL,73218,20:55:45,4.8
H13,P. TUNAL,73218,21:00:45,5.0
H13,P. TUNAL,73218,21:05:00,4.2
H13,P. TUNAL,73218,21:10:15,5.2
H13,P. TUNAL,73218,21:15:00,4.8
H13,P. TUNAL,73218,21:19:45,4.8
H13,P. TUNAL,73218,21:25:00,5.2
H13,P. TUNAL,73218,21:29:45,4.8
H13,P. TUNAL,73218,21:35:00,5.2
H13,P. TUNAL,73218,21:40:15,5.2
H13,P. TUNAL,73218,21:46:00,5.8
H13,P. TUNAL,73218,21:52:30,6.5
H13,P. TUNAL,73218,22:00:00,7.5
J74,Universidades,61235,05:30:00,0.0
J74,Universidades,61235,05:34:00,4.0
J74,Universidades,61235,05:38:00,4.0
J74,Universidades,61235,05:42:00,4.0
J74,Universidades,61235,05:46:00,4.0
J74,Universidades,61235,05:50:00,4.0
J74,Universidades,61235,05:54:00,4.0
J74,Universidades,61235,05:58:00,4.0
J74,Universidades,61235,06:02:00,4.0
J74,Universidades,61235,06:06:00,4.0
J74,Universidades,61235,06:10:00,4.0
J74,Universidades,61235,06:14:00,4.0
J74,Universidades,61235,06:18:00,4.0
J74,Universidades,61235,06:22:00,4.0
J74,Universidades,61235,06:26:00,4.0
J74,Universidades,61235,06:30:00,4.0
J74,Universidades,61235,06:34:00,4.0
J74,Universidades,61235,06:38:00,4.0
J74,Universidades,61235,06:42:00,4.0
J74,Universidades,61235,06:46:00,4.0
J74,Universidades,61235,06:50:00,4.0
J74,Universidades,61235,06:54:00,4.0
J74,Universidades,61235,06:58:00,4.0
J74,Universidades,61235,07:02:00,4.0
J74,Universidades,61235,07:06:00,4.0
J74,Universidades,61235,07:10:00,4.0
J74,Universidades,61235,07:14:00,4.0
J74,Universidades,61235,07:18:00,4.0
J74,Universidades,61235,07:22:00,4.0
J74,Universidades,61235,07:26:00,4.0
J74,Universidades,61235,07:30:00,4.0
J74,Universidades,61235,07:34:00,4.0
J74,Universidades,61235,07:38:00,4.0
J74,Universidades,61235,07:42:00,4.0
J74,Universidades,61235,07:46:00,4.0
J74,Universidades,61235,07:50:00,4.0
J74,Universidades,61235,07:54:00,4.0
J74,Universidades,61235,07:58:00,4.0
J74,Universidades,61235,08:02:00,4.0
J74,Universidades,61235,08:06:00,4.0
J74,Universidades,61235,08:10:00,4.0
J74,Universidades,61235,08:14:00,4.0
J74,Universidades,61235,08:18:00,4.0
J74,Universidades,61235,08:22:00,4.0
J74,Universidades,61235,08:26:00,4.0
J74,Universidades,61235,08:30:00,4.0
J74,Universidades,61235,08:34:00,4.0
J74,Universidades,61235,08:38:00,4.0
J74,Universidades,61235,08:42:00,4.0
J74,Universidades,61235,08:46:00,4.0
J74,Universidades,61235,08:50:00,4.0
J74,Universidades,61235,08:54:00,4.0
J74,Universidades,61235,08:58:00,4.0
J74,Universidades,61235,09:02:00,4.0
J74,Universidades,61235,09:06:15,4.2
J74,Universidades,61235,09:10:30,4.2
J74,Universidades,61235,09:14:45,4.2
J74,Universidades,61235,09:19:00,4.2
J74,Universidades,61235,09:23:15,4.2
J74,Universidades,61235,09:27:30,4.2
J74,Universidades,61235,09:31:45,4.2
J74,Universidades,61235,09:36:00,4.2
J74,Universidades,61235,09:40:15,4.2
J74,Universidades,61235,09:44:30,4.2
J74,Universidades,61235,09:48:45,4.2
J74,Universidades,61235,09:53:00,4.2
J74,Universidades,61235,09:57:15,4.2
J74,Universidades,61235,10:01:30,4.2
J74,Universidades,61235,10:06:45,5.2
J74,Universidades,61235,10:12:00,5.2
J74,Universidades,61235,10:17:15,5.2
J74,Universidades,61235,10:22:30,5.2
J74,Universidades,61235,10:27:45,5.2
J74,Universidades,61235,10:33:00,5.2
J74,Universidades,61235,10:38:45,5.8
J74,Universidades,61235,10:44:30,5.8
J74,Universidades,61235,10:50:15,5.8
J74,Universidades,61235,10:56:15,6.0
J74,Universidades,61235,11:02:15,6.0
J74,Universidades,61235,11:08:15,6.0
J74,Universidades,61235,11:14:15,6.0
J74,Universidades,61235,11:20:15,6.0
J74,Universidades,61235,11:26:15,6.0
J74,Universidades,61235,11:32:15,6.0
J74,Universidades,61235,11:38:15,6.0
J74,Universidades,61235,11:44:15,6.0
J74,Universidades,61235,11:50:15,6.0
J74,Universidades,61235,11:56:15,6.0
J74,Universidades,61235,12:02:15,6.0
J74,Universidades,61235,12:08:15,6.0
J74,Universidades,61235,12:14:15,6.0
J74,Universidades,61235,12:20:15,6.0
J74,Universidades,61235,12:26:15,6.0
J74,Universidades,61235,12:32:15,6.0
J74,Universidades,61235,12:38:15,6.0
J74,Universidades,61235,12:44:15,6.0
J74,Universidades,61235,12:50:15,6.0
J74,Universidades,61235,12:56:15,6.0
J74,Universidades,61235,13:02:15,6.0
J74,Universidades,61235,13:08:15,6.0
J74,Universidades,61235,13:14:15,6.0
J74,Universidades,61235,13:20:15,6.0
J74,Universidades,61235,13:26:15,6.0
J74,Universidades,61235,13:32:15,6.0
J74,Universidades,61235,13:38:15,6.0
J74,Universidades,61235,13:44:15,6.0
J74,Universidades,61235,13:50:15,6.0
J74,Universidades,61235,13:56:15,6.0
J74,Universidades,61235,14:02:15,6.0
J74,Universidades,61235,14:08:15,6.0
J74,Universidades,61235,14:14:15,6.0
J74,Universidades,61235,14:20:15,6.0
J74,Universidades,61235,14:26:15,6.0
J74,Universidades,61235,14:32:15,6.0
J74,Universidades,61235,14:38:15,6.0
J74,Universidades,61235,14:44:15,6.0
J74,Universidades,61235,14:50:15,6.0
J74,Universidades,61235,14:56:15,6.0
J74,Universidades,61235,15:02:15,6.0
J74,Universidades,61235,15:08:15,6.0
J74,Universidades,61235,15:14:15,6.0
J74,Universidades,61235,15:20:15,6.0
J74,Universidades,61235,15:26:15,6.0
J74,Universidades,61235,15:32:15,6.0
J74,Universidades,61235,15:36:45,4.5
J74,Universidades,61235,15:41:15,4.5
J74,Universidades,61235,15:45:45,4.5
J74,Universidades,61235,15:50:15,4.5
J74,Universidades,61235,15:54:45,4.5
J74,Universidades,61235,15:59:15,4.5
J74,Universidades,61235,16:03:45,4.5
J74,Universidades,61235,16:08:15,4.5
J74,Universidades,61235,16:12:45,4.5
J74,Universidades,61235,16:17:15,4.5
J74,Universidades,61235,16:21:45,4.5
J74,Universidades,61235,16:26:15,4.5
J74,Universidades,61235,16:30:45,4.5
J74,Universidades,61235,16:35:15,4.5
J74,Universidades,61235,16:39:45,4.5
J74,Universidades,61235,16:44:15,4.5
J74,Universidades,61235,16:48:45,4.5
J74,Universidades,61235,16:53:15,4.5
J74,Universidades,61235,16:57:45,4.5
J74,Universidades,61235,17:02:15,4.5
J74,Universidades,61235,17:06:45,4.5
J74,Universidades,61235,17:11:15,4.5
J74,Universidades,61235,17:15:45,4.5
J74,Universidades,61235,17:20:15,4.5
J74,Universidades,61235,17:24:45,4.5
J74,Universidades,61235,17:29:15,4.5
J74,Universidades,61235,17:33:45,4.5
J74,Universidades,61235,17:40:45,7.0
J74,Universidades,61235,17:47:45,7.0
J74,Universidades,61235,17:54:45,7.0
J74,Universidades,61235,18:01:45,7.0
J74,Universidades,61235,18:09:00,7.2
J74,Universidades,61235,18:16:15,7.2
J74,Universidades,61235,18:23:30,7.2
J74,Universidades,61235,18:30:45,7.2
J74,Universidades,61235,18:38:00,7.2
J74,Universidades,61235,18:45:15,7.2
J74,Universidades,61235,18:52:30,7.2
J74,Universidades,61235,18:59:45,7.2
J74,Universidades,61235,19:07:00,7.2
J74,Universidades,61235,19:14:15,7.2
J74,Universidades,61235,19:21:30,7.2
J74,Universidades,61235,19:28:45,7.2
J74,Universidades,61235,19:36:00,7.2
J74,Universidades,61235,19:43:15,7.2
J74,Universidades,61235,19:50:30,7.2
J74,Universidades,61235,19:57:45,7.2
J74,Universidades,61235,20:05:00,7.2
J74,Universidades,61235,20:12:15,7.2
J74,Universidades,61235,20:19:30,7.2
J74,Universidades,61235,20:26:45,7.2
J74,Universidades,61235,20:34:00,7.2
J74,Universidades,61235,20:40:00,6.0
J74,Universidades,61235,20:46:15,6.2
J74,Universidades,61235,20:54:30,8.2
J74,Universidades,61235,21:02:45,8.2
J74,Universidades,61235,21:10:00,7.2
J74,Universidades,61235,21:16:00,6.0
J74,Universidades,61235,21:23:30,7.5
J74,Universidades,61235,21:30:00,6.5
B74,Portal Norte,61921,06:00:00,0.0
B74,Portal Norte,61921,06:07:00,7.0
B74,Portal Norte,61921,06:14:00,7.0
B74,Portal Norte,61921,06:21:00,7.0
B74,Portal Norte,61921,06:28:00,7.0
B74,Portal Norte,61921,06:35:00,7.0
B74,Portal Norte,61921,06:42:00,7.0
B74,Portal Norte,61921,06:49:00,7.0
B74,Portal Norte,61921,06:56:00,7.0
B74,Portal Norte,61921,07:03:00,7.0
B74,Portal Norte,61921,07:09:45,6.8
B74,Portal Norte,61921,07:16:30,6.8
B74,Portal Norte,61921,07:23:15,6.8
B74,Portal Norte,61921,07:30:00,6.8
B74,Portal Norte,61921,07:36:45,6.8
B74,Portal Norte,61921,07:43:30,6.8
B74,Portal Norte,61921,07:50:15,6.8
B74,Portal Norte,61921,07:57:00,6.8
B74,Portal Norte,61921,08:03:45,6.8
B74,Portal Norte,61921,08:10:00,6.2
B74,Portal Norte,61921,08:16:15,6.2
B74,Portal Norte,61921,08:22:30,6.2
B74,Portal Norte,61921,08:28:45,6.2
B74,Portal Norte,61921,08:35:00,6.2
B74,Portal Norte,61921,08:41:15,6.2
B74,Portal Norte,61921,08:47:30,6.2
B74,Portal Norte,61921,08:53:45,6.2
B74,Portal Norte,61921,09:00:00,6.2
B74,Portal Norte,61921,09:06:15,6.2
B74,Portal Norte,61921,09:12:30,6.2
B74,Portal Norte,61921,09:18:45,6.2
B74,Portal Norte,61921,09:25:00,6.2
B74,Portal Norte,61921,09:31:15,6.2
B74,Portal Norte,61921,09:37:30,6.2
B74,Portal Norte,61921,09:43:45,6.2
B74,Portal Norte,61921,09:50:00,6.2
B74,Portal Norte,61921,09:56:15,6.2
B74,Portal Norte,61921,10:02:30,6.2
B74,Portal Norte,61921,10:09:30,7.0
B74,Portal Norte,61921,10:16:30,7.0
B74,Portal Norte,61921,10:23:30,7.0
B74,Portal Norte,61921,10:30:30,7.0
B74,Portal Norte,61921,10:37:30,7.0
B74,Portal Norte,61921,10:44:30,7.0
B74,Portal Norte,61921,10:51:30,7.0
B74,Portal Norte,61921,10:58:30,7.0
B74,Portal Norte,61921,11:05:30,7.0
B74,Portal Norte,61921,11:12:30,7.0
B74,Portal Norte,61921,11:19:30,7.0
B74,Portal Norte,61921,11:26:30,7.0
B74,Portal Norte,61921,11:33:30,7.0
B74,Portal Norte,61921,11:40:30,7.0
B74,Portal Norte,61921,11:47:30,7.0
B74,Portal Norte,61921,11:54:30,7.0
B74,Portal Norte,61921,12:01:30,7.0
B74,Portal Norte,61921,12:07:15,5.8
B74,Portal Norte,61921,12:13:00,5.8
B74,Portal Norte,61921,12:18:45,5.8
B74,Portal Norte,61921,12:24:15,5.5
B74,Portal Norte,61921,12:29:45,5.5
B74,Portal Norte,61921,12:35:15,5.5
B74,Portal Norte,61921,12:40:30,5.2
B74,Portal Norte,61921,12:45:45,5.2
B74,Portal Norte,61921,12:50:45,5.0
B74,Portal Norte,61921,12:55:45,5.0
B74,Portal Norte,61921,13:00:45,5.0
B74,Portal Norte,61921,13:05:45,5.0
B74,Portal Norte,61921,13:10:45,5.0
B74,Portal Norte,61921,13:15:45,5.0
B74,Portal Norte,61921,13:20:45,5.0
B74,Portal Norte,61921,13:25:45,5.0
B74,Portal Norte,61921,13:30:45,5.0
B74,Portal Norte,61921,13:35:45,5.0
B74,Portal Norte,61921,13:40:45,5.0
B74,Portal Norte,61921,13:45:45,5.0
B74,Portal Norte,61921,13:50:45,5.0
B74,Portal Norte,61921,13:55:45,5.0
B74,Portal Norte,61921,14:00:45,5.0
B74,Portal Norte,61921,14:05:45,5.0
B74,Portal Norte,61921,14:10:45,5.0
B74,Portal Norte,61921,14:15:45,5.0
B74,Portal Norte,61921,14:20:45,5.0
B74,Portal Norte,61921,14:25:45,5.0
B74,Portal Norte,61921,14:30:45,5.0
B74,Portal Norte,61921,14:35:45,5.0
B74,Portal Norte,61921,14:40:45,5.0
B74,Portal Norte,61921,14:45:45,5.0
B74,Portal Norte,61921,14:50:45,5.0
B74,Portal Norte,61921,14:55:45,5.0
B74,Portal Norte,61921,15:00:45,5.0
B74,Portal Norte,61921,15:05:30,4.8
B74,Portal Norte,61921,15:10:15,4.8
B74,Portal Norte,61921,15:15:00,4.8
B74,Portal Norte,61921,15:19:00,4.0
B74,Portal Norte,61921,15:23:00,4.0
B74,Portal Norte,61921,15:27:00,4.0
B74,Portal Norte,61921,15:31:00,4.0
B74,Portal Norte,61921,15:35:00,4.0
B74,Portal Norte,61921,15:39:00,4.0
B74,Portal Norte,61921,15:43:00,4.0
B74,Portal Norte,61921,15:47:00,4.0
B74,Portal Norte,61921,15:51:00,4.0
B74,Portal Norte,61921,15:55:00,4.0
B74,Portal Norte,61921,15:59:00,4.0
B74,Portal Norte,61921,16:03:00,4.0
B74,Portal Norte,61921,16:06:45,3.8
B74,Portal Norte,61921,16:10:30,3.8
B74,Portal Norte,61921,16:14:15,3.8
B74,Portal Norte,61921,16:18:00,3.8
B74,Portal Norte,61921,16:21:45,3.8
B74,Portal Norte,61921,16:25:30,3.8
B74,Portal Norte,61921,16:29:15,3.8
B74,Portal Norte,61921,16:33:00,3.8
B74,Portal Norte,61921,16:36:45,3.8
B74,Portal Norte,61921,16:40:30,3.8
B74,Portal Norte,61921,16:44:15,3.8
B74,Portal Norte,61921,16:48:00,3.8
B74,Portal Norte,61921,16:51:45,3.8
B74,Portal Norte,61921,16:55:30,3.8
B74,Portal Norte,61921,16:59:15,3.8
B74,Portal Norte,61921,17:03:00,3.8
B74,Portal Norte,61921,17:06:45,3.8
B74,Portal Norte,61921,17:10:30,3.8
B74,Portal Norte,61921,17:14:15,3.8
B74,Portal Norte,61921,17:18:00,3.8
B74,Portal Norte,61921,17:21:45,3.8
B74,Portal Norte,61921,17:25:30,3.8
B74,Portal Norte,61921,17:29:15,3.8
B74,Portal Norte,61921,17:33:00,3.8
B74,Portal Norte,61921,17:36:45,3.8
B74,Portal Norte,61921,17:40:30,3.8
B74,Portal Norte,61921,17:44:15,3.8
B74,Portal Norte,61921,17:48:00,3.8
B74,Portal Norte,61921,17:51:45,3.8
B74,Portal Norte,61921,17:55:30,3.8
B74,Portal Norte,61921,17:59:15,3.8
B74,Portal Norte,61921,18:03:00,3.8
B74,Portal Norte,61921,18:06:45,3.8
B74,Portal Norte,61921,18:10:30,3.8
B74,Portal Norte,61921,18:14:15,3.8
B74,Portal Norte,61921,18:18:00,3.8
B74,Portal Norte,61921,18:21:45,3.8
B74,Portal Norte,61921,18:25:30,3.8
B74,Portal Norte,61921,18:29:15,3.8
B74,Portal Norte,61921,18:33:00,3.8
B74,Portal Norte,61921,18:37:15,4.2
B74,Portal Norte,61921,18:41:30,4.2
B74,Portal Norte,61921,18:45:45,4.2
B74,Portal Norte,61921,18:50:00,4.2
B74,Portal Norte,61921,18:54:15,4.2
B74,Portal Norte,61921,18:58:30,4.2
B74,Portal Norte,61921,19:02:45,4.2
B74,Portal Norte,61921,19:07:00,4.2
B74,Portal Norte,61921,19:11:15,4.2
B74,Portal Norte,61921,19:15:30,4.2
B74,Portal Norte,61921,19:19:45,4.2
B74,Portal Norte,61921,19:24:00,4.2
B74,Portal Norte,61921,19:28:15,4.2
B74,Portal Norte,61921,19:32:30,4.2
B74,Portal Norte,61921,19:36:45,4.2
B74,Portal Norte,61921,19:41:00,4.2
B74,Portal Norte,61921,19:45:15,4.2
B74,Portal Norte,61921,19:52:00,6.8
B74,Portal Norte,61921,19:58:45,6.8
B74,Portal Norte,61921,20:05:30,6.8
B74,Portal Norte,61921,20:12:30,7.0
B74,Portal Norte,61921,20:19:30,7.0
B74,Portal Norte,61921,20:26:45,7.2
B74,Portal Norte,61921,20:34:00,7.2
B74,Portal Norte,61921,20:41:15,7.2
B74,Portal Norte,61921,20:48:30,7.2
B74,Portal Norte,61921,20:55:45,7.2
B74,Portal Norte,61921,21:02:45,7.0
B74,Portal Norte,61921,21:09:45,7.0
B74,Portal Norte,61921,21:16:45,7.0
B74,Portal Norte,61921,21:23:45,7.0
B74,Portal Norte,61921,21:31:00,7.2
B74,Portal Norte,61921,21:37:00,6.0
B74,Portal Norte,61921,21:43:45,6.8
B74,Portal Norte,61921,21:49:00,5.2
B74,Portal Norte,61921,21:53:00,4.0
B74,Portal Norte,61921,21:59:00,6.0
B74,Portal Norte,61921,22:05:00,6.0
B74,Portal Norte,61921,22:12:30,7.5
B74,Portal Norte,61921,22:20:15,7.8
B74,Portal Norte,61921,22:30:00,9.8
B28,Portal Norte,61693,04:00:00,0.0
B28,Portal Norte,61693,04:04:45,4.8
B28,Portal Norte,61693,04:09:30,4.8
B28,Portal Norte,61693,04:14:15,4.8
B28,Portal Norte,61693,04:19:00,4.8
B28,Portal Norte,61693,04:23:45,4.8
B28,Portal Norte,61693,04:28:30,4.8
B28,Portal Norte,61693,04:33:15,4.8
B28,Portal Norte,61693,04:37:45,4.5
B28,Portal Norte,61693,04:42:15,4.5
B28,Portal Norte,61693,04:46:45,4.5
B28,Portal Norte,61693,04:51:15,4.5
B28,Portal Norte,61693,04:55:45,4.5
B28,Portal Norte,61693,05:00:15,4.5
B28,Portal Norte,61693,05:04:45,4.5
B28,Portal Norte,61693,05:09:15,4.5
B28,Portal Norte,61693,05:13:45,4.5
B28,Portal Norte,61693,05:18:15,4.5
B28,Portal Norte,61693,05:22:45,4.5
B28,Portal Norte,61693,05:27:15,4.5
B28,Portal Norte,61693,05:31:45,4.5
B28,Portal Norte,61693,05:35:45,4.0
B28,Portal Norte,61693,05:39:45,4.0
B28,Portal Norte,61693,05:43:45,4.0
B28,Portal Norte,61693,05:47:45,4.0
B28,Portal Norte,61693,05:51:45,4.0
B28,Portal Norte,61693,05:55:45,4.0
B28,Portal Norte,61693,05:59:45,4.0
B28,Portal Norte,61693,06:03:45,4.0
B28,Portal Norte,61693,06:07:45,4.0
B28,Portal Norte,61693,06:11:45,4.0
B28,Portal Norte,61693,06:15:45,4.0
B28,Portal Norte,61693,06:19:45,4.0
B28,Portal Norte,61693,06:23:45,4.0
B28,Portal Norte,61693,06:27:45,4.0
B28,Portal Norte,61693,06:31:45,4.0
B28,Portal Norte,61693,06:35:45,4.0
B28,Portal Norte,61693,06:39:45,4.0
B28,Portal Norte,61693,06:43:45,4.0
B28,Portal Norte,61693,06:47:45,4.0
B28,Portal Norte,61693,06:51:45,4.0
B28,Portal Norte,61693,06:55:45,4.0
B28,Portal Norte,61693,06:59:45,4.0
B28,Portal Norte,61693,07:03:45,4.0
B28,Portal Norte,61693,07:07:45,4.0
B28,Portal Norte,61693,07:11:45,4.0
B28,Portal Norte,61693,07:15:45,4.0
B28,Portal Norte,61693,07:19:45,4.0
B28,Portal Norte,61693,07:23:45,4.0
B28,Portal Norte,61693,07:27:45,4.0
B28,Portal Norte,61693,07:31:45,4.0
B28,Portal Norte,61693,07:36:15,4.5
B28,Portal Norte,61693,07:40:45,4.5
B28,Portal Norte,61693,07:45:15,4.5
B28,Portal Norte,61693,07:49:45,4.5
B28,Portal Norte,61693,07:54:15,4.5
B28,Portal Norte,61693,07:58:45,4.5
B28,Portal Norte,61693,08:03:15,4.5
B28,Portal Norte,61693,08:07:45,4.5
B28,Portal Norte,61693,08:12:15,4.5
B28,Portal Norte,61693,08:16:45,4.5
B28,Portal Norte,61693,08:21:15,4.5
B28,Portal Norte,61693,08:25:45,4.5
B28,Portal Norte,61693,08:30:15,4.5
B28,Portal Norte,61693,08:35:00,4.8
B28,Portal Norte,61693,08:39:45,4.8
B28,Portal Norte,61693,08:44:30,4.8
B28,Portal Norte,61693,08:49:15,4.8
B28,Portal Norte,61693,08:54:00,4.8
B28,Portal Norte,61693,08:58:45,4.8
B28,Portal Norte,61693,09:03:30,4.8
B28,Portal Norte,61693,09:08:15,4.8
B28,Portal Norte,61693,09:13:00,4.8
B28,Portal Norte,61693,09:17:45,4.8
B28,Portal Norte,61693,09:23:30,5.8
B28,Portal Norte,61693,09:29:15,5.8
B28,Portal Norte,61693,09:35:00,5.8
B28,Portal Norte,61693,09:41:00,6.0
B28,Portal Norte,61693,09:47:00,6.0
B28,Portal Norte,61693,09:53:00,6.0
B28,Portal Norte,61693,09:59:00,6.0
B28,Portal Norte,61693,10:05:00,6.0
B28,Portal Norte,61693,10:11:30,6.5
B28,Portal Norte,61693,10:18:00,6.5
B28,Portal Norte,61693,10:24:30,6.5
B28,Portal Norte,61693,10:31:00,6.5
B28,Portal Norte,61693,10:37:30,6.5
B28,Portal Norte,61693,10:44:00,6.5
B28,Portal Norte,61693,10:50:30,6.5
B28,Portal Norte,61693,10:57:00,6.5
B28,Portal Norte,61693,11:03:30,6.5
B28,Portal Norte,61693,11:10:00,6.5
B28,Portal Norte,61693,11:16:30,6.5
B28,Portal Norte,61693,11:23:00,6.5
B28,Portal Norte,61693,11:29:30,6.5
B28,Portal Norte,61693,11:36:00,6.5
B28,Portal Norte,61693,11:42:30,6.5
B28,Portal Norte,61693,11:49:00,6.5
B28,Portal Norte,61693,11:55:30,6.5
B28,Portal Norte,61693,12:02:00,6.5
B28,Portal Norte,61693,12:08:30,6.5
B28,Portal Norte,61693,12:15:00,6.5
B28,Portal Norte,61693,12:21:30,6.5
B28,Portal Norte,61693,12:28:00,6.5
B28,Portal Norte,61693,12:34:30,6.5
B28,Portal Norte,61693,12:41:00,6.5
B28,Portal Norte,61693,12:47:30,6.5
B28,Portal Norte,61693,12:54:00,6.5
B28,Portal Norte,61693,13:00:30,6.5
B28,Portal Norte,61693,13:07:00,6.5
B28,Portal Norte,61693,13:13:30,6.5
B28,Portal Norte,61693,13:20:00,6.5
B28,Portal Norte,61693,13:27:00,7.0
B28,Portal Norte,61693,13:34:00,7.0
B28,Portal Norte,61693,13:41:00,7.0
B28,Portal Norte,61693,13:48:00,7.0
B28,Portal Norte,61693,13:55:00,7.0
B28,Portal Norte,61693,14:02:00,7.0
B28,Portal Norte,61693,14:09:00,7.0
B28,Portal Norte,61693,14:16:00,7.0
B28,Portal Norte,61693,14:23:00,7.0
B28,Portal Norte,61693,14:30:00,7.0
B28,Portal Norte,61693,14:37:00,7.0
B28,Portal Norte,61693,14:44:00,7.0
B28,Portal Norte,61693,14:51:00,7.0
B28,Portal Norte,61693,14:58:00,7.0
B28,Portal Norte,61693,15:05:00,7.0
B28,Portal Norte,61693,15:12:00,7.0
B28,Portal Norte,61693,15:19:00,7.0
B28,Portal Norte,61693,15:26:00,7.0
B28,Portal Norte,61693,15:33:00,7.0
B28,Portal Norte,61693,15:40:00,7.0
B28,Portal Norte,61693,15:47:00,7.0
B28,Portal Norte,61693,15:54:00,7.0
B28,Portal Norte,61693,16:01:00,7.0
B28,Portal Norte,61693,16:08:00,7.0
B28,Portal Norte,61693,16:15:00,7.0
B28,Portal Norte,61693,16:22:00,7.0
B28,Portal Norte,61693,16:29:00,7.0
B28,Portal Norte,61693,16:36:00,7.0
B28,Portal Norte,61693,16:43:00,7.0
B28,Portal Norte,61693,16:50:00,7.0
B28,Portal Norte,61693,16:56:00,6.0
B28,Portal Norte,61693,17:02:00,6.0
B28,Portal Norte,61693,17:08:00,6.0
B28,Portal Norte,61693,17:14:00,6.0
B28,Portal Norte,61693,17:20:00,6.0
B28,Portal Norte,61693,17:27:00,7.0
B28,Portal Norte,61693,17:34:00,7.0
B28,Portal Norte,61693,17:41:00,7.0
B28,Portal Norte,61693,17:48:00,7.0
B28,Portal Norte,61693,17:55:00,7.0
B28,Portal Norte,61693,18:02:00,7.0
B28,Portal Norte,61693,18:09:00,7.0
B28,Portal Norte,61693,18:16:00,7.0
B28,Portal Norte,61693,18:23:30,7.5
B28,Portal Norte,61693,18:31:00,7.5
B28,Portal Norte,61693,18:38:30,7.5
B28,Portal Norte,61693,18:46:00,7.5
B28,Portal Norte,61693,18:53:30,7.5
B28,Portal Norte,61693,19:01:00,7.5
B28,Portal Norte,61693,19:08:30,7.5
B28,Portal Norte,61693,19:16:00,7.5
B28,Portal Norte,61693,19:23:15,7.2
B28,Portal Norte,61693,19:29:15,6.0
B28,Portal Norte,61693,19:35:15,6.0
B28,Portal Norte,61693,19:41:15,6.0
B28,Portal Norte,61693,19:47:15,6.0
B28,Portal Norte,61693,19:53:15,6.0
B28,Portal Norte,61693,20:00:00,6.8
B28,Portal Norte,73788,06:00:00,0.0
B28,Portal Norte,73788,06:04:00,4.0
B28,Portal Norte,73788,06:09:00,5.0
B28,Portal Norte,73788,06:14:00,5.0
B28,Portal Norte,73788,06:19:00,5.0
B28,Portal Norte,73788,06:24:45,5.8
B28,Portal Norte,73788,06:29:45,5.0
B28,Portal Norte,73788,06:34:45,5.0
B28,Portal Norte,73788,06:39:45,5.0
B28,Portal Norte,73788,06:44:45,5.0
B28,Portal Norte,73788,06:49:30,4.8
B28,Portal Norte,73788,06:54:30,5.0
B28,Portal Norte,73788,06:59:45,5.2
B28,Portal Norte,73788,07:04:45,5.0
B28,Portal Norte,73788,07:10:00,5.2
B28,Portal Norte,73788,07:10:30,0.5
B28,Portal Norte,73788,07:20:00,9.5
B28,Portal Norte,73788,07:25:00,5.0
B28,Portal Norte,73788,07:30:15,5.2
B28,Portal Norte,73788,07:35:30,5.2
B28,Portal Norte,73788,07:40:45,5.2
B28,Portal Norte,73788,07:46:15,5.5
B28,Portal Norte,73788,07:51:30,5.2
B28,Portal Norte,73788,07:56:45,5.2
A61,Polo,62317,04:30:00,0.0
A61,Polo,62317,04:34:00,4.0
A61,Polo,62317,04:38:00,4.0
A61,Polo,62317,04:42:00,4.0
A61,Polo,62317,04:46:00,4.0
A61,Polo,62317,04:50:00,4.0
A61,Polo,62317,04:54:00,4.0
A61,Polo,62317,04:58:00,4.0
A61,Polo,62317,05:02:00,4.0
A61,Polo,62317,05:06:00,4.0
A61,Polo,62317,05:10:00,4.0
A61,Polo,62317,05:14:00,4.0
A61,Polo,62317,05:18:00,4.0
A61,Polo,62317,05:22:00,4.0
A61,Polo,62317,05:26:00,4.0
A61,Polo,62317,05:30:00,4.0
A61,Polo,62317,05:32:30,2.5
A61,Polo,62317,05:35:00,2.5
A61,Polo,62317,05:37:30,2.5
A61,Polo,62317,05:40:00,2.5
A61,Polo,62317,05:42:30,2.5
A61,Polo,62317,05:45:00,2.5
A61,Polo,62317,05:47:30,2.5
A61,Polo,62317,05:50:00,2.5
A61,Polo,62317,05:52:30,2.5
A61,Polo,62317,05:55:00,2.5
A61,Polo,62317,05:57:30,2.5
A61,Polo,62317,06:00:00,2.5
A61,Polo,62317,06:02:30,2.5
A61,Polo,62317,06:05:00,2.5
A61,Polo,62317,06:07:30,2.5
A61,Polo,62317,06:10:00,2.5
A61,Polo,62317,06:12:30,2.5
A61,Polo,62317,06:15:00,2.5
A61,Polo,62317,06:17:30,2.5
A61,Polo,62317,06:20:00,2.5
A61,Polo,62317,06:22:30,2.5
A61,Polo,62317,06:25:00,2.5
A61,Polo,62317,06:27:30,2.5
A61,Polo,62317,06:30:00,2.5
A61,Polo,62317,06:32:30,2.5
A61,Polo,62317,06:35:00,2.5
A61,Polo,62317,06:37:30,2.5
A61,Polo,62317,06:40:00,2.5
A61,Polo,62317,06:42:30,2.5
A61,Polo,62317,06:45:00,2.5
A61,Polo,62317,06:47:30,2.5
A61,Polo,62317,06:50:00,2.5
A61,Polo,62317,06:52:30,2.5
A61,Polo,62317,06:55:00,2.5
A61,Polo,62317,06:57:30,2.5
A61,Polo,62317,07:00:00,2.5
A61,Polo,62317,07:03:30,3.5
A61,Polo,62317,07:07:00,3.5
A61,Polo,62317,07:10:30,3.5
A61,Polo,62317,07:14:00,3.5
A61,Polo,62317,07:17:30,3.5
A61,Polo,62317,07:21:00,3.5
A61,Polo,62317,07:24:30,3.5
A61,Polo,62317,07:28:00,3.5
A61,Polo,62317,07:31:30,3.5
A61,Polo,62317,07:35:00,3.5
A61,Polo,62317,07:38:30,3.5
A61,Polo,62317,07:42:00,3.5
A61,Polo,62317,07:45:30,3.5
A61,Polo,62317,07:49:00,3.5
A61,Polo,62317,07:52:30,3.5
A61,Polo,62317,07:56:00,3.5
A61,Polo,62317,07:59:30,3.5
A61,Polo,62317,08:02:45,3.2
A61,Polo,62317,08:06:45,4.0
A61,Polo,62317,08:10:00,3.2
A61,Polo,62317,08:14:00,4.0
A61,Polo,62317,08:18:00,4.0
A61,Polo,62317,08:22:00,4.0
A61,Polo,62317,08:26:00,4.0
A61,Polo,62317,08:29:45,3.8
A61,Polo,62317,08:32:45,3.0
A61,Polo,62317,08:36:45,4.0
A61,Polo,62317,08:40:45,4.0
A61,Polo,62317,08:46:30,5.8
A61,Polo,62317,08:50:30,4.0
A61,Polo,62317,08:54:30,4.0
A61,Polo,62317,09:00:00,5.5
F61,Portal Américas,73570,15:00:00,0.0
F61,Portal Américas,73570,15:05:00,5.0
F61,Portal Américas,73570,15:10:00,5.0
F61,Portal Américas,73570,15:15:00,5.0
F61,Portal Américas,73570,15:20:00,5.0
F61,Portal Américas,73570,15:25:00,5.0
F61,Portal Américas,73570,15:30:00,5.0
F61,Portal Américas,73570,15:35:00,5.0
F61,Portal Américas,73570,15:40:00,5.0
F61,Portal Américas,73570,15:45:00,5.0
F61,Portal Américas,73570,15:48:45,3.8
F61,Portal Américas,73570,15:52:30,3.8
F61,Portal Américas,73570,15:56:15,3.8
F61,Portal Américas,73570,16:00:00,3.8
F61,Portal Américas,73570,16:03:00,3.0
F61,Portal Américas,73570,16:06:00,3.0
F61,Portal Américas,73570,16:09:00,3.0
F61,Portal Américas,73570,16:12:00,3.0
F61,Portal Américas,73570,16:15:00,3.0
F61,Portal Américas,73570,16:18:00,3.0
F61,Portal Américas,73570,16:21:00,3.0
F61,Portal Américas,73570,16:24:00,3.0
F61,Portal Américas,73570,16:27:00,3.0
F61,Portal Américas,73570,16:30:00,3.0
F61,Portal Américas,73570,16:33:00,3.0
F61,Portal Américas,73570,16:36:00,3.0
F61,Portal Américas,73570,16:39:00,3.0
F61,Portal Américas,73570,16:42:00,3.0
F61,Portal Américas,73570,16:45:00,3.0
F61,Portal Américas,73570,16:48:00,3.0
F61,Portal Américas,73570,16:51:00,3.0
F61,Portal Américas,73570,16:54:00,3.0
F61,Portal Américas,73570,16:57:00,3.0
F61,Portal Américas,73570,17:00:00,3.0
F61,Portal Américas,73570,17:03:00,3.0
F61,Portal Américas,73570,17:06:00,3.0
F61,Portal Américas,73570,17:09:00,3.0
F61,Portal Américas,73570,17:12:00,3.0
F61,Portal Américas,73570,17:15:00,3.0
F61,Portal Américas,73570,17:18:00,3.0
F61,Portal Américas,73570,17:21:00,3.0
F61,Portal Américas,73570,17:24:00,3.0
F61,Portal Américas,73570,17:27:00,3.0
F61,Portal Américas,73570,17:30:00,3.0
F61,Portal Américas,73570,17:33:00,3.0
F61,Portal Américas,73570,17:36:00,3.0
F61,Portal Américas,73570,17:39:00,3.0
F61,Portal Américas,73570,17:42:00,3.0
F61,Portal Américas,73570,17:45:00,3.0
F61,Portal Américas,73570,17:48:00,3.0
F61,Portal Américas,73570,17:51:00,3.0
F61,Portal Américas,73570,17:54:00,3.0
F61,Portal Américas,73570,17:57:00,3.0
F61,Portal Américas,73570,18:00:00,3.0
F61,Portal Américas,73570,18:03:00,3.0
F61,Portal Américas,73570,18:06:00,3.0
F61,Portal Américas,73570,18:09:00,3.0
F61,Portal Américas,73570,18:12:00,3.0
F61,Portal Américas,73570,18:15:00,3.0
F61,Portal Américas,73570,18:18:00,3.0
F61,Portal Américas,73570,18:21:00,3.0
F61,Portal Américas,73570,18:24:00,3.0
F61,Portal Américas,73570,18:27:00,3.0
F61,Portal Américas,73570,18:30:00,3.0
F61,Portal Américas,73570,18:33:00,3.0
F61,Portal Américas,73570,18:36:00,3.0
F61,Portal Américas,73570,18:39:00,3.0
F61,Portal Américas,73570,18:42:00,3.0
F61,Portal Américas,73570,18:45:00,3.0
F61,Portal Américas,73570,18:48:00,3.0
F61,Portal Américas,73570,18:51:00,3.0
F61,Portal Américas,73570,18:54:00,3.0
F61,Portal Américas,73570,18:57:00,3.0
F61,Portal Américas,73570,19:00:00,3.0
F61,Portal Américas,73570,19:05:15,5.2
F61,Portal Américas,73570,19:10:15,5.0
F61,Portal Américas,73570,19:17:15,7.0
F61,Portal Américas,73570,19:24:15,7.0
F61,Portal Américas,73570,19:29:00,4.8
F61,Portal Américas,73570,19:36:00,7.0
F61,Portal Américas,73570,19:43:00,7.0
F61,Portal Américas,73570,19:47:45,4.8
F61,Portal Américas,73570,19:54:45,7.0
F61,Portal Américas,73570,20:00:00,5.2
A60,Calle 76,61686,04:30:00,0.0
A60,Calle 76,61686,04:33:30,3.5
A60,Calle 76,61686,04:37:00,3.5
A60,Calle 76,61686,04:40:30,3.5
A60,Calle 76,61686,04:44:00,3.5
A60,Calle 76,61686,04:47:30,3.5
A60,Calle 76,61686,04:51:00,3.5
A60,Calle 76,61686,04:54:30,3.5
A60,Calle 76,61686,04:58:00,3.5
A60,Calle 76,61686,05:01:30,3.5
A60,Calle 76,61686,05:05:15,3.8
A60,Calle 76,61686,05:09:00,3.8
A60,Calle 76,61686,05:12:45,3.8
A60,Calle 76,61686,05:16:30,3.8
A60,Calle 76,61686,05:20:00,3.5
A60,Calle 76,61686,05:23:30,3.5
A60,Calle 76,61686,05:27:00,3.5
A60,Calle 76,61686,05:30:30,3.5
A60,Calle 76,61686,05:34:00,3.5
A60,Calle 76,61686,05:37:30,3.5
A60,Calle 76,61686,05:41:00,3.5
A60,Calle 76,61686,05:44:30,3.5
A60,Calle 76,61686,05:48:00,3.5
A60,Calle 76,61686,05:51:30,3.5
A60,Calle 76,61686,05:55:00,3.5
A60,Calle 76,61686,05:58:30,3.5
A60,Calle 76,61686,06:02:00,3.5
A60,Calle 76,61686,06:05:30,3.5
A60,Calle 76,61686,06:09:00,3.5
A60,Calle 76,61686,06:12:30,3.5
A60,Calle 76,61686,06:16:00,3.5
A60,Calle 76,61686,06:19:30,3.5
A60,Calle 76,61686,06:23:00,3.5
A60,Calle 76,61686,06:26:30,3.5
A60,Calle 76,61686,06:30:00,3.5
A60,Calle 76,61686,06:33:30,3.5
A60,Calle 76,61686,06:37:00,3.5
A60,Calle 76,61686,06:40:30,3.5
A60,Calle 76,61686,06:44:00,3.5
A60,Calle 76,61686,06:47:30,3.5
A60,Calle 76,61686,06:51:00,3.5
A60,Calle 76,61686,06:54:30,3.5
A60,Calle 76,61686,06:58:00,3.5
A60,Calle 76,61686,07:01:30,3.5
A60,Calle 76,61686,07:05:00,3.5
A60,Calle 76,61686,07:08:30,3.5
A60,Calle 76,61686,07:12:00,3.5
A60,Calle 76,61686,07:15:30,3.5
A60,Calle 76,61686,07:19:00,3.5
A60,Calle 76,61686,07:22:30,3.5
A60,Calle 76,61686,07:26:00,3.5
A60,Calle 76,61686,07:29:30,3.5
A60,Calle 76,61686,07:33:00,3.5
A60,Calle 76,61686,07:37:30,4.5
A60,Calle 76,61686,07:42:00,4.5
A60,Calle 76,61686,07:46:30,4.5
A60,Calle 76,61686,07:51:30,5.0
A60,Calle 76,61686,07:56:30,5.0
A60,Calle 76,61686,08:01:30,5.0
A60,Calle 76,61686,08:06:30,5.0
A60,Calle 76,61686,08:11:30,5.0
A60,Calle 76,61686,08:16:30,5.0
A60,Calle 76,61686,08:21:30,5.0
A60,Calle 76,61686,08:26:30,5.0
A60,Calle 76,61686,08:31:30,5.0
A60,Calle 76,61686,08:36:30,5.0
A60,Calle 76,61686,08:41:30,5.0
A60,Calle 76,61686,08:46:30,5.0
A60,Calle 76,61686,08:51:30,5.0
A60,Calle 76,61686,08:56:30,5.0
A60,Calle 76,61686,09:01:30,5.0
A60,Calle 76,61686,09:06:30,5.0
A60,Calle 76,61686,09:11:30,5.0
A60,Calle 76,61686,09:16:30,5.0
A60,Calle 76,61686,09:21:30,5.0
A60,Calle 76,61686,09:26:30,5.0
A60,Calle 76,61686,09:31:30,5.0
A60,Calle 76,61686,09:36:30,5.0
A60,Calle 76,61686,09:41:30,5.0
A60,Calle 76,61686,09:46:30,5.0
A60,Calle 76,61686,09:51:30,5.0
A60,Calle 76,61686,09:56:30,5.0
A60,Calle 76,61686,10:01:30,5.0
A60,Calle 76,61686,10:06:30,5.0
A60,Calle 76,61686,10:11:30,5.0
A60,Calle 76,61686,10:16:30,5.0
A60,Calle 76,61686,10:21:30,5.0
A60,Calle 76,61686,10:26:30,5.0
A60,Calle 76,61686,10:31:30,5.0
A60,Calle 76,61686,10:36:30,5.0
A60,Calle 76,61686,10:41:30,5.0
A60,Calle 76,61686,10:46:30,5.0
A60,Calle 76,61686,10:51:30,5.0
A60,Calle 76,61686,10:56:30,5.0
A60,Calle 76,61686,11:01:30,5.0
A60,Calle 76,61686,11:06:30,5.0
A60,Calle 76,61686,11:11:30,5.0
A60,Calle 76,61686,11:16:30,5.0
A60,Calle 76,61686,11:21:30,5.0
A60,Calle 76,61686,11:26:30,5.0
A60,Calle 76,61686,11:31:30,5.0
A60,Calle 76,61686,11:36:30,5.0
A60,Calle 76,61686,11:41:30,5.0
A60,Calle 76,61686,11:46:30,5.0
A60,Calle 76,61686,11:51:30,5.0
A60,Calle 76,61686,11:56:30,5.0
A60,Calle 76,61686,12:01:30,5.0
A60,Calle 76,61686,12:06:30,5.0
A60,Calle 76,61686,12:11:30,5.0
A60,Calle 76,61686,12:16:30,5.0
A60,Calle 76,61686,12:21:30,5.0
A60,Calle 76,61686,12:26:30,5.0
A60,Calle 76,61686,12:31:30,5.0
A60,Calle 76,61686,12:36:30,5.0
A60,Calle 76,61686,12:41:30,5.0
A60,Calle 76,61686,12:46:30,5.0
A60,Calle 76,61686,12:51:30,5.0
A60,Calle 76,61686,12:56:30,5.0
A60,Calle 76,61686,13:01:30,5.0
A60,Calle 76,61686,13:06:30,5.0
A60,Calle 76,61686,13:11:30,5.0
A60,Calle 76,61686,13:16:30,5.0
A60,Calle 76,61686,13:21:30,5.0
A60,Calle 76,61686,13:26:30,5.0
A60,Calle 76,61686,13:31:30,5.0
A60,Calle 76,61686,13:36:30,5.0
A60,Calle 76,61686,13:41:30,5.0
A60,Calle 76,61686,13:46:30,5.0
A60,Calle 76,61686,13:51:30,5.0
A60,Calle 76,61686,13:56:30,5.0
A60,Calle 76,61686,14:01:30,5.0
A60,Calle 76,61686,14:06:30,5.0
A60,Calle 76,61686,14:11:30,5.0
A60,Calle 76,61686,14:16:30,5.0
A60,Calle 76,61686,14:21:30,5.0
A60,Calle 76,61686,14:26:30,5.0
A60,Calle 76,61686,14:31:30,5.0
A60,Calle 76,61686,14:36:30,5.0
A60,Calle 76,61686,14:41:30,5.0
A60,Calle 76,61686,14:46:30,5.0
A60,Calle 76,61686,14:51:30,5.0
A60,Calle 76,61686,14:56:30,5.0
A60,Calle 76,61686,15:01:30,5.0
A60,Calle 76,61686,15:05:30,4.0
A60,Calle 76,61686,15:09:30,4.0
A60,Calle 76,61686,15:13:30,4.0
A60,Calle 76,61686,15:17:30,4.0
A60,Calle 76,61686,15:21:30,4.0
A60,Calle 76,61686,15:25:30,4.0
A60,Calle 76,61686,15:29:30,4.0
A60,Calle 76,61686,15:33:30,4.0
A60,Calle 76,61686,15:38:00,4.5
A60,Calle 76,61686,15:42:30,4.5
A60,Calle 76,61686,15:47:00,4.5
A60,Calle 76,61686,15:51:30,4.5
A60,Calle 76,61686,15:56:00,4.5
A60,Calle 76,61686,16:00:30,4.5
A60,Calle 76,61686,16:05:00,4.5
A60,Calle 76,61686,16:09:30,4.5
A60,Calle 76,61686,16:14:00,4.5
A60,Calle 76,61686,16:18:30,4.5
A60,Calle 76,61686,16:23:00,4.5
A60,Calle 76,61686,16:27:30,4.5
A60,Calle 76,61686,16:32:00,4.5
A60,Calle 76,61686,16:36:30,4.5
A60,Calle 76,61686,16:41:00,4.5
A60,Calle 76,61686,16:45:30,4.5
A60,Calle 76,61686,16:50:00,4.5
A60,Calle 76,61686,16:54:30,4.5
A60,Calle 76,61686,16:59:00,4.5
A60,Calle 76,61686,17:03:30,4.5
A60,Calle 76,61686,17:08:00,4.5
A60,Calle 76,61686,17:12:30,4.5
A60,Calle 76,61686,17:17:00,4.5
A60,Calle 76,61686,17:21:30,4.5
A60,Calle 76,61686,17:26:00,4.5
A60,Calle 76,61686,17:30:30,4.5
A60,Calle 76,61686,17:35:00,4.5
A60,Calle 76,61686,17:39:30,4.5
A60,Calle 76,61686,17:44:00,4.5
A60,Calle 76,61686,17:48:30,4.5
A60,Calle 76,61686,17:53:00,4.5
A60,Calle 76,61686,17:57:30,4.5
A60,Calle 76,61686,18:02:00,4.5
A60,Calle 76,61686,18:06:45,4.8
A60,Calle 76,61686,18:11:30,4.8
A60,Calle 76,61686,18:16:15,4.8
A60,Calle 76,61686,18:21:15,5.0
A60,Calle 76,61686,18:26:15,5.0
A60,Calle 76,61686,18:31:15,5.0
A60,Calle 76,61686,18:36:30,5.2
A60,Calle 76,61686,18:41:45,5.2
A60,Calle 76,61686,18:47:00,5.2
A60,Calle 76,61686,18:52:45,5.8
A60,Calle 76,61686,18:58:30,5.8
A60,Calle 76,61686,19:04:15,5.8
A60,Calle 76,61686,19:10:15,6.0
A60,Calle 76,61686,19:16:15,6.0
A60,Calle 76,61686,19:22:15,6.0
A60,Calle 76,61686,19:28:15,6.0
A60,Calle 76,61686,19:34:15,6.0
A60,Calle 76,61686,19:40:15,6.0
A60,Calle 76,61686,19:46:15,6.0
A60,Calle 76,61686,19:52:15,6.0
A60,Calle 76,61686,19:58:15,6.0
A60,Calle 76,61686,20:04:15,6.0
A60,Calle 76,61686,20:10:15,6.0
A60,Calle 76,61686,20:16:15,6.0
A60,Calle 76,61686,20:22:15,6.0
A60,Calle 76,61686,20:28:15,6.0
A60,Calle 76,61686,20:34:15,6.0
A60,Calle 76,61686,20:40:00,5.8
A60,Calle 76,61686,20:45:45,5.8
A60,Calle 76,61686,20:51:45,6.0
A60,Calle 76,61686,20:58:45,7.0
A60,Calle 76,61686,21:04:00,5.2
A60,Calle 76,61686,21:10:00,6.0
A60,Calle 76,61686,21:16:00,6.0
A60,Calle 76,61686,21:23:00,7.0
A60,Calle 76,61686,21:30:00,7.0
A60,Calle 76,61713,05:30:00,0.0
A60,Calle 76,61713,05:33:45,3.8
A60,Calle 76,61713,05:42:30,8.8
A60,Calle 76,61713,05:51:15,8.8
A60,Calle 76,61713,06:00:45,9.5
A60,Calle 76,61713,06:08:30,7.8
A60,Calle 76,61713,06:17:45,9.2
A60,Calle 76,61713,06:25:30,7.8
A60,Calle 76,61713,06:34:30,9.0
A60,Calle 76,61713,06:42:30,8.0
A60,Calle 76,61713,06:52:00,9.5
A60,Calle 76,61713,06:59:30,7.5
A60,Calle 76,61713,07:08:00,8.5
A60,Calle 76,61713,07:16:30,8.5
A60,Calle 76,61713,07:25:00,8.5
A60,Calle 76,61713,07:33:30,8.5
A60,Calle 76,61713,07:42:00,8.5
A60,Calle 76,61713,07:50:30,8.5
A60,Calle 76,61713,07:59:00,8.5
B26,Alcalá,61692,04:30:00,0.0
B26,Alcalá,61692,04:34:45,4.8
B26,Alcalá,61692,04:39:30,4.8
B26,Alcalá,61692,04:44:15,4.8
B26,Alcalá,61692,04:49:00,4.8
B26,Alcalá,61692,04:53:45,4.8
B26,Alcalá,61692,04:58:30,4.8
B26,Alcalá,61692,05:03:15,4.8
B26,Alcalá,61692,05:08:00,4.8
B26,Alcalá,61692,05:12:45,4.8
B26,Alcalá,61692,05:17:30,4.8
B26,Alcalá,61692,05:22:15,4.8
B26,Alcalá,61692,05:27:00,4.8
B26,Alcalá,61692,05:31:45,4.8
B26,Alcalá,61692,05:36:30,4.8
B26,Alcalá,61692,05:41:15,4.8
B26,Alcalá,61692,05:46:00,4.8
B26,Alcalá,61692,05:49:45,3.8
B26,Alcalá,61692,05:53:30,3.8
B26,Alcalá,61692,05:57:15,3.8
B26,Alcalá,61692,06:01:00,3.8
B26,Alcalá,61692,06:04:45,3.8
B26,Alcalá,61692,06:08:30,3.8
B26,Alcalá,61692,06:12:15,3.8
B26,Alcalá,61692,06:16:00,3.8
B26,Alcalá,61692,06:19:45,3.8
B26,Alcalá,61692,06:23:30,3.8
B26,Alcalá,61692,06:27:15,3.8
B26,Alcalá,61692,06:31:00,3.8
B26,Alcalá,61692,06:34:45,3.8
B26,Alcalá,61692,06:38:30,3.8
B26,Alcalá,61692,06:42:15,3.8
B26,Alcalá,61692,06:46:00,3.8
B26,Alcalá,61692,06:49:45,3.8
B26,Alcalá,61692,06:53:30,3.8
B26,Alcalá,61692,06:57:15,3.8
B26,Alcalá,61692,07:01:00,3.8
B26,Alcalá,61692,07:05:30,4.5
B26,Alcalá,61692,07:10:00,4.5
B26,Alcalá,61692,07:14:30,4.5
B26,Alcalá,61692,07:19:00,4.5
B26,Alcalá,61692,07:24:00,5.0
B26,Alcalá,61692,07:29:00,5.0
B26,Alcalá,61692,07:34:00,5.0
B26,Alcalá,61692,07:40:15,6.2
B26,Alcalá,61692,07:46:30,6.2
B26,Alcalá,61692,07:53:00,6.5
B26,Alcalá,61692,07:59:30,6.5
B26,Alcalá,61692,08:06:00,6.5
B26,Alcalá,61692,08:12:45,6.8
B26,Alcalá,61692,08:19:30,6.8
B26,Alcalá,61692,08:26:30,7.0
B26,Alcalá,61692,08:33:30,7.0
B26,Alcalá,61692,08:40:30,7.0
B26,Alcalá,61692,08:46:30,6.0
B26,Alcalá,61692,08:53:30,7.0
B26,Alcalá,61692,09:00:00,6.5
B26,Alcalá,61713,05:30:00,0.0
B26,Alcalá,61713,05:35:00,5.0
B26,Alcalá,61713,05:42:45,7.8
B26,Alcalá,61713,05:50:30,7.8
B26,Alcalá,61713,05:58:30,8.0
B26,Alcalá,61713,06:06:15,7.8
B26,Alcalá,61713,06:13:30,7.2
B26,Alcalá,61713,06:21:00,7.5
B26,Alcalá,61713,06:28:30,7.5
B26,Alcalá,61713,06:35:45,7.2
B26,Alcalá,61713,06:43:00,7.2
B26,Alcalá,61713,06:50:15,7.2
B26,Alcalá,61713,06:57:30,7.2
B26,Alcalá,61713,07:04:45,7.2
B26,Alcalá,61713,07:12:00,7.2
B26,Alcalá,61713,07:19:30,7.5
B26,Alcalá,61713,07:26:45,7.2
B26,Alcalá,61713,07:34:15,7.5
B26,Alcalá,61713,07:41:30,7.2
B26,Alcalá,61713,07:48:45,7.2
B26,Alcalá,61713,07:56:00,7.2
E32,NQS Calle 75,61687,04:00:00,0.0
E32,NQS Calle 75,61687,04:04:00,4.0
E32,NQS Calle 75,61687,04:08:00,4.0
E32,NQS Calle 75,61687,04:12:00,4.0
E32,NQS Calle 75,61687,04:16:00,4.0
E32,NQS Calle 75,61687,04:20:00,4.0
E32,NQS Calle 75,61687,04:24:00,4.0
E32,NQS Calle 75,61687,04:28:00,4.0
E32,NQS Calle 75,61687,04:32:00,4.0
E32,NQS Calle 75,61687,04:36:00,4.0
E32,NQS Calle 75,61687,04:40:00,4.0
E32,NQS Calle 75,61687,04:44:00,4.0
E32,NQS Calle 75,61687,04:48:00,4.0
E32,NQS Calle 75,61687,04:52:00,4.0
E32,NQS Calle 75,61687,04:56:00,4.0
E32,NQS Calle 75,61687,05:00:00,4.0
E32,NQS Calle 75,61687,05:03:15,3.2
E32,NQS Calle 75,61687,05:06:30,3.2
E32,NQS Calle 75,61687,05:09:45,3.2
E32,NQS Calle 75,61687,05:13:00,3.2
E32,NQS Calle 75,61687,05:16:15,3.2
E32,NQS Calle 75,61687,05:19:30,3.2
E32,NQS Calle 75,61687,05:22:45,3.2
E32,NQS Calle 75,61687,05:26:00,3.2
E32,NQS Calle 75,61687,05:29:15,3.2
E32,NQS Calle 75,61687,05:32:30,3.2
E32,NQS Calle 75,61687,05:35:45,3.2
E32,NQS Calle 75,61687,05:39:00,3.2
E32,NQS Calle 75,61687,05:42:15,3.2
E32,NQS Calle 75,61687,05:45:30,3.2
E32,NQS Calle 75,61687,05:48:45,3.2
E32,NQS Calle 75,61687,05:52:00,3.2
E32,NQS Calle 75,61687,05:55:15,3.2
E32,NQS Calle 75,61687,05:58:30,3.2
E32,NQS Calle 75,61687,06:01:45,3.2
E32,NQS Calle 75,61687,06:05:00,3.2
E32,NQS Calle 75,61687,06:08:15,3.2
E32,NQS Calle 75,61687,06:11:30,3.2
E32,NQS Calle 75,61687,06:14:45,3.2
E32,NQS Calle 75,61687,06:18:00,3.2
E32,NQS Calle 75,61687,06:21:15,3.2
E32,NQS Calle 75,61687,06:24:30,3.2
E32,NQS Calle 75,61687,06:27:45,3.2
E32,NQS Calle 75,61687,06:31:00,3.2
E32,NQS Calle 75,61687,06:34:15,3.2
E32,NQS Calle 75,61687,06:37:30,3.2
E32,NQS Calle 75,61687,06:40:45,3.2
E32,NQS Calle 75,61687,06:44:00,3.2
E32,NQS Calle 75,61687,06:47:15,3.2
E32,NQS Calle 75,61687,06:50:30,3.2
E32,NQS Calle 75,61687,06:53:45,3.2
E32,NQS Calle 75,61687,06:57:00,3.2
E32,NQS Calle 75,61687,07:00:15,3.2
E32,NQS Calle 75,61687,07:04:45,4.5
E32,NQS Calle 75,61687,07:09:15,4.5
E32,NQS Calle 75,61687,07:13:45,4.5
E32,NQS Calle 75,61687,07:18:15,4.5
E32,NQS Calle 75,61687,07:22:45,4.5
E32,NQS Calle 75,61687,07:27:15,4.5
E32,NQS Calle 75,61687,07:31:45,4.5
E32,NQS Calle 75,61687,07:36:30,4.8
E32,NQS Calle 75,61687,07:41:15,4.8
E32,NQS Calle 75,61687,07:46:00,4.8
E32,NQS Calle 75,61687,07:50:45,4.8
E32,NQS Calle 75,61687,07:55:30,4.8
E32,NQS Calle 75,61687,08:00:15,4.8
E32,NQS Calle 75,61687,08:05:15,5.0
E32,NQS Calle 75,61687,08:10:15,5.0
E32,NQS Calle 75,61687,08:15:15,5.0
E32,NQS Calle 75,61687,08:20:15,5.0
E32,NQS Calle 75,61687,08:25:15,5.0
E32,NQS Calle 75,61687,08:30:15,5.0
E32,NQS Calle 75,61687,08:35:45,5.5
E32,NQS Calle 75,61687,08:41:15,5.5
E32,NQS Calle 75,61687,08:46:45,5.5
E32,NQS Calle 75,61687,08:52:15,5.5
E32,NQS Calle 75,61687,08:57:45,5.5
E32,NQS Calle 75,61687,09:03:15,5.5
E32,NQS Calle 75,61687,09:09:15,6.0
E32,NQS Calle 75,61687,09:15:15,6.0
E32,NQS Calle 75,61687,09:21:15,6.0
E32,NQS Calle 75,61687,09:27:15,6.0
E32,NQS Calle 75,61687,09:33:15,6.0
E32,NQS Calle 75,61687,09:39:15,6.0
E32,NQS Calle 75,61687,09:45:15,6.0
E32,NQS Calle 75,61687,09:51:15,6.0
E32,NQS Calle 75,61687,09:57:15,6.0
E32,NQS Calle 75,61687,10:03:15,6.0
E32,NQS Calle 75,61687,10:09:15,6.0
E32,NQS Calle 75,61687,10:15:15,6.0
E32,NQS Calle 75,61687,10:21:15,6.0
E32,NQS Calle 75,61687,10:27:15,6.0
E32,NQS Calle 75,61687,10:33:15,6.0
E32,NQS Calle 75,61687,10:39:15,6.0
E32,NQS Calle 75,61687,10:45:15,6.0
E32,NQS Calle 75,61687,10:51:15,6.0
E32,NQS Calle 75,61687,10:57:15,6.0
E32,NQS Calle 75,61687,11:03:15,6.0
E32,NQS Calle 75,61687,11:09:15,6.0
E32,NQS Calle 75,61687,11:15:15,6.0
E32,NQS Calle 75,61687,11:21:15,6.0
E32,NQS Calle 75,61687,11:27:15,6.0
E32,NQS Calle 75,61687,11:33:15,6.0
E32,NQS Calle 75,61687,11:39:15,6.0
E32,NQS Calle 75,61687,11:45:15,6.0
E32,NQS Calle 75,61687,11:51:15,6.0
E32,NQS Calle 75,61687,11:57:15,6.0
E32,NQS Calle 75,61687,12:03:15,6.0
E32,NQS Calle 75,61687,12:09:15,6.0
E32,NQS Calle 75,61687,12:15:15,6.0
E32,NQS Calle 75,61687,12:21:15,6.0
E32,NQS Calle 75,61687,12:27:15,6.0
E32,NQS Calle 75,61687,12:33:15,6.0
E32,NQS Calle 75,61687,12:39:15,6.0
E32,NQS Calle 75,61687,12:45:15,6.0
E32,NQS Calle 75,61687,12:51:15,6.0
E32,NQS Calle 75,61687,12:57:15,6.0
E32,NQS Calle 75,61687,13:03:15,6.0
E32,NQS Calle 75,61687,13:09:15,6.0
E32,NQS Calle 75,61687,13:15:15,6.0
E32,NQS Calle 75,61687,13:21:15,6.0
E32,NQS Calle 75,61687,13:27:15,6.0
E32,NQS Calle 75,61687,13:33:15,6.0
E32,NQS Calle 75,61687,13:39:15,6.0
E32,NQS Calle 75,61687,13:45:15,6.0
E32,NQS Calle 75,61687,13:51:15,6.0
E32,NQS Calle 75,61687,13:57:15,6.0
E32,NQS Calle 75,61687,14:03:15,6.0
E32,NQS Calle 75,61687,14:09:15,6.0
E32,NQS Calle 75,61687,14:15:15,6.0
E32,NQS Calle 75,61687,14:21:15,6.0
E32,NQS Calle 75,61687,14:27:15,6.0
E32,NQS Calle 75,61687,14:33:15,6.0
E32,NQS Calle 75,61687,14:39:15,6.0
E32,NQS Calle 75,61687,14:45:15,6.0
E32,NQS Calle 75,61687,14:51:15,6.0
E32,NQS Calle 75,61687,14:57:15,6.0
E32,NQS Calle 75,61687,15:03:15,6.0
E32,NQS Calle 75,61687,15:09:15,6.0
E32,NQS Calle 75,61687,15:15:15,6.0
E32,NQS Calle 75,61687,15:21:15,6.0
E32,NQS Calle 75,61687,15:27:15,6.0
E32,NQS Calle 75,61687,15:33:15,6.0
E32,NQS Calle 75,61687,15:39:15,6.0
E32,NQS Calle 75,61687,15:45:15,6.0
E32,NQS Calle 75,61687,15:51:15,6.0
E32,NQS Calle 75,61687,15:57:15,6.0
E32,NQS Calle 75,61687,16:03:15,6.0
E32,NQS Calle 75,61687,16:09:15,6.0
E32,NQS Calle 75,61687,16:15:15,6.0
E32,NQS Calle 75,61687,16:21:15,6.0
E32,NQS Calle 75,61687,16:27:15,6.0
E32,NQS Calle 75,61687,16:33:15,6.0
E32,NQS Calle 75,61687,16:39:15,6.0
E32,NQS Calle 75,61687,16:45:15,6.0
E32,NQS Calle 75,61687,16:51:15,6.0
E32,NQS Calle 75,61687,16:57:15,6.0
E32,NQS Calle 75,61687,17:03:15,6.0
E32,NQS Calle 75,61687,17:09:15,6.0
E32,NQS Calle 75,61687,17:15:15,6.0
E32,NQS Calle 75,61687,17:21:15,6.0
E32,NQS Calle 75,61687,17:27:15,6.0
E32,NQS Calle 75,61687,17:33:15,6.0
E32,NQS Calle 75,61687,17:39:15,6.0
E32,NQS Calle 75,61687,17:45:15,6.0
E32,NQS Calle 75,61687,17:51:15,6.0
E32,NQS Calle 75,61687,17:57:15,6.0
E32,NQS Calle 75,61687,18:03:15,6.0
E32,NQS Calle 75,61687,18:09:15,6.0
E32,NQS Calle 75,61687,18:15:15,6.0
E32,NQS Calle 75,61687,18:21:15,6.0
E32,NQS Calle 75,61687,18:27:15,6.0
E32,NQS Calle 75,61687,18:33:15,6.0
E32,NQS Calle 75,61687,18:39:15,6.0
E32,NQS Calle 75,61687,18:45:15,6.0
E32,NQS Calle 75,61687,18:51:15,6.0
E32,NQS Calle 75,61687,18:57:15,6.0
E32,NQS Calle 75,61687,19:03:15,6.0
E32,NQS Calle 75,61687,19:09:15,6.0
E32,NQS Calle 75,61687,19:15:15,6.0
E32,NQS Calle 75,61687,19:21:15,6.0
E32,NQS Calle 75,61687,19:27:15,6.0
E32,NQS Calle 75,61687,19:33:15,6.0
E32,NQS Calle 75,61687,19:43:15,10.0
E32,NQS Calle 75,61687,19:53:15,10.0
E32,NQS Calle 75,61687,20:03:15,10.0
E32,NQS Calle 75,61687,20:13:15,10.0
E32,NQS Calle 75,61687,20:23:00,9.8
E32,NQS Calle 75,61687,20:33:00,10.0
E32,NQS Calle 75,61687,20:43:00,10.0
E32,NQS Calle 75,61687,20:51:30,8.5
E32,NQS Calle 75,61687,21:00:00,8.5
E32,NQS Calle 75,61715,05:30:00,0.0
E32,NQS Calle 75,61715,05:33:15,3.2
E32,NQS Calle 75,61715,05:44:15,11.0
E32,NQS Calle 75,61715,05:54:15,10.0
E32,NQS Calle 75,61715,06:04:15,10.0
E32,NQS Calle 75,61715,06:14:15,10.0
E32,NQS Calle 75,61715,06:24:30,10.2
E32,NQS Calle 75,61715,06:34:30,10.0
E32,NQS Calle 75,61715,06:44:45,10.2
E32,NQS Calle 75,61715,06:54:45,10.0
E32,NQS Calle 75,61715,07:05:00,10.2
E32,NQS Calle 75,61715,07:15:00,10.0
E32,NQS Calle 75,61715,07:25:00,10.0
E32,NQS Calle 75,61715,07:34:00,9.0
E32,NQS Calle 75,61715,07:44:00,10.0
E32,NQS Calle 75,61715,07:54:00,10.0
5,Av. Jiménez,61629,04:00:00,0.0
5,Av. Jiménez,61629,04:07:30,7.5
5,Av. Jiménez,61629,04:15:00,7.5
5,Av. Jiménez,61689,04:00:00,0.0
5,Av. Jiménez,61689,04:05:00,5.0
5,Av. Jiménez,61689,04:10:00,5.0
5,Av. Jiménez,61689,04:15:00,5.0
5,Av. Jiménez,61689,04:20:00,5.0
5,Av. Jiménez,61689,04:25:00,5.0
5,Av. Jiménez,61689,04:30:00,5.0
5,Av. Jiménez,61689,04:35:00,5.0
5,Av. Jiménez,61689,04:40:00,5.0
5,Av. Jiménez,61689,04:45:00,5.0
5,Av. Jiménez,61689,04:50:00,5.0
5,Av. Jiménez,61689,04:55:00,5.0
5,Av. Jiménez,61689,05:00:00,5.0
5,Av. Jiménez,61689,05:05:00,5.0
5,Av. Jiménez,61689,05:10:00,5.0
5,Av. Jiménez,61689,05:15:00,5.0
5,Av. Jiménez,61689,05:20:00,5.0
5,Av. Jiménez,61689,05:25:00,5.0
5,Av. Jiménez,61689,05:30:00,5.0
5,Av. Jiménez,61689,05:35:00,5.0
5,Av. Jiménez,61689,05:40:00,5.0
5,Av. Jiménez,61689,05:45:00,5.0
5,Av. Jiménez,61689,05:50:00,5.0
5,Av. Jiménez,61689,05:55:00,5.0
5,Av. Jiménez,61689,06:00:00,5.0
5,Av. Jiménez,61689,06:05:00,5.0
5,Av. Jiménez,61689,06:10:00,5.0
5,Av. Jiménez,61689,06:15:00,5.0
5,Av. Jiménez,61689,06:20:00,5.0
5,Av. Jiménez,61689,06:25:00,5.0
5,Av. Jiménez,61689,06:30:00,5.0
5,Av. Jiménez,61689,06:35:00,5.0
5,Av. Jiménez,61689,06:40:00,5.0
5,Av. Jiménez,61689,06:45:00,5.0
5,Av. Jiménez,61689,06:50:00,5.0
5,Av. Jiménez,61689,06:55:00,5.0
5,Av. Jiménez,61689,07:00:00,5.0
5,Av. Jiménez,61689,07:05:00,5.0
5,Av. Jiménez,61689,07:10:00,5.0
5,Av. Jiménez,61689,07:15:00,5.0
5,Av. Jiménez,61689,07:20:00,5.0
5,Av. Jiménez,61689,07:25:00,5.0
5,Av. Jiménez,61689,07:30:00,5.0
5,Av. Jiménez,61689,07:35:00,5.0
5,Av. Jiménez,61689,07:40:00,5.0
5,Av. Jiménez,61689,07:45:00,5.0
5,Av. Jiménez,61689,07:50:00,5.0
5,Av. Jiménez,61689,07:55:00,5.0
5,Av. Jiménez,61689,08:00:00,5.0
5,Av. Jiménez,61689,08:05:00,5.0
5,Av. Jiménez,61689,08:10:00,5.0
5,Av. Jiménez,61689,08:15:00,5.0
5,Av. Jiménez,61689,08:20:00,5.0
5,Av. Jiménez,61689,08:25:00,5.0
5,Av. Jiménez,61689,08:30:00,5.0
5,Av. Jiménez,61689,08:35:00,5.0
5,Av. Jiménez,61689,08:40:00,5.0
5,Av. Jiménez,61689,08:45:00,5.0
5,Av. Jiménez,61689,08:50:00,5.0
5,Av. Jiménez,61689,08:55:00,5.0
5,Av. Jiménez,61689,09:00:00,5.0
5,Av. Jiménez,61689,09:05:00,5.0
5,Av. Jiménez,61689,09:10:00,5.0
5,Av. Jiménez,61689,09:15:00,5.0
5,Av. Jiménez,61689,09:20:00,5.0
5,Av. Jiménez,61689,09:25:00,5.0
5,Av. Jiménez,61689,09:30:00,5.0
5,Av. Jiménez,61689,09:35:00,5.0
5,Av. Jiménez,61689,09:40:00,5.0
5,Av. Jiménez,61689,09:45:00,5.0
5,Av. Jiménez,61689,09:50:00,5.0
5,Av. Jiménez,61689,09:55:00,5.0
5,Av. Jiménez,61689,10:00:00,5.0
5,Av. Jiménez,61689,10:05:00,5.0
5,Av. Jiménez,61689,10:10:00,5.0
5,Av. Jiménez,61689,10:15:00,5.0
5,Av. Jiménez,61689,10:20:00,5.0
5,Av. Jiménez,61689,10:25:00,5.0
5,Av. Jiménez,61689,10:30:00,5.0
5,Av. Jiménez,61689,10:35:00,5.0
5,Av. Jiménez,61689,10:40:00,5.0
5,Av. Jiménez,61689,10:45:00,5.0
5,Av. Jiménez,61689,10:50:00,5.0
5,Av. Jiménez,61689,10:55:00,5.0
5,Av. Jiménez,61689,11:00:00,5.0
5,Av. Jiménez,61689,11:05:00,5.0
5,Av. Jiménez,61689,11:10:00,5.0
5,Av. Jiménez,61689,11:15:00,5.0
5,Av. Jiménez,61689,11:20:00,5.0
5,Av. Jiménez,61689,11:25:00,5.0
5,Av. Jiménez,61689,11:30:00,5.0
5,Av. Jiménez,61689,11:35:00,5.0
5,Av. Jiménez,61689,11:40:00,5.0
5,Av. Jiménez,61689,11:45:00,5.0
5,Av. Jiménez,61689,11:50:00,5.0
5,Av. Jiménez,61689,11:55:00,5.0
5,Av. Jiménez,61689,12:00:00,5.0
5,Av. Jiménez,61689,12:05:00,5.0
5,Av. Jiménez,61689,12:10:00,5.0
5,Av. Jiménez,61689,12:15:00,5.0
5,Av. Jiménez,61689,12:20:00,5.0
5,Av. Jiménez,61689,12:25:00,5.0
5,Av. Jiménez,61689,12:30:00,5.0
5,Av. Jiménez,61689,12:35:00,5.0
5,Av. Jiménez,61689,12:40:00,5.0
5,Av. Jiménez,61689,12:45:00,5.0
5,Av. Jiménez,61689,12:50:00,5.0
5,Av. Jiménez,61689,12:55:00,5.0
5,Av. Jiménez,61689,13:00:00,5.0
5,Av. Jiménez,61689,13:05:00,5.0
5,Av. Jiménez,61689,13:10:00,5.0
5,Av. Jiménez,61689,13:15:00,5.0
5,Av. Jiménez,61689,13:20:00,5.0
5,Av. Jiménez,61689,13:25:00,5.0
5,Av. Jiménez,61689,13:30:00,5.0
5,Av. Jiménez,61689,13:35:00,5.0
5,Av. Jiménez,61689,13:40:00,5.0
5,Av. Jiménez,61689,13:45:00,5.0
5,Av. Jiménez,61689,13:50:00,5.0
5,Av. Jiménez,61689,13:55:00,5.0
5,Av. Jiménez,61689,14:00:00,5.0
5,Av. Jiménez,61689,14:05:00,5.0
5,Av. Jiménez,61689,14:10:00,5.0
5,Av. Jiménez,61689,14:15:00,5.0
5,Av. Jiménez,61689,14:20:00,5.0
5,Av. Jiménez,61689,14:25:00,5.0
5,Av. Jiménez,61689,14:30:00,5.0
5,Av. Jiménez,61689,14:35:00,5.0
5,Av. Jiménez,61689,14:40:00,5.0
5,Av. Jiménez,61689,14:45:00,5.0
5,Av. Jiménez,61689,14:50:00,5.0
5,Av. Jiménez,61689,14:55:00,5.0
5,Av. Jiménez,61689,15:00:00,5.0
5,Av. Jiménez,61689,15:05:00,5.0
5,Av. Jiménez,61689,15:10:00,5.0
5,Av. Jiménez,61689,15:15:00,5.0
5,Av. Jiménez,61689,15:20:00,5.0
5,Av. Jiménez,61689,15:25:00,5.0
5,Av. Jiménez,61689,15:30:00,5.0
5,Av. Jiménez,61689,15:35:15,5.2
5,Av. Jiménez,61689,15:40:30,5.2
5,Av. Jiménez,61689,15:45:45,5.2
5,Av. Jiménez,61689,15:50:30,4.8
5,Av. Jiménez,61689,15:55:15,4.8
5,Av. Jiménez,61689,16:00:00,4.8
5,Av. Jiménez,61689,16:04:30,4.5
5,Av. Jiménez,61689,16:09:00,4.5
5,Av. Jiménez,61689,16:13:30,4.5
5,Av. Jiménez,61689,16:18:00,4.5
5,Av. Jiménez,61689,16:22:30,4.5
5,Av. Jiménez,61689,16:27:00,4.5
5,Av. Jiménez,61689,16:31:30,4.5
5,Av. Jiménez,61689,16:35:45,4.2
5,Av. Jiménez,61689,16:40:00,4.2
5,Av. Jiménez,61689,16:44:15,4.2
5,Av. Jiménez,61689,16:48:30,4.2
5,Av. Jiménez,61689,16:52:45,4.2
5,Av. Jiménez,61689,16:57:00,4.2
5,Av. Jiménez,61689,17:01:15,4.2
5,Av. Jiménez,61689,17:05:30,4.2
5,Av. Jiménez,61689,17:09:45,4.2
5,Av. Jiménez,61689,17:14:00,4.2
5,Av. Jiménez,61689,17:18:15,4.2
5,Av. Jiménez,61689,17:22:30,4.2
5,Av. Jiménez,61689,17:26:45,4.2
5,Av. Jiménez,61689,17:31:00,4.2
5,Av. Jiménez,61689,17:35:15,4.2
5,Av. Jiménez,61689,17:39:30,4.2
5,Av. Jiménez,61689,17:43:45,4.2
5,Av. Jiménez,61689,17:48:00,4.2
5,Av. Jiménez,61689,17:52:15,4.2
5,Av. Jiménez,61689,17:56:30,4.2
5,Av. Jiménez,61689,18:00:45,4.2
5,Av. Jiménez,61689,18:05:00,4.2
5,Av. Jiménez,61689,18:09:15,4.2
5,Av. Jiménez,61689,18:13:30,4.2
5,Av. Jiménez,61689,18:17:45,4.2
5,Av. Jiménez,61689,18:22:00,4.2
5,Av. Jiménez,61689,18:26:15,4.2
5,Av. Jiménez,61689,18:30:30,4.2
5,Av. Jiménez,61689,18:35:15,4.8
5,Av. Jiménez,61689,18:40:00,4.8
5,Av. Jiménez,61689,18:44:45,4.8
5,Av. Jiménez,61689,18:49:30,4.8
5,Av. Jiménez,61689,18:55:00,5.5
5,Av. Jiménez,61689,19:00:30,5.5
5,Av. Jiménez,61689,19:06:00,5.5
5,Av. Jiménez,61689,19:11:30,5.5
5,Av. Jiménez,61689,19:17:00,5.5
5,Av. Jiménez,61689,19:22:30,5.5
5,Av. Jiménez,61689,19:28:00,5.5
5,Av. Jiménez,61689,19:33:30,5.5
5,Av. Jiménez,61689,19:39:00,5.5
5,Av. Jiménez,61689,19:44:30,5.5
5,Av. Jiménez,61689,19:50:00,5.5
5,Av. Jiménez,61689,19:55:00,5.0
5,Av. Jiménez,61689,20:00:00,5.0
5,Av. Jiménez,61689,20:05:00,5.0
5,Av. Jiménez,61689,20:10:00,5.0
5,Av. Jiménez,61689,20:15:00,5.0
5,Av. Jiménez,61689,20:20:00,5.0
5,Av. Jiménez,61689,20:25:00,5.0
5,Av. Jiménez,61689,20:30:00,5.0
5,Av. Jiménez,61689,20:35:00,5.0
5,Av. Jiménez,61689,20:40:00,5.0
5,Av. Jiménez,61689,20:45:00,5.0
5,Av. Jiménez,61689,20:50:00,5.0
5,Av. Jiménez,61689,20:55:00,5.0
5,Av. Jiménez,61689,21:00:00,5.0
5,Av. Jiménez,61689,21:05:00,5.0
5,Av. Jiménez,61689,21:10:00,5.0
5,Av. Jiménez,61689,21:15:00,5.0
5,Av. Jiménez,61689,21:20:00,5.0
5,Av. Jiménez,61689,21:25:00,5.0
5,Av. Jiménez,61689,21:30:00,5.0
5,Av. Jiménez,61689,21:35:00,5.0
5,Av. Jiménez,61689,21:40:00,5.0
5,Av. Jiménez,61689,21:45:00,5.0
5,Av. Jiménez,61689,21:50:00,5.0
5,Av. Jiménez,61689,21:55:00,5.0
5,Av. Jiménez,61689,22:00:00,5.0
5,Av. Jiménez,61689,22:05:00,5.0
5,Av. Jiménez,61689,22:10:00,5.0
5,Av. Jiménez,61689,22:15:00,5.0
5,Av. Jiménez,61689,22:20:00,5.0
5,Av. Jiménez,61689,22:25:00,5.0
5,Av. Jiménez,61689,22:30:00,5.0
5,Av. Jiménez,61689,22:35:00,5.0
5,Av. Jiménez,61689,22:40:00,5.0
5,Av. Jiménez,61689,22:45:00,5.0
5,Av. Jiménez,61689,22:49:00,4.0
5,Av. Jiménez,61689,22:54:15,5.2
5,Av. Jiménez,61689,23:00:00,5.8
8,Guatoque,61263,04:30:00,0.0
8,Guatoque,61263,04:34:00,4.0
8,Guatoque,61263,04:38:00,4.0
8,Guatoque,61263,04:42:00,4.0
8,Guatoque,61263,04:46:00,4.0
8,Guatoque,61263,04:50:00,4.0
8,Guatoque,61263,04:54:00,4.0
8,Guatoque,61263,04:58:00,4.0
8,Guatoque,61263,05:02:00,4.0
8,Guatoque,61263,05:06:00,4.0
8,Guatoque,61263,05:10:00,4.0
8,Guatoque,61263,05:14:00,4.0
8,Guatoque,61263,05:18:00,4.0
8,Guatoque,61263,05:22:00,4.0
8,Guatoque,61263,05:26:00,4.0
8,Guatoque,61263,05:30:00,4.0
8,Guatoque,61263,05:34:00,4.0
8,Guatoque,61263,05:38:00,4.0
8,Guatoque,61263,05:42:00,4.0
8,Guatoque,61263,05:46:00,4.0
8,Guatoque,61263,05:50:00,4.0
8,Guatoque,61263,05:54:00,4.0
8,Guatoque,61263,05:58:00,4.0
8,Guatoque,61263,06:02:00,4.0
8,Guatoque,61263,06:06:00,4.0
8,Guatoque,61263,06:10:00,4.0
8,Guatoque,61263,06:14:00,4.0
8,Guatoque,61263,06:18:00,4.0
8,Guatoque,61263,06:22:00,4.0
8,Guatoque,61263,06:26:00,4.0
8,Guatoque,61263,06:30:00,4.0
8,Guatoque,61263,06:34:00,4.0
8,Guatoque,61263,06:38:00,4.0
8,Guatoque,61263,06:42:00,4.0
8,Guatoque,61263,06:46:00,4.0
8,Guatoque,61263,06:50:00,4.0
8,Guatoque,61263,06:54:00,4.0
8,Guatoque,61263,06:58:00,4.0
8,Guatoque,61263,07:02:00,4.0
8,Guatoque,61263,07:06:00,4.0
8,Guatoque,61263,07:10:00,4.0
8,Guatoque,61263,07:14:00,4.0
8,Guatoque,61263,07:18:00,4.0
8,Guatoque,61263,07:22:00,4.0
8,Guatoque,61263,07:26:00,4.0
8,Guatoque,61263,07:30:00,4.0
8,Guatoque,61263,07:34:00,4.0
8,Guatoque,61263,07:38:00,4.0
8,Guatoque,61263,07:42:00,4.0
8,Guatoque,61263,07:46:00,4.0
8,Guatoque,61263,07:50:00,4.0
8,Guatoque,61263,07:54:00,4.0
8,Guatoque,61263,07:58:00,4.0
8,Guatoque,61263,08:02:00,4.0
8,Guatoque,61263,08:06:45,4.8
8,Guatoque,61263,08:11:30,4.8
8,Guatoque,61263,08:16:15,4.8
8,Guatoque,61263,08:21:00,4.8
8,Guatoque,61263,08:25:45,4.8
8,Guatoque,61263,08:30:30,4.8
8,Guatoque,61263,08:35:15,4.8
8,Guatoque,61263,08:40:00,4.8
8,Guatoque,61263,08:44:45,4.8
8,Guatoque,61263,08:49:30,4.8
8,Guatoque,61263,08:54:15,4.8
8,Guatoque,61263,08:59:00,4.8
8,Guatoque,61263,09:03:45,4.8
8,Guatoque,61263,09:08:30,4.8
8,Guatoque,61263,09:13:15,4.8
8,Guatoque,61263,09:18:00,4.8
8,Guatoque,61263,09:22:45,4.8
8,Guatoque,61263,09:27:30,4.8
8,Guatoque,61263,09:32:15,4.8
8,Guatoque,61263,09:37:00,4.8
8,Guatoque,61263,09:41:45,4.8
8,Guatoque,61263,09:46:30,4.8
8,Guatoque,61263,09:53:00,6.5
8,Guatoque,61263,09:59:30,6.5
8,Guatoque,61263,10:06:00,6.5
8,Guatoque,61263,10:12:30,6.5
8,Guatoque,61263,10:19:00,6.5
8,Guatoque,61263,10:25:30,6.5
8,Guatoque,61263,10:32:00,6.5
8,Guatoque,61263,10:38:30,6.5
8,Guatoque,61263,10:45:00,6.5
8,Guatoque,61263,10:51:30,6.5
8,Guatoque,61263,10:58:00,6.5
8,Guatoque,61263,11:04:30,6.5
8,Guatoque,61263,11:11:00,6.5
8,Guatoque,61263,11:17:30,6.5
8,Guatoque,61263,11:24:00,6.5
8,Guatoque,61263,11:30:30,6.5
8,Guatoque,61263,11:37:00,6.5
8,Guatoque,61263,11:43:30,6.5
8,Guatoque,61263,11:50:00,6.5
8,Guatoque,61263,11:56:30,6.5
8,Guatoque,61263,12:03:00,6.5
8,Guatoque,61263,12:09:30,6.5
8,Guatoque,61263,12:16:00,6.5
8,Guatoque,61263,12:22:30,6.5
8,Guatoque,61263,12:29:00,6.5
8,Guatoque,61263,12:35:30,6.5
8,Guatoque,61263,12:42:00,6.5
8,Guatoque,61263,12:48:30,6.5
8,Guatoque,61263,12:55:00,6.5
8,Guatoque,61263,13:01:30,6.5
8,Guatoque,61263,13:08:00,6.5
8,Guatoque,61263,13:14:30,6.5
8,Guatoque,61263,13:21:00,6.5
8,Guatoque,61263,13:27:30,6.5
8,Guatoque,61263,13:34:00,6.5
8,Guatoque,61263,13:40:30,6.5
8,Guatoque,61263,13:47:00,6.5
8,Guatoque,61263,13:53:30,6.5
8,Guatoque,61263,14:00:00,6.5
8,Guatoque,61263,14:06:30,6.5
8,Guatoque,61263,14:13:00,6.5
8,Guatoque,61263,14:19:30,6.5
8,Guatoque,61263,14:26:00,6.5
8,Guatoque,61263,14:32:30,6.5
8,Guatoque,61263,14:39:00,6.5
8,Guatoque,61263,14:45:30,6.5
8,Guatoque,61263,14:52:00,6.5
8,Guatoque,61263,14:58:30,6.5
8,Guatoque,61263,15:05:00,6.5
8,Guatoque,61263,15:10:15,5.2
8,Guatoque,61263,15:15:30,5.2
8,Guatoque,61263,15:20:45,5.2
8,Guatoque,61263,15:26:00,5.2
8,Guatoque,61263,15:31:15,5.2
8,Guatoque,61263,15:36:30,5.2
8,Guatoque,61263,15:41:45,5.2
8,Guatoque,61263,15:47:00,5.2
8,Guatoque,61263,15:52:15,5.2
8,Guatoque,61263,15:57:30,5.2
8,Guatoque,61263,16:02:45,5.2
8,Guatoque,61263,16:08:00,5.2
8,Guatoque,61263,16:13:15,5.2
8,Guatoque,61263,16:18:30,5.2
8,Guatoque,61263,16:23:45,5.2
8,Guatoque,61263,16:29:00,5.2
8,Guatoque,61263,16:34:15,5.2
8,Guatoque,61263,16:39:30,5.2
8,Guatoque,61263,16:44:45,5.2
8,Guatoque,61263,16:50:00,5.2
8,Guatoque,61263,16:55:15,5.2
8,Guatoque,61263,17:00:30,5.2
8,Guatoque,61263,17:05:45,5.2
8,Guatoque,61263,17:11:00,5.2
8,Guatoque,61263,17:16:15,5.2
8,Guatoque,61263,17:21:30,5.2
8,Guatoque,61263,17:26:45,5.2
8,Guatoque,61263,17:32:00,5.2
8,Guatoque,61263,17:37:15,5.2
8,Guatoque,61263,17:42:30,5.2
8,Guatoque,61263,17:47:45,5.2
8,Guatoque,61263,17:53:00,5.2
8,Guatoque,61263,17:58:15,5.2
8,Guatoque,61263,18:03:30,5.2
8,Guatoque,61263,18:08:45,5.2
8,Guatoque,61263,18:14:00,5.2
8,Guatoque,61263,18:19:15,5.2
8,Guatoque,61263,18:24:30,5.2
8,Guatoque,61263,18:29:45,5.2
8,Guatoque,61263,18:35:00,5.2
8,Guatoque,61263,18:40:45,5.8
8,Guatoque,61263,18:46:30,5.8
8,Guatoque,61263,18:52:15,5.8
8,Guatoque,61263,18:58:00,5.8
8,Guatoque,61263,19:03:45,5.8
8,Guatoque,61263,19:09:30,5.8
8,Guatoque,61263,19:15:15,5.8
8,Guatoque,61263,19:21:00,5.8
8,Guatoque,61263,19:26:45,5.8
8,Guatoque,61263,19:32:30,5.8
8,Guatoque,61263,19:38:15,5.8
8,Guatoque,61263,19:44:00,5.8
8,Guatoque,61263,19:49:45,5.8
8,Guatoque,61263,19:55:30,5.8
8,Guatoque,61263,20:01:15,5.8
8,Guatoque,61263,20:07:15,6.0
8,Guatoque,61263,20:13:15,6.0
8,Guatoque,61263,20:19:15,6.0
8,Guatoque,61263,20:25:15,6.0
8,Guatoque,61263,20:31:15,6.0
8,Guatoque,61263,20:37:15,6.0
8,Guatoque,61263,20:43:15,6.0
8,Guatoque,61263,20:49:15,6.0
8,Guatoque,61263,20:55:15,6.0
8,Guatoque,61263,21:01:15,6.0
8,Guatoque,61263,21:07:15,6.0
8,Guatoque,61263,21:13:15,6.0
8,Guatoque,61263,21:19:15,6.0
8,Guatoque,61263,21:25:15,6.0
8,Guatoque,61263,21:31:15,6.0
8,Guatoque,61263,21:37:15,6.0
8,Guatoque,61263,21:43:15,6.0
8,Guatoque,61263,21:49:15,6.0
8,Guatoque,61263,21:55:15,6.0
8,Guatoque,61263,22:01:00,5.8
8,Guatoque,61263,22:05:45,4.8
8,Guatoque,61263,22:12:30,6.8
8,Guatoque,61263,22:17:15,4.8
8,Guatoque,61263,22:22:00,4.8
8,Guatoque,61263,22:26:45,4.8
8,Guatoque,61263,22:32:45,6.0
8,Guatoque,61263,22:39:15,6.5
8,Guatoque,61263,22:46:00,6.8
8,Guatoque,61263,22:53:00,7.0
8,Guatoque,61263,23:00:00,7.0
H27,Portal Tunal,73218,06:00:00,0.0
H27,Portal Tunal,73218,06:05:00,5.0
H27,Portal Tunal,73218,06:10:00,5.0
H27,Portal Tunal,73218,06:15:00,5.0
H27,Portal Tunal,73218,06:20:00,5.0
H27,Portal Tunal,73218,06:25:00,5.0
H27,Portal Tunal,73218,06:30:00,5.0
H27,Portal Tunal,73218,06:35:00,5.0
H27,Portal Tunal,73218,06:40:00,5.0
H27,Portal Tunal,73218,06:45:00,5.0
H27,Portal Tunal,73218,06:50:00,5.0
H27,Portal Tunal,73218,06:55:00,5.0
H27,Portal Tunal,73218,07:00:00,5.0
H27,Portal Tunal,73218,07:05:00,5.0
H27,Portal Tunal,73218,07:10:00,5.0
H27,Portal Tunal,73218,07:15:00,5.0
H27,Portal Tunal,73218,07:20:00,5.0
H27,Portal Tunal,73218,07:25:00,5.0
H27,Portal Tunal,73218,07:30:00,5.0
H27,Portal Tunal,73218,07:35:00,5.0
H27,Portal Tunal,73218,07:40:00,5.0
H27,Portal Tunal,73218,07:45:00,5.0
H27,Portal Tunal,73218,07:50:00,5.0
H27,Portal Tunal,73218,07:55:00,5.0
H27,Portal Tunal,73218,08:00:00,5.0
H27,Portal Tunal,73218,08:05:00,5.0
H27,Portal Tunal,73218,08:10:00,5.0
H27,Portal Tunal,73218,08:15:00,5.0
H27,Portal Tunal,73218,08:22:15,7.2
H27,Portal Tunal,73218,08:30:30,8.2
H27,Portal Tunal,73218,08:38:15,7.8
H27,Portal Tunal,73218,08:45:30,7.2
H27,Portal Tunal,73218,08:52:45,7.2
H27,Portal Tunal,73218,09:00:00,7.2
H27,Portal Tunal,73218,15:00:00,360.0
H27,Portal Tunal,73218,15:06:00,6.0
H27,Portal Tunal,73218,15:12:00,6.0
H27,Portal Tunal,73218,15:18:00,6.0
H27,Portal Tunal,73218,15:24:00,6.0
H27,Portal Tunal,73218,15:30:00,6.0
H27,Portal Tunal,73218,15:36:00,6.0
H27,Portal Tunal,73218,15:42:00,6.0
H27,Portal Tunal,73218,15:48:00,6.0
H27,Portal Tunal,73218,15:54:00,6.0
H27,Portal Tunal,73218,16:00:00,6.0
H27,Portal Tunal,73218,16:03:30,3.5
H27,Portal Tunal,73218,16:07:00,3.5
H27,Portal Tunal,73218,16:10:30,3.5
H27,Portal Tunal,73218,16:14:00,3.5
H27,Portal Tunal,73218,16:17:30,3.5
H27,Portal Tunal,73218,16:21:00,3.5
H27,Portal Tunal,73218,16:24:30,3.5
H27,Portal Tunal,73218,16:28:00,3.5
H27,Portal Tunal,73218,16:31:30,3.5
H27,Portal Tunal,73218,16:35:00,3.5
H27,Portal Tunal,73218,16:38:30,3.5
H27,Portal Tunal,73218,16:42:00,3.5
H27,Portal Tunal,73218,16:45:30,3.5
H27,Portal Tunal,73218,16:49:00,3.5
H27,Portal Tunal,73218,16:52:30,3.5
H27,Portal Tunal,73218,16:56:00,3.5
H27,Portal Tunal,73218,16:59:30,3.5
H27,Portal Tunal,73218,17:03:00,3.5
H27,Portal Tunal,73218,17:06:30,3.5
H27,Portal Tunal,73218,17:10:00,3.5
H27,Portal Tunal,73218,17:13:30,3.5
H27,Portal Tunal,73218,17:17:00,3.5
H27,Portal Tunal,73218,17:20:30,3.5
H27,Portal Tunal,73218,17:24:00,3.5
H27,Portal Tunal,73218,17:27:30,3.5
H27,Portal Tunal,73218,17:31:00,3.5
H27,Portal Tunal,73218,17:34:30,3.5
H27,Portal Tunal,73218,17:38:00,3.5
H27,Portal Tunal,73218,17:39:45,1.8
H27,Portal Tunal,73218,17:41:30,1.8
H27,Portal Tunal,73218,17:45:00,3.5
H27,Portal Tunal,73218,17:48:30,3.5
H27,Portal Tunal,73218,17:52:00,3.5
H27,Portal Tunal,73218,17:55:30,3.5
H27,Portal Tunal,73218,17:59:00,3.5
H27,Portal Tunal,73218,18:02:30,3.5
H27,Portal Tunal,73218,18:06:00,3.5
H27,Portal Tunal,73218,18:09:30,3.5
H27,Portal Tunal,73218,18:13:00,3.5
H27,Portal Tunal,73218,18:16:30,3.5
H27,Portal Tunal,73218,18:20:15,3.8
H27,Portal Tunal,73218,18:24:00,3.8
H27,Portal Tunal,73218,18:27:45,3.8
H27,Portal Tunal,73218,18:31:30,3.8
H27,Portal Tunal,73218,18:35:15,3.8
H27,Portal Tunal,73218,18:39:00,3.8
H27,Portal Tunal,73218,18:42:45,3.8
H27,Portal Tunal,73218,18:46:30,3.8
H27,Portal Tunal,73218,18:51:15,4.8
H27,Portal Tunal,73218,18:55:45,4.5
H27,Portal Tunal,73218,19:00:30,4.8
H27,Portal Tunal,73218,19:05:30,5.0
H27,Portal Tunal,73218,19:10:15,4.8
H27,Portal Tunal,73218,19:15:15,5.0
H27,Portal Tunal,73218,19:20:15,5.0
H27,Portal Tunal,73218,19:25:00,4.8
H27,Portal Tunal,73218,19:30:00,5.0
H27,Portal Tunal,73218,19:38:15,8.2
H27,Portal Tunal,73218,19:44:45,6.5
H27,Portal Tunal,73218,19:51:15,6.5
H27,Portal Tunal,73218,20:00:00,8.8
H75,P.USME,61216,04:30:00,0.0
H75,P.USME,61216,04:45:00,15.0
H75,P.USME,61216,05:00:00,15.0
H75,P.USME,61216,05:10:00,10.0
H75,P.USME,73219,05:00:00,0.0
H75,P.USME,73219,05:09:45,9.8
H75,P.USME,73219,05:19:30,9.8
H75,P.USME,73219,05:28:30,9.0
H75,P.USME,73219,05:37:30,9.0
H75,P.USME,73219,05:45:00,7.5
H75,P.USME,73219,05:50:30,5.5
H75,P.USME,73219,05:56:00,5.5
H75,P.USME,73219,06:01:30,5.5
H75,P.USME,73219,06:05:15,3.8
H75,P.USME,73219,06:09:00,3.8
H75,P.USME,73219,06:12:45,3.8
H75,P.USME,73219,06:16:30,3.8
H75,P.USME,73219,06:19:45,3.2
H75,P.USME,73219,06:23:00,3.2
H75,P.USME,73219,06:26:15,3.2
H75,P.USME,73219,06:29:30,3.2
H75,P.USME,73219,06:32:45,3.2
H75,P.USME,73219,06:36:00,3.2
H75,P.USME,73219,06:39:15,3.2
H75,P.USME,73219,06:42:30,3.2
H75,P.USME,73219,06:45:45,3.2
H75,P.USME,73219,06:49:00,3.2
H75,P.USME,73219,06:52:15,3.2
H75,P.USME,73219,06:55:30,3.2
H75,P.USME,73219,06:58:45,3.2
H75,P.USME,73219,07:02:00,3.2
H75,P.USME,73219,07:05:15,3.2
H75,P.USME,73219,07:08:30,3.2
H75,P.USME,73219,07:11:45,3.2
H75,P.USME,73219,07:15:00,3.2
H75,P.USME,73219,07:18:15,3.2
H75,P.USME,73219,07:21:30,3.2
H75,P.USME,73219,07:24:45,3.2
H75,P.USME,73219,07:28:00,3.2
H75,P.USME,73219,07:31:15,3.2
H75,P.USME,73219,07:34:45,3.5
H75,P.USME,73219,07:38:15,3.5
H75,P.USME,73219,07:41:45,3.5
H75,P.USME,73219,07:45:15,3.5
H75,P.USME,73219,07:49:00,3.8
H75,P.USME,73219,07:52:45,3.8
H75,P.USME,73219,07:56:30,3.8
H75,P.USME,73219,08:00:15,3.8
H75,P.USME,73219,08:04:00,3.8
H75,P.USME,73219,08:07:45,3.8
H75,P.USME,73219,08:11:30,3.8
H75,P.USME,73219,08:15:15,3.8
H75,P.USME,73219,08:19:15,4.0
H75,P.USME,73219,08:23:15,4.0
H75,P.USME,73219,08:27:15,4.0
H75,P.USME,73219,08:31:15,4.0
H75,P.USME,73219,08:35:45,4.5
H75,P.USME,73219,08:40:15,4.5
H75,P.USME,73219,08:44:45,4.5
H75,P.USME,73219,08:49:15,4.5
H75,P.USME,73219,08:54:00,4.8
H75,P.USME,73219,08:58:45,4.8
H75,P.USME,73219,09:03:30,4.8
H75,P.USME,73219,09:09:00,5.5
H75,P.USME,73219,09:14:30,5.5
H75,P.USME,73219,09:20:00,5.5
H75,P.USME,73219,09:25:30,5.5
H75,P.USME,73219,09:31:00,5.5
H75,P.USME,73219,09:36:30,5.5
H75,P.USME,73219,09:42:00,5.5
H75,P.USME,73219,09:47:30,5.5
H75,P.USME,73219,09:53:00,5.5
H75,P.USME,73219,09:58:30,5.5
H75,P.USME,73219,10:04:00,5.5
H75,P.USME,73219,10:09:30,5.5
H75,P.USME,73219,10:15:00,5.5
H75,P.USME,73219,10:20:30,5.5
H75,P.USME,73219,10:26:00,5.5
H75,P.USME,73219,10:31:30,5.5
H75,P.USME,73219,10:37:00,5.5
H75,P.USME,73219,10:42:30,5.5
H75,P.USME,73219,10:48:00,5.5
H75,P.USME,73219,10:53:30,5.5
H75,P.USME,73219,10:59:00,5.5
H75,P.USME,73219,11:04:30,5.5
H75,P.USME,73219,11:10:00,5.5
H75,P.USME,73219,11:15:30,5.5
H75,P.USME,73219,11:21:00,5.5
H75,P.USME,73219,11:26:30,5.5
H75,P.USME,73219,11:32:00,5.5
H75,P.USME,73219,11:37:30,5.5
H75,P.USME,73219,11:43:00,5.5
H75,P.USME,73219,11:48:30,5.5
H75,P.USME,73219,11:54:00,5.5
H75,P.USME,73219,11:59:30,5.5
H75,P.USME,73219,12:05:00,5.5
H75,P.USME,73219,12:10:30,5.5
H75,P.USME,73219,12:16:00,5.5
H75,P.USME,73219,12:21:30,5.5
H75,P.USME,73219,12:27:00,5.5
H75,P.USME,73219,12:32:30,5.5
H75,P.USME,73219,12:38:00,5.5
H75,P.USME,73219,12:43:30,5.5
H75,P.USME,73219,12:49:00,5.5
H75,P.USME,73219,12:54:30,5.5
H75,P.USME,73219,13:00:00,5.5
H75,P.USME,73219,13:05:30,5.5
H75,P.USME,73219,13:11:00,5.5
H75,P.USME,73219,13:16:30,5.5
H75,P.USME,73219,13:22:00,5.5
H75,P.USME,73219,13:27:30,5.5
H75,P.USME,73219,13:33:00,5.5
H75,P.USME,73219,13:38:30,5.5
H75,P.USME,73219,13:44:00,5.5
H75,P.USME,73219,13:49:30,5.5
H75,P.USME,73219,13:55:00,5.5
H75,P.USME,73219,14:00:30,5.5
H75,P.USME,73219,14:06:00,5.5
H75,P.USME,73219,14:11:30,5.5
H75,P.USME,73219,14:17:00,5.5
H75,P.USME,73219,14:22:30,5.5
H75,P.USME,73219,14:28:00,5.5
H75,P.USME,73219,14:33:30,5.5
H75,P.USME,73219,14:39:00,5.5
H75,P.USME,73219,14:44:30,5.5
H75,P.USME,73219,14:50:00,5.5
H75,P.USME,73219,14:55:30,5.5
H75,P.USME,73219,15:01:00,5.5
H75,P.USME,73219,15:05:45,4.8
H75,P.USME,73219,15:10:30,4.8
H75,P.USME,73219,15:15:15,4.8
H75,P.USME,73219,15:19:45,4.5
H75,P.USME,73219,15:24:15,4.5
H75,P.USME,73219,15:28:45,4.5
H75,P.USME,73219,15:33:15,4.5
H75,P.USME,73219,15:37:45,4.5
H75,P.USME,73219,15:42:15,4.5
H75,P.USME,73219,15:46:45,4.5
H75,P.USME,73219,15:51:15,4.5
H75,P.USME,73219,15:55:45,4.5
H75,P.USME,73219,16:00:15,4.5
H75,P.USME,73219,16:04:45,4.5
H75,P.USME,73219,16:09:15,4.5
H75,P.USME,73219,16:13:45,4.5
H75,P.USME,73219,16:18:15,4.5
H75,P.USME,73219,16:22:45,4.5
H75,P.USME,73219,16:27:15,4.5
H75,P.USME,73219,16:31:45,4.5
H75,P.USME,73219,16:36:15,4.5
H75,P.USME,73219,16:40:45,4.5
H75,P.USME,73219,16:45:15,4.5
H75,P.USME,73219,16:49:45,4.5
H75,P.USME,73219,16:54:15,4.5
H75,P.USME,73219,16:58:45,4.5
H75,P.USME,73219,17:03:15,4.5
H75,P.USME,73219,17:07:45,4.5
H75,P.USME,73219,17:12:15,4.5
H75,P.USME,73219,17:16:45,4.5
H75,P.USME,73219,17:21:15,4.5
H75,P.USME,73219,17:25:45,4.5
H75,P.USME,73219,17:30:15,4.5
H75,P.USME,73219,17:34:45,4.5
H75,P.USME,73219,17:39:15,4.5
H75,P.USME,73219,17:43:45,4.5
H75,P.USME,73219,17:48:15,4.5
H75,P.USME,73219,17:52:45,4.5
H75,P.USME,73219,17:57:15,4.5
H75,P.USME,73219,18:01:45,4.5
H75,P.USME,73219,18:06:15,4.5
H75,P.USME,73219,18:10:45,4.5
H75,P.USME,73219,18:15:15,4.5
H75,P.USME,73219,18:19:45,4.5
H75,P.USME,73219,18:24:15,4.5
H75,P.USME,73219,18:28:45,4.5
H75,P.USME,73219,18:33:15,4.5
H75,P.USME,73219,18:37:45,4.5
H75,P.USME,73219,18:42:15,4.5
H75,P.USME,73219,18:46:45,4.5
H75,P.USME,73219,18:51:15,4.5
H75,P.USME,73219,18:55:45,4.5
H75,P.USME,73219,19:00:15,4.5
H75,P.USME,73219,19:04:45,4.5
H75,P.USME,73219,19:09:15,4.5
H75,P.USME,73219,19:13:45,4.5
H75,P.USME,73219,19:18:15,4.5
H75,P.USME,73219,19:23:30,5.2
H75,P.USME,73219,19:28:45,5.2
H75,P.USME,73219,19:34:00,5.2
H75,P.USME,73219,19:40:15,6.2
H75,P.USME,73219,19:46:30,6.2
H75,P.USME,73219,19:53:00,6.5
H75,P.USME,73219,19:59:30,6.5
H75,P.USME,73219,20:06:00,6.5
H75,P.USME,73219,20:12:30,6.5
H75,P.USME,73219,20:19:00,6.5
H75,P.USME,73219,20:25:30,6.5
H75,P.USME,73219,20:32:00,6.5
H75,P.USME,73219,20:38:30,6.5
H75,P.USME,73219,20:45:00,6.5
H75,P.USME,73219,20:51:30,6.5
H75,P.USME,73219,20:58:00,6.5
H75,P.USME,73219,21:04:30,6.5
H75,P.USME,73219,21:11:00,6.5
H75,P.USME,73219,21:17:30,6.5
H75,P.USME,73219,21:24:00,6.5
H75,P.USME,73219,21:30:30,6.5
H75,P.USME,73219,21:37:00,6.5
H75,P.USME,73219,21:43:30,6.5
H75,P.USME,73219,21:50:00,6.5
H75,P.USME,73219,21:56:30,6.5
H75,P.USME,73219,22:03:00,6.5
H75,P.USME,73219,22:09:30,6.5
H75,P.USME,73219,22:16:00,6.5
H75,P.USME,73219,22:22:30,6.5
H75,P.USME,73219,22:28:30,6.0
H75,P.USME,73219,22:35:00,6.5
H75,P.USME,73219,22:41:30,6.5
H75,P.USME,73219,22:48:00,6.5
H75,P.USME,73219,22:54:00,6.0
H75,P.USME,73219,23:00:00,6.0
H75,P.USME,74181,23:40:00,0.0
H75,P.USME,74181,23:55:00,15.0
K54,Portal Eldorado,74182,23:50:00,0.0
L18,PORTAL 20 DE JULIO,74183,23:55:00,0.0
P85-M85,P85 AV 68 Calle 9 || M85 Museo Nacional,62316,05:00:00,0.0
P85-M85,P85 AV 68 Calle 9 || M85 Museo Nacional,62316,05:10:00,10.0
P85-M85,P85 AV 68 Calle 9 || M85 Museo Nacional,62316,05:20:00,10.0
P85-M85,P85 AV 68 Calle 9 || M85 Museo Nacional,62316,05:30:00,10.0
P85-M85,P85 AV 68 Calle 9 || M85 Museo Nacional,62316,05:40:00,10.0
P85-M85,P85 AV 68 Calle 9 || M85 Museo Nacional,62316,05:50:00,10.0
P85-M85,P85 AV 68 Calle 9 || M85 Museo Nacional,62316,06:00:00,10.0
P85-M85,P85 AV 68 Calle 9 || M85 Museo Nacional,62316,06:10:00,10.0
P85-M85,P85 AV 68 Calle 9 || M85 Museo Nacional,62316,06:20:00,10.0
P85-M85,P85 AV 68 Calle 9 || M85 Museo Nacional,62316,06:30:00,10.0
P85-M85,P85 AV 68 Calle 9 || M85 Museo Nacional,62316,06:40:00,10.0
P85-M85,P85 AV 68 Calle 9 || M85 Museo Nacional,62316,06:50:00,10.0
P85-M85,P85 AV 68 Calle 9 || M85 Museo Nacional,62316,07:00:00,10.0
P85-M85,P85 AV 68 Calle 9 || M85 Museo Nacional,62316,07:10:00,10.0
P85-M85,P85 AV 68 Calle 9 || M85 Museo Nacional,62316,07:20:00,10.0
P85-M85,P85 AV 68 Calle 9 || M85 Museo Nacional,62316,07:30:00,10.0
P85-M85,P85 AV 68 Calle 9 || M85 Museo Nacional,62316,07:40:00,10.0
P85-M85,P85 AV 68 Calle 9 || M85 Museo Nacional,62316,07:50:00,10.0
P85-M85,P85 AV 68 Calle 9 || M85 Museo Nacional,62316,08:00:00,10.0
P85-M85,P85 AV 68 Calle 9 || M85 Museo Nacional,62316,08:10:00,10.0
P85-M85,P85 AV 68 Calle 9 || M85 Museo Nacional,62316,08:20:00,10.0
P85-M85,P85 AV 68 Calle 9 || M85 Museo Nacional,62316,08:30:00,10.0
P85-M85,P85 AV 68 Calle 9 || M85 Museo Nacional,62316,08:40:00,10.0
P85-M85,P85 AV 68 Calle 9 || M85 Museo Nacional,62316,08:50:00,10.0
P85-M85,P85 AV 68 Calle 9 || M85 Museo Nacional,62316,09:00:00,10.0
P85-M85,P85 AV 68 Calle 9 || M85 Museo Nacional,62316,09:10:00,10.0
P85-M85,P85 AV 68 Calle 9 || M85 Museo Nacional,62316,09:20:00,10.0
P85-M85,P85 AV 68 Calle 9 || M85 Museo Nacional,62316,09:30:00,10.0
P85-M85,P85 AV 68 Calle 9 || M85 Museo Nacional,62316,09:40:00,10.0
P85-M85,P85 AV 68 Calle 9 || M85 Museo Nacional,62316,09:50:00,10.0
P85-M85,P85 AV 68 Calle 9 || M85 Museo Nacional,62316,10:00:00,10.0
P85-M85,P85 AV 68 Calle 9 || M85 Museo Nacional,62316,10:10:00,10.0
P85-M85,P85 AV 68 Calle 9 || M85 Museo Nacional,62316,10:20:00,10.0
P85-M85,P85 AV 68 Calle 9 || M85 Museo Nacional,62316,10:30:00,10.0
P85-M85,P85 AV 68 Calle 9 || M85 Museo Nacional,62316,10:40:00,10.0
P85-M85,P85 AV 68 Calle 9 || M85 Museo Nacional,62316,10:50:00,10.0
P85-M85,P85 AV 68 Calle 9 || M85 Museo Nacional,62316,11:00:00,10.0
P85-M85,P85 AV 68 Calle 9 || M85 Museo Nacional,62316,11:10:00,10.0
P85-M85,P85 AV 68 Calle 9 || M85 Museo Nacional,62316,11:20:00,10.0
P85-M85,P85 AV 68 Calle 9 || M85 Museo Nacional,62316,11:30:00,10.0
P85-M85,P85 AV 68 Calle 9 || M85 Museo Nacional,62316,11:40:00,10.0
P85-M85,P85 AV 68 Calle 9 || M85 Museo Nacional,62316,11:50:00,10.0
P85-M85,P85 AV 68 Calle 9 || M85 Museo Nacional,62316,12:00:00,10.0
P85-M85,P85 AV 68 Calle 9 || M85 Museo Nacional,62316,12:10:00,10.0
P85-M85,P85 AV 68 Calle 9 || M85 Museo Nacional,62316,12:20:00,10.0
P85-M85,P85 AV 68 Calle 9 || M85 Museo Nacional,62316,12:30:00,10.0
P85-M85,P85 AV 68 Calle 9 || M85 Museo Nacional,62316,12:40:00,10.0
P85-M85,P85 AV 68 Calle 9 || M85 Museo Nacional,62316,12:50:00,10.0
P85-M85,P85 AV 68 Calle 9 || M85 Museo Nacional,62316,13:00:00,10.0
P85-M85,P85 AV 68 Calle 9 || M85 Museo Nacional,62316,13:10:00,10.0
P85-M85,P85 AV 68 Calle 9 || M85 Museo Nacional,62316,13:20:00,10.0
P85-M85,P85 AV 68 Calle 9 || M85 Museo Nacional,62316,13:30:00,10.0
P85-M85,P85 AV 68 Calle 9 || M85 Museo Nacional,62316,13:40:00,10.0
P85-M85,P85 AV 68 Calle 9 || M85 Museo Nacional,62316,13:50:00,10.0
P85-M85,P85 AV 68 Calle 9 || M85 Museo Nacional,62316,14:00:00,10.0
P85-M85,P85 AV 68 Calle 9 || M85 Museo Nacional,62316,14:10:00,10.0
P85-M85,P85 AV 68 Calle 9 || M85 Museo Nacional,62316,14:20:00,10.0
P85-M85,P85 AV 68 Calle 9 || M85 Museo Nacional,62316,14:30:00,10.0
P85-M85,P85 AV 68 Calle 9 || M85 Museo Nacional,62316,14:40:00,10.0
P85-M85,P85 AV 68 Calle 9 || M85 Museo Nacional,62316,14:50:00,10.0
P85-M85,P85 AV 68 Calle 9 || M85 Museo Nacional,62316,15:00:00,10.0
P85-M85,P85 AV 68 Calle 9 || M85 Museo Nacional,62316,15:07:00,7.0
P85-M85,P85 AV 68 Calle 9 || M85 Museo Nacional,62316,15:14:00,7.0
P85-M85,P85 AV 68 Calle 9 || M85 Museo Nacional,62316,15:21:00,7.0
P85-M85,P85 AV 68 Calle 9 || M85 Museo Nacional,62316,15:28:00,7.0
P85-M85,P85 AV 68 Calle 9 || M85 Museo Nacional,62316,15:35:00,7.0
P85-M85,P85 AV 68 Calle 9 || M85 Museo Nacional,62316,15:42:00,7.0
P85-M85,P85 AV 68 Calle 9 || M85 Museo Nacional,62316,15:49:00,7.0
P85-M85,P85 AV 68 Calle 9 || M85 Museo Nacional,62316,15:56:00,7.0
P85-M85,P85 AV 68 Calle 9 || M85 Museo Nacional,62316,16:03:00,7.0
P85-M85,P85 AV 68 Calle 9 || M85 Museo Nacional,62316,16:10:00,7.0
P85-M85,P85 AV 68 Calle 9 || M85 Museo Nacional,62316,16:17:00,7.0
P85-M85,P85 AV 68 Calle 9 || M85 Museo Nacional,62316,16:24:00,7.0
P85-M85,P85 AV 68 Calle 9 || M85 Museo Nacional,62316,16:31:00,7.0
P85-M85,P85 AV 68 Calle 9 || M85 Museo Nacional,62316,16:38:00,7.0
P85-M85,P85 AV 68 Calle 9 || M85 Museo Nacional,62316,16:45:00,7.0
P85-M85,P85 AV 68 Calle 9 || M85 Museo Nacional,62316,16:52:00,7.0
P85-M85,P85 AV 68 Calle 9 || M85 Museo Nacional,62316,16:59:00,7.0
P85-M85,P85 AV 68 Calle 9 || M85 Museo Nacional,62316,17:06:00,7.0
P85-M85,P85 AV 68 Calle 9 || M85 Museo Nacional,62316,17:13:00,7.0
P85-M85,P85 AV 68 Calle 9 || M85 Museo Nacional,62316,17:20:00,7.0
P85-M85,P85 AV 68 Calle 9 || M85 Museo Nacional,62316,17:27:00,7.0
P85-M85,P85 AV 68 Calle 9 || M85 Museo Nacional,62316,17:34:00,7.0
P85-M85,P85 AV 68 Calle 9 || M85 Museo Nacional,62316,17:41:00,7.0
P85-M85,P85 AV 68 Calle 9 || M85 Museo Nacional,62316,17:48:00,7.0
P85-M85,P85 AV 68 Calle 9 || M85 Museo Nacional,62316,17:55:00,7.0
P85-M85,P85 AV 68 Calle 9 || M85 Museo Nacional,62316,18:02:00,7.0
P85-M85,P85 AV 68 Calle 9 || M85 Museo Nacional,62316,18:09:00,7.0
P85-M85,P85 AV 68 Calle 9 || M85 Museo Nacional,62316,18:16:00,7.0
P85-M85,P85 AV 68 Calle 9 || M85 Museo Nacional,62316,18:23:00,7.0
P85-M85,P85 AV 68 Calle 9 || M85 Museo Nacional,62316,18:30:00,7.0
P85-M85,P85 AV 68 Calle 9 || M85 Museo Nacional,62316,18:37:00,7.0
P85-M85,P85 AV 68 Calle 9 || M85 Museo Nacional,62316,18:44:00,7.0
P85-M85,P85 AV 68 Calle 9 || M85 Museo Nacional,62316,18:51:00,7.0
P85-M85,P85 AV 68 Calle 9 || M85 Museo Nacional,62316,18:58:00,7.0
P85-M85,P85 AV 68 Calle 9 || M85 Museo Nacional,62316,19:05:00,7.0
P85-M85,P85 AV 68 Calle 9 || M85 Museo Nacional,62316,19:12:00,7.0
P85-M85,P85 AV 68 Calle 9 || M85 Museo Nacional,62316,19:19:00,7.0
P85-M85,P85 AV 68 Calle 9 || M85 Museo Nacional,62316,19:26:00,7.0
P85-M85,P85 AV 68 Calle 9 || M85 Museo Nacional,62316,19:33:00,7.0
P85-M85,P85 AV 68 Calle 9 || M85 Museo Nacional,62316,19:40:00,7.0
P85-M85,P85 AV 68 Calle 9 || M85 Museo Nacional,62316,19:47:00,7.0
P85-M85,P85 AV 68 Calle 9 || M85 Museo Nacional,62316,19:54:00,7.0
P85-M85,P85 AV 68 Calle 9 || M85 Museo Nacional,62316,20:01:00,7.0
P85-M85,P85 AV 68 Calle 9 || M85 Museo Nacional,62316,20:12:30,11.5
P85-M85,P85 AV 68 Calle 9 || M85 Museo Nacional,62316,20:24:00,11.5
P85-M85,P85 AV 68 Calle 9 || M85 Museo Nacional,62316,20:35:15,11.2
P85-M85,P85 AV 68 Calle 9 || M85 Museo Nacional,62316,20:43:30,8.2
P85-M85,P85 AV 68 Calle 9 || M85 Museo Nacional,62316,20:51:45,8.2
P85-M85,P85 AV 68 Calle 9 || M85 Museo Nacional,62316,21:00:00,8.2
P85-M85,P85 AV 68 Calle 9 || M85 Museo Nacional,74155,05:00:00,0.0
P85-M85,P85 AV 68 Calle 9 || M85 Museo Nacional,74155,05:10:00,10.0
P85-M85,P85 AV 68 Calle 9 || M85 Museo Nacional,74155,05:20:00,10.0
M86,KR 7 CLL 116,73239,22:10:00,0.0
M86,KR 7 CLL 116,73239,22:21:30,11.5
M86,KR 7 CLL 116,73239,22:32:00,10.5
M86,KR 7 CLL 116,73239,22:40:30,8.5
M86,KR 7 CLL 116,73239,22:50:45,10.2
M86,KR 7 CLL 116,73239,23:00:00,9.2
H54,Portal Usme,73236,05:30:00,0.0
H54,Portal Usme,73236,05:34:30,4.5
H54,Portal Usme,73236,05:39:00,4.5
H54,Portal Usme,73236,05:43:30,4.5
H54,Portal Usme,73236,05:48:00,4.5
H54,Portal Usme,73236,05:52:30,4.5
H54,Portal Usme,73236,05:57:00,4.5
H54,Portal Usme,73236,06:01:30,4.5
H54,Portal Usme,73236,06:07:30,6.0
H54,Portal Usme,73236,06:13:30,6.0
H54,Portal Usme,73236,06:19:30,6.0
H54,Portal Usme,73236,06:25:30,6.0
H54,Portal Usme,73236,06:31:30,6.0
H54,Portal Usme,73236,06:37:30,6.0
H54,Portal Usme,73236,06:43:30,6.0
H54,Portal Usme,73236,06:49:30,6.0
H54,Portal Usme,73236,06:55:30,6.0
H54,Portal Usme,73236,07:01:30,6.0
H54,Portal Usme,73236,07:07:30,6.0
H54,Portal Usme,73236,07:13:30,6.0
H54,Portal Usme,73236,07:19:30,6.0
H54,Portal Usme,73236,07:27:00,7.5
H54,Portal Usme,73236,07:34:30,7.5
H54,Portal Usme,73236,07:42:00,7.5
H54,Portal Usme,73236,07:49:30,7.5
H54,Portal Usme,73236,07:56:00,6.5
H54,Portal Usme,73236,08:02:30,6.5
H54,Portal Usme,73236,08:09:00,6.5
H54,Portal Usme,73236,08:15:30,6.5
H54,Portal Usme,73236,08:22:00,6.5
H54,Portal Usme,73236,08:28:30,6.5
H54,Portal Usme,73236,08:35:00,6.5
H54,Portal Usme,73236,08:41:30,6.5
H54,Portal Usme,73236,08:48:00,6.5
H54,Portal Usme,73236,08:54:30,6.5
H54,Portal Usme,73236,09:01:00,6.5
H54,Portal Usme,73236,09:07:30,6.5
H54,Portal Usme,73236,09:14:00,6.5
H54,Portal Usme,73236,09:20:30,6.5
H54,Portal Usme,73236,09:27:00,6.5
H54,Portal Usme,73236,09:33:30,6.5
H54,Portal Usme,73236,09:40:00,6.5
H54,Portal Usme,73236,09:46:30,6.5
H54,Portal Usme,73236,09:53:00,6.5
H54,Portal Usme,73236,09:59:30,6.5
H54,Portal Usme,73236,10:06:00,6.5
H54,Portal Usme,73236,10:12:30,6.5
H54,Portal Usme,73236,10:19:00,6.5
H54,Portal Usme,73236,10:25:30,6.5
H54,Portal Usme,73236,10:32:00,6.5
H54,Portal Usme,73236,10:38:30,6.5
H54,Portal Usme,73236,10:45:00,6.5
H54,Portal Usme,73236,10:51:30,6.5
H54,Portal Usme,73236,10:58:00,6.5
H54,Portal Usme,73236,11:04:30,6.5
H54,Portal Usme,73236,11:11:00,6.5
H54,Portal Usme,73236,11:17:30,6.5
H54,Portal Usme,73236,11:24:00,6.5
H54,Portal Usme,73236,11:30:30,6.5
H54,Portal Usme,73236,11:37:00,6.5
H54,Portal Usme,73236,11:43:30,6.5
H54,Portal Usme,73236,11:50:00,6.5
H54,Portal Usme,73236,11:56:30,6.5
H54,Portal Usme,73236,12:03:00,6.5
H54,Portal Usme,73236,12:09:30,6.5
H54,Portal Usme,73236,12:16:00,6.5
H54,Portal Usme,73236,12:22:30,6.5
H54,Portal Usme,73236,12:29:00,6.5
H54,Portal Usme,73236,12:35:30,6.5
H54,Portal Usme,73236,12:42:00,6.5
H54,Portal Usme,73236,12:48:30,6.5
H54,Portal Usme,73236,12:55:00,6.5
H54,Portal Usme,73236,13:01:30,6.5
H54,Portal Usme,73236,13:08:00,6.5
H54,Portal Usme,73236,13:14:30,6.5
H54,Portal Usme,73236,13:21:00,6.5
H54,Portal Usme,73236,13:27:30,6.5
H54,Portal Usme,73236,13:34:00,6.5
H54,Portal Usme,73236,13:40:30,6.5
H54,Portal Usme,73236,13:47:00,6.5
H54,Portal Usme,73236,13:53:30,6.5
H54,Portal Usme,73236,14:00:00,6.5
H54,Portal Usme,73236,14:06:30,6.5
H54,Portal Usme,73236,14:13:00,6.5
H54,Portal Usme,73236,14:19:30,6.5
H54,Portal Usme,73236,14:26:00,6.5
H54,Portal Usme,73236,14:32:30,6.5
H54,Portal Usme,73236,14:39:00,6.5
H54,Portal Usme,73236,14:45:30,6.5
H54,Portal Usme,73236,14:52:00,6.5
H54,Portal Usme,73236,14:58:30,6.5
H54,Portal Usme,73236,15:05:00,6.5
H54,Portal Usme,73236,15:11:30,6.5
H54,Portal Usme,73236,15:18:00,6.5
H54,Portal Usme,73236,15:24:30,6.5
H54,Portal Usme,73236,15:31:00,6.5
H54,Portal Usme,73236,15:37:15,6.2
H54,Portal Usme,73236,15:43:30,6.2
H54,Portal Usme,73236,15:49:45,6.2
H54,Portal Usme,73236,15:55:45,6.0
H54,Portal Usme,73236,16:01:45,6.0
H54,Portal Usme,73236,16:07:30,5.8
H54,Portal Usme,73236,16:13:15,5.8
H54,Portal Usme,73236,16:19:00,5.8
H54,Portal Usme,73236,16:24:15,5.2
H54,Portal Usme,73236,16:29:30,5.2
H54,Portal Usme,73236,16:34:45,5.2
H54,Portal Usme,73236,16:39:30,4.8
H54,Portal Usme,73236,16:44:15,4.8
H54,Portal Usme,73236,16:49:00,4.8
H54,Portal Usme,73236,16:53:15,4.2
H54,Portal Usme,73236,16:57:30,4.2
H54,Portal Usme,73236,17:01:45,4.2
H54,Portal Usme,73236,17:06:00,4.2
H54,Portal Usme,73236,17:10:15,4.2
H54,Portal Usme,73236,17:14:30,4.2
H54,Portal Usme,73236,17:18:45,4.2
H54,Portal Usme,73236,17:23:00,4.2
H54,Portal Usme,73236,17:27:15,4.2
H54,Portal Usme,73236,17:31:30,4.2
H54,Portal Usme,73236,17:35:45,4.2
H54,Portal Usme,73236,17:40:00,4.2
H54,Portal Usme,73236,17:44:15,4.2
H54,Portal Usme,73236,17:48:30,4.2
H54,Portal Usme,73236,17:52:45,4.2
H54,Portal Usme,73236,17:57:00,4.2
H54,Portal Usme,73236,18:01:15,4.2
H54,Portal Usme,73236,18:05:30,4.2
H54,Portal Usme,73236,18:09:45,4.2
H54,Portal Usme,73236,18:14:00,4.2
H54,Portal Usme,73236,18:18:15,4.2
H54,Portal Usme,73236,18:22:30,4.2
H54,Portal Usme,73236,18:26:45,4.2
H54,Portal Usme,73236,18:31:00,4.2
H54,Portal Usme,73236,18:36:00,5.0
H54,Portal Usme,73236,18:41:00,5.0
H54,Portal Usme,73236,18:46:00,5.0
H54,Portal Usme,73236,18:51:00,5.0
H54,Portal Usme,73236,18:56:00,5.0
H54,Portal Usme,73236,19:01:00,5.0
H54,Portal Usme,73236,19:07:00,6.0
H54,Portal Usme,73236,19:13:00,6.0
H54,Portal Usme,73236,19:19:00,6.0
H54,Portal Usme,73236,19:25:00,6.0
H54,Portal Usme,73236,19:31:00,6.0
H54,Portal Usme,73236,19:37:00,6.0
H54,Portal Usme,73236,19:43:00,6.0
H54,Portal Usme,73236,19:49:00,6.0
H54,Portal Usme,73236,19:55:00,6.0
H54,Portal Usme,73236,20:01:00,6.0
H54,Portal Usme,73236,20:09:00,8.0
H54,Portal Usme,73236,20:17:00,8.0
H54,Portal Usme,73236,20:25:00,8.0
H54,Portal Usme,73236,20:33:00,8.0
H54,Portal Usme,73236,20:41:00,8.0
H54,Portal Usme,73236,20:49:00,8.0
H54,Portal Usme,73236,20:58:00,9.0
H54,Portal Usme,73236,21:07:00,9.0
H54,Portal Usme,73236,21:16:15,9.2
H54,Portal Usme,73236,21:25:45,9.5
H54,Portal Usme,73236,21:35:15,9.5
H54,Portal Usme,73236,21:45:00,9.8
H54,Portal Usme,73236,21:54:45,9.8
H54,Portal Usme,73236,22:04:15,9.5
H54,Portal Usme,73236,22:13:45,9.5
H54,Portal Usme,73236,22:23:15,9.5
H54,Portal Usme,73236,22:31:30,8.2
H54,Portal Usme,73236,22:40:00,8.5
H54,Portal Usme,73236,22:49:00,9.0
H54,Portal Usme,73236,23:00:00,11.0
H54,Portal Usme,74093,17:00:00,0.0
H54,Portal Usme,74093,17:04:15,4.2
H54,Portal Usme,74093,17:19:15,15.0
H54,Portal Usme,74093,17:34:15,15.0
H54,Portal Usme,74093,17:49:15,15.0
H15,Portal Tunal,61437,04:30:00,0.0
H15,Portal Tunal,61437,04:34:00,4.0
H15,Portal Tunal,61437,04:38:00,4.0
H15,Portal Tunal,61437,04:42:00,4.0
H15,Portal Tunal,61437,04:46:00,4.0
H15,Portal Tunal,61437,04:50:00,4.0
H15,Portal Tunal,61437,04:54:00,4.0
H15,Portal Tunal,61437,04:58:00,4.0
H15,Portal Tunal,61437,05:02:00,4.0
H15,Portal Tunal,61437,05:06:00,4.0
H15,Portal Tunal,61437,05:10:00,4.0
H15,Portal Tunal,61437,05:14:00,4.0
H15,Portal Tunal,61437,05:18:00,4.0
H15,Portal Tunal,61437,05:22:00,4.0
H15,Portal Tunal,61437,05:26:00,4.0
H15,Portal Tunal,61437,05:30:00,4.0
H15,Portal Tunal,61437,05:33:30,3.5
H15,Portal Tunal,61437,05:37:00,3.5
H15,Portal Tunal,61437,05:40:30,3.5
H15,Portal Tunal,61437,05:44:00,3.5
H15,Portal Tunal,61437,05:47:30,3.5
H15,Portal Tunal,61437,05:51:00,3.5
H15,Portal Tunal,61437,05:54:30,3.5
H15,Portal Tunal,61437,05:58:00,3.5
H15,Portal Tunal,61437,06:01:30,3.5
H15,Portal Tunal,61437,06:04:45,3.2
H15,Portal Tunal,61437,06:08:00,3.2
H15,Portal Tunal,61437,06:11:15,3.2
H15,Portal Tunal,61437,06:14:30,3.2
H15,Portal Tunal,61437,06:17:45,3.2
H15,Portal Tunal,61437,06:21:00,3.2
H15,Portal Tunal,61437,06:24:15,3.2
H15,Portal Tunal,61437,06:27:30,3.2
H15,Portal Tunal,61437,06:30:45,3.2
H15,Portal Tunal,61437,06:34:00,3.2
H15,Portal Tunal,61437,06:37:15,3.2
H15,Portal Tunal,61437,06:40:30,3.2
H15,Portal Tunal,61437,06:43:45,3.2
H15,Portal Tunal,61437,06:47:00,3.2
H15,Portal Tunal,61437,06:50:15,3.2
H15,Portal Tunal,61437,06:53:30,3.2
H15,Portal Tunal,61437,06:56:45,3.2
H15,Portal Tunal,61437,07:00:00,3.2
H15,Portal Tunal,61437,07:03:15,3.2
H15,Portal Tunal,61437,07:06:30,3.2
H15,Portal Tunal,61437,07:09:45,3.2
H15,Portal Tunal,61437,07:13:00,3.2
H15,Portal Tunal,61437,07:16:15,3.2
H15,Portal Tunal,61437,07:19:30,3.2
H15,Portal Tunal,61437,07:22:45,3.2
H15,Portal Tunal,61437,07:26:00,3.2
H15,Portal Tunal,61437,07:29:15,3.2
H15,Portal Tunal,61437,07:32:30,3.2
H15,Portal Tunal,61437,07:36:00,3.5
H15,Portal Tunal,61437,07:39:30,3.5
H15,Portal Tunal,61437,07:43:00,3.5
H15,Portal Tunal,61437,07:46:30,3.5
H15,Portal Tunal,61437,07:50:00,3.5
H15,Portal Tunal,61437,07:53:30,3.5
H15,Portal Tunal,61437,07:57:00,3.5
H15,Portal Tunal,61437,08:00:30,3.5
H15,Portal Tunal,61437,08:04:00,3.5
H15,Portal Tunal,61437,08:07:30,3.5
H15,Portal Tunal,61437,08:11:00,3.5
H15,Portal Tunal,61437,08:14:30,3.5
H15,Portal Tunal,61437,08:18:00,3.5
H15,Portal Tunal,61437,08:23:30,5.5
H15,Portal Tunal,61437,08:29:00,5.5
H15,Portal Tunal,61437,08:34:30,5.5
H15,Portal Tunal,61437,08:40:00,5.5
H15,Portal Tunal,61437,08:45:30,5.5
H15,Portal Tunal,61437,08:51:00,5.5
H15,Portal Tunal,61437,08:56:30,5.5
H15,Portal Tunal,61437,09:02:00,5.5
H15,Portal Tunal,61437,09:07:30,5.5
H15,Portal Tunal,61437,09:13:00,5.5
H15,Portal Tunal,61437,09:18:30,5.5
H15,Portal Tunal,61437,09:24:00,5.5
H15,Portal Tunal,61437,09:29:30,5.5
H15,Portal Tunal,61437,09:35:00,5.5
H15,Portal Tunal,61437,09:40:30,5.5
H15,Portal Tunal,61437,09:46:00,5.5
H15,Portal Tunal,61437,09:51:30,5.5
H15,Portal Tunal,61437,09:57:00,5.5
H15,Portal Tunal,61437,10:02:30,5.5
H15,Portal Tunal,61437,10:08:00,5.5
H15,Portal Tunal,61437,10:13:30,5.5
H15,Portal Tunal,61437,10:19:00,5.5
H15,Portal Tunal,61437,10:24:30,5.5
H15,Portal Tunal,61437,10:30:00,5.5
H15,Portal Tunal,61437,10:35:30,5.5
H15,Portal Tunal,61437,10:41:00,5.5
H15,Portal Tunal,61437,10:46:30,5.5
H15,Portal Tunal,61437,10:52:00,5.5
H15,Portal Tunal,61437,10:57:30,5.5
H15,Portal Tunal,61437,11:03:00,5.5
H15,Portal Tunal,61437,11:08:30,5.5
H15,Portal Tunal,61437,11:14:00,5.5
H15,Portal Tunal,61437,11:19:30,5.5
H15,Portal Tunal,61437,11:25:00,5.5
H15,Portal Tunal,61437,11:30:30,5.5
H15,Portal Tunal,61437,11:36:00,5.5
H15,Portal Tunal,61437,11:41:30,5.5
H15,Portal Tunal,61437,11:47:00,5.5
H15,Portal Tunal,61437,11:52:30,5.5
H15,Portal Tunal,61437,11:58:00,5.5
H15,Portal Tunal,61437,12:03:30,5.5
H15,Portal Tunal,61437,12:09:00,5.5
H15,Portal Tunal,61437,12:14:30,5.5
H15,Portal Tunal,61437,12:20:00,5.5
H15,Portal Tunal,61437,12:25:30,5.5
H15,Portal Tunal,61437,12:31:00,5.5
H15,Portal Tunal,61437,12:36:30,5.5
H15,Portal Tunal,61437,12:42:00,5.5
H15,Portal Tunal,61437,12:47:30,5.5
H15,Portal Tunal,61437,12:53:00,5.5
H15,Portal Tunal,61437,12:58:30,5.5
H15,Portal Tunal,61437,13:04:00,5.5
H15,Portal Tunal,61437,13:09:30,5.5
H15,Portal Tunal,61437,13:15:00,5.5
H15,Portal Tunal,61437,13:20:30,5.5
H15,Portal Tunal,61437,13:26:00,5.5
H15,Portal Tunal,61437,13:31:30,5.5
H15,Portal Tunal,61437,13:37:00,5.5
H15,Portal Tunal,61437,13:42:30,5.5
H15,Portal Tunal,61437,13:48:00,5.5
H15,Portal Tunal,61437,13:53:30,5.5
H15,Portal Tunal,61437,13:59:00,5.5
H15,Portal Tunal,61437,14:04:30,5.5
H15,Portal Tunal,61437,14:10:00,5.5
H15,Portal Tunal,61437,14:15:30,5.5
H15,Portal Tunal,61437,14:21:00,5.5
H15,Portal Tunal,61437,14:26:30,5.5
H15,Portal Tunal,61437,14:32:00,5.5
H15,Portal Tunal,61437,14:37:30,5.5
H15,Portal Tunal,61437,14:43:00,5.5
H15,Portal Tunal,61437,14:48:30,5.5
H15,Portal Tunal,61437,14:54:00,5.5
H15,Portal Tunal,61437,14:59:30,5.5
H15,Portal Tunal,61437,15:05:00,5.5
H15,Portal Tunal,61437,15:10:30,5.5
H15,Portal Tunal,61437,15:16:00,5.5
H15,Portal Tunal,61437,15:19:15,3.2
H15,Portal Tunal,61437,15:22:30,3.2
H15,Portal Tunal,61437,15:25:45,3.2
H15,Portal Tunal,61437,15:29:00,3.2
H15,Portal Tunal,61437,15:32:15,3.2
H15,Portal Tunal,61437,15:35:30,3.2
H15,Portal Tunal,61437,15:38:45,3.2
H15,Portal Tunal,61437,15:42:00,3.2
H15,Portal Tunal,61437,15:45:15,3.2
H15,Portal Tunal,61437,15:48:30,3.2
H15,Portal Tunal,61437,15:51:45,3.2
H15,Portal Tunal,61437,15:55:00,3.2
H15,Portal Tunal,61437,15:58:15,3.2
H15,Portal Tunal,61437,16:01:30,3.2
H15,Portal Tunal,61437,16:05:00,3.5
H15,Portal Tunal,61437,16:08:30,3.5
H15,Portal Tunal,61437,16:12:00,3.5
H15,Portal Tunal,61437,16:15:30,3.5
H15,Portal Tunal,61437,16:19:00,3.5
H15,Portal Tunal,61437,16:22:30,3.5
H15,Portal Tunal,61437,16:26:00,3.5
H15,Portal Tunal,61437,16:29:30,3.5
H15,Portal Tunal,61437,16:33:00,3.5
H15,Portal Tunal,61437,16:36:30,3.5
H15,Portal Tunal,61437,16:40:00,3.5
H15,Portal Tunal,61437,16:43:30,3.5
H15,Portal Tunal,61437,16:47:00,3.5
H15,Portal Tunal,61437,16:50:30,3.5
H15,Portal Tunal,61437,16:54:00,3.5
H15,Portal Tunal,61437,16:57:30,3.5
H15,Portal Tunal,61437,17:01:00,3.5
H15,Portal Tunal,61437,17:04:30,3.5
H15,Portal Tunal,61437,17:08:00,3.5
H15,Portal Tunal,61437,17:11:30,3.5
H15,Portal Tunal,61437,17:15:00,3.5
H15,Portal Tunal,61437,17:18:30,3.5
H15,Portal Tunal,61437,17:22:00,3.5
H15,Portal Tunal,61437,17:25:30,3.5
H15,Portal Tunal,61437,17:29:00,3.5
H15,Portal Tunal,61437,17:32:30,3.5
H15,Portal Tunal,61437,17:36:00,3.5
H15,Portal Tunal,61437,17:39:30,3.5
H15,Portal Tunal,61437,17:43:00,3.5
H15,Portal Tunal,61437,17:46:30,3.5
H15,Portal Tunal,61437,17:50:00,3.5
H15,Portal Tunal,61437,17:53:30,3.5
H15,Portal Tunal,61437,17:57:00,3.5
H15,Portal Tunal,61437,18:00:30,3.5
H15,Portal Tunal,61437,18:04:00,3.5
H15,Portal Tunal,61437,18:07:30,3.5
H15,Portal Tunal,61437,18:11:00,3.5
H15,Portal Tunal,61437,18:14:30,3.5
H15,Portal Tunal,61437,18:18:00,3.5
H15,Portal Tunal,61437,18:21:30,3.5
H15,Portal Tunal,61437,18:25:00,3.5
H15,Portal Tunal,61437,18:28:30,3.5
H15,Portal Tunal,61437,18:32:00,3.5
H15,Portal Tunal,61437,18:36:00,4.0
H15,Portal Tunal,61437,18:40:00,4.0
H15,Portal Tunal,61437,18:44:00,4.0
H15,Portal Tunal,61437,18:48:00,4.0
H15,Portal Tunal,61437,18:52:00,4.0
H15,Portal Tunal,61437,18:56:00,4.0
H15,Portal Tunal,61437,19:00:00,4.0
H15,Portal Tunal,61437,19:05:30,5.5
H15,Portal Tunal,61437,19:11:00,5.5
H15,Portal Tunal,61437,19:16:30,5.5
H15,Portal Tunal,61437,19:22:00,5.5
H15,Portal Tunal,61437,19:27:30,5.5
H15,Portal Tunal,61437,19:33:00,5.5
H15,Portal Tunal,61437,19:39:00,6.0
H15,Portal Tunal,61437,19:45:00,6.0
H15,Portal Tunal,61437,19:51:45,6.8
H15,Portal Tunal,61437,19:58:30,6.8
H15,Portal Tunal,61437,20:05:15,6.8
H15,Portal Tunal,61437,20:12:00,6.8
H15,Portal Tunal,61437,20:18:45,6.8
H15,Portal Tunal,61437,20:25:45,7.0
H15,Portal Tunal,61437,20:32:45,7.0
H15,Portal Tunal,61437,20:39:45,7.0
H15,Portal Tunal,61437,20:46:45,7.0
H15,Portal Tunal,61437,20:53:45,7.0
H15,Portal Tunal,61437,21:00:45,7.0
H15,Portal Tunal,61437,21:07:45,7.0
H15,Portal Tunal,61437,21:14:45,7.0
H15,Portal Tunal,61437,21:21:45,7.0
H15,Portal Tunal,61437,21:28:45,7.0
H15,Portal Tunal,61437,21:35:45,7.0
H15,Portal Tunal,61437,21:42:45,7.0
H15,Portal Tunal,61437,21:49:45,7.0
H15,Portal Tunal,61437,21:56:45,7.0
H15,Portal Tunal,61437,22:03:45,7.0
H15,Portal Tunal,61437,22:10:45,7.0
H15,Portal Tunal,61437,22:17:45,7.0
H15,Portal Tunal,61437,22:26:30,8.8
H15,Portal Tunal,61437,22:33:45,7.2
H15,Portal Tunal,61437,22:43:00,9.2
H15,Portal Tunal,61437,22:51:45,8.8
H15,Portal Tunal,61437,23:00:00,8.2
H15,Portal Tunal,74160,16:00:00,0.0
H15,Portal Tunal,74160,16:05:30,5.5
H15,Portal Tunal,74160,16:15:45,10.2
H15,Portal Tunal,74160,16:27:15,11.5
H15,Portal Tunal,74160,16:38:30,11.2
H15,Portal Tunal,74160,16:49:30,11.0
H15,Portal Tunal,74160,17:00:15,10.8
H15,Portal Tunal,74160,17:10:30,10.2
H15,Portal Tunal,74160,17:20:45,10.2
H15,Portal Tunal,74160,17:30:30,9.8
H15,Portal Tunal,74160,17:40:15,9.8
H15,Portal Tunal,74160,17:50:15,10.0
H15,Portal Tunal,74160,17:59:30,9.2
H15,Portal Tunal,74160,18:08:30,9.0
H15,Portal Tunal,74160,18:17:15,8.8
H15,Portal Tunal,74160,18:26:15,9.0
H15,Portal Tunal,74160,18:35:00,8.8
H15,Portal Tunal,74160,18:43:15,8.2
H15,Portal Tunal,74160,18:52:15,9.0
B13,Portal Norte,73459,05:00:00,0.0
B13,Portal Norte,73459,05:03:30,3.5
B13,Portal Norte,73459,05:07:00,3.5
B13,Portal Norte,73459,05:10:30,3.5
B13,Portal Norte,73459,05:14:00,3.5
B13,Portal Norte,73459,05:17:30,3.5
B13,Portal Norte,73459,05:21:00,3.5
B13,Portal Norte,73459,05:24:30,3.5
B13,Portal Norte,73459,05:28:00,3.5
B13,Portal Norte,73459,05:31:30,3.5
B13,Portal Norte,73459,05:35:00,3.5
B13,Portal Norte,73459,05:38:30,3.5
B13,Portal Norte,73459,05:42:00,3.5
B13,Portal Norte,73459,05:45:30,3.5
B13,Portal Norte,73459,05:49:00,3.5
B13,Portal Norte,73459,05:52:30,3.5
B13,Portal Norte,73459,05:56:00,3.5
B13,Portal Norte,73459,05:59:30,3.5
B13,Portal Norte,73459,06:03:00,3.5
B13,Portal Norte,73459,06:06:30,3.5
B13,Portal Norte,73459,06:10:00,3.5
B13,Portal Norte,73459,06:13:30,3.5
B13,Portal Norte,73459,06:17:00,3.5
B13,Portal Norte,73459,06:20:30,3.5
B13,Portal Norte,73459,06:24:00,3.5
B13,Portal Norte,73459,06:27:30,3.5
B13,Portal Norte,73459,06:31:00,3.5
B13,Portal Norte,73459,06:34:30,3.5
B13,Portal Norte,73459,06:38:00,3.5
B13,Portal Norte,73459,06:41:30,3.5
B13,Portal Norte,73459,06:45:00,3.5
B13,Portal Norte,73459,06:48:30,3.5
B13,Portal Norte,73459,06:52:00,3.5
B13,Portal Norte,73459,06:55:30,3.5
B13,Portal Norte,73459,06:59:00,3.5
B13,Portal Norte,73459,07:02:30,3.5
B13,Portal Norte,73459,07:06:00,3.5
B13,Portal Norte,73459,07:09:30,3.5
B13,Portal Norte,73459,07:13:00,3.5
B13,Portal Norte,73459,07:16:30,3.5
B13,Portal Norte,73459,07:20:00,3.5
B13,Portal Norte,73459,07:23:30,3.5
B13,Portal Norte,73459,07:27:00,3.5
B13,Portal Norte,73459,07:30:30,3.5
B13,Portal Norte,73459,07:34:00,3.5
B13,Portal Norte,73459,07:37:30,3.5
B13,Portal Norte,73459,07:41:00,3.5
B13,Portal Norte,73459,07:44:30,3.5
B13,Portal Norte,73459,07:48:00,3.5
B13,Portal Norte,73459,07:51:30,3.5
B13,Portal Norte,73459,07:55:00,3.5
B13,Portal Norte,73459,07:58:30,3.5
B13,Portal Norte,73459,08:02:00,3.5
B13,Portal Norte,73459,08:05:30,3.5
B13,Portal Norte,73459,08:09:00,3.5
B13,Portal Norte,73459,08:12:30,3.5
B13,Portal Norte,73459,08:16:00,3.5
B13,Portal Norte,73459,08:19:30,3.5
B13,Portal Norte,73459,08:23:00,3.5
B13,Portal Norte,73459,08:26:30,3.5
B13,Portal Norte,73459,08:30:00,3.5
B13,Portal Norte,73459,08:33:30,3.5
B13,Portal Norte,73459,08:37:00,3.5
B13,Portal Norte,73459,08:40:30,3.5
B13,Portal Norte,73459,08:44:00,3.5
B13,Portal Norte,73459,08:47:30,3.5
B13,Portal Norte,73459,08:51:00,3.5
B13,Portal Norte,73459,08:54:30,3.5
B13,Portal Norte,73459,08:58:00,3.5
B13,Portal Norte,73459,09:01:30,3.5
B13,Portal Norte,73459,09:05:00,3.5
B13,Portal Norte,73459,09:08:30,3.5
B13,Portal Norte,73459,09:12:00,3.5
B13,Portal Norte,73459,09:15:30,3.5
B13,Portal Norte,73459,09:19:00,3.5
B13,Portal Norte,73459,09:22:30,3.5
B13,Portal Norte,73459,09:26:00,3.5
B13,Portal Norte,73459,09:29:30,3.5
B13,Portal Norte,73459,09:33:00,3.5
B13,Portal Norte,73459,09:36:30,3.5
B13,Portal Norte,73459,09:40:00,3.5
B13,Portal Norte,73459,09:43:30,3.5
B13,Portal Norte,73459,09:47:00,3.5
B13,Portal Norte,73459,09:50:30,3.5
B13,Portal Norte,73459,09:54:00,3.5
B13,Portal Norte,73459,09:57:30,3.5
B13,Portal Norte,73459,10:01:00,3.5
B13,Portal Norte,73459,10:04:30,3.5
B13,Portal Norte,73459,10:08:00,3.5
B13,Portal Norte,73459,10:11:30,3.5
B13,Portal Norte,73459,10:15:00,3.5
B13,Portal Norte,73459,10:19:15,4.2
B13,Portal Norte,73459,10:23:30,4.2
B13,Portal Norte,73459,10:27:45,4.2
B13,Portal Norte,73459,10:32:00,4.2
B13,Portal Norte,73459,10:36:15,4.2
B13,Portal Norte,73459,10:40:30,4.2
B13,Portal Norte,73459,10:44:45,4.2
B13,Portal Norte,73459,10:49:00,4.2
B13,Portal Norte,73459,10:53:15,4.2
B13,Portal Norte,73459,10:57:30,4.2
B13,Portal Norte,73459,11:01:45,4.2
B13,Portal Norte,73459,11:06:00,4.2
B13,Portal Norte,73459,11:10:15,4.2
B13,Portal Norte,73459,11:14:30,4.2
B13,Portal Norte,73459,11:18:45,4.2
B13,Portal Norte,73459,11:23:00,4.2
B13,Portal Norte,73459,11:27:15,4.2
B13,Portal Norte,73459,11:31:30,4.2
B13,Portal Norte,73459,11:35:45,4.2
B13,Portal Norte,73459,11:40:00,4.2
B13,Portal Norte,73459,11:44:15,4.2
B13,Portal Norte,73459,11:48:30,4.2
B13,Portal Norte,73459,11:52:45,4.2
B13,Portal Norte,73459,11:57:00,4.2
B13,Portal Norte,73459,12:01:15,4.2
B13,Portal Norte,73459,12:05:30,4.2
B13,Portal Norte,73459,12:09:45,4.2
B13,Portal Norte,73459,12:14:00,4.2
B13,Portal Norte,73459,12:18:15,4.2
B13,Portal Norte,73459,12:22:30,4.2
B13,Portal Norte,73459,12:26:45,4.2
B13,Portal Norte,73459,12:31:00,4.2
B13,Portal Norte,73459,12:35:15,4.2
B13,Portal Norte,73459,12:39:30,4.2
B13,Portal Norte,73459,12:43:45,4.2
B13,Portal Norte,73459,12:48:00,4.2
B13,Portal Norte,73459,12:52:15,4.2
B13,Portal Norte,73459,12:56:30,4.2
B13,Portal Norte,73459,13:00:45,4.2
B13,Portal Norte,73459,13:05:00,4.2
B13,Portal Norte,73459,13:09:15,4.2
B13,Portal Norte,73459,13:13:30,4.2
B13,Portal Norte,73459,13:17:45,4.2
B13,Portal Norte,73459,13:22:00,4.2
B13,Portal Norte,73459,13:26:15,4.2
B13,Portal Norte,73459,13:30:30,4.2
B13,Portal Norte,73459,13:34:45,4.2
B13,Portal Norte,73459,13:39:00,4.2
B13,Portal Norte,73459,13:43:15,4.2
B13,Portal Norte,73459,13:47:30,4.2
B13,Portal Norte,73459,13:51:45,4.2
B13,Portal Norte,73459,13:56:00,4.2
B13,Portal Norte,73459,14:00:15,4.2
B13,Portal Norte,73459,14:04:30,4.2
B13,Portal Norte,73459,14:08:45,4.2
B13,Portal Norte,73459,14:13:00,4.2
B13,Portal Norte,73459,14:17:15,4.2
B13,Portal Norte,73459,14:21:30,4.2
B13,Portal Norte,73459,14:25:45,4.2
B13,Portal Norte,73459,14:30:00,4.2
B13,Portal Norte,73459,14:34:15,4.2
B13,Portal Norte,73459,14:38:30,4.2
B13,Portal Norte,73459,14:42:45,4.2
B13,Portal Norte,73459,14:47:00,4.2
B13,Portal Norte,73459,14:51:15,4.2
B13,Portal Norte,73459,14:55:30,4.2
B13,Portal Norte,73459,14:59:45,4.2
B13,Portal Norte,73459,15:04:00,4.2
B13,Portal Norte,73459,15:08:15,4.2
B13,Portal Norte,73459,15:12:30,4.2
B13,Portal Norte,73459,15:16:45,4.2
B13,Portal Norte,73459,15:21:00,4.2
B13,Portal Norte,73459,15:25:15,4.2
B13,Portal Norte,73459,15:29:30,4.2
B13,Portal Norte,73459,15:33:45,4.2
B13,Portal Norte,73459,15:37:15,3.5
B13,Portal Norte,73459,15:40:45,3.5
B13,Portal Norte,73459,15:44:15,3.5
B13,Portal Norte,73459,15:47:45,3.5
B13,Portal Norte,73459,15:51:15,3.5
B13,Portal Norte,73459,15:54:45,3.5
B13,Portal Norte,73459,15:58:15,3.5
B13,Portal Norte,73459,16:01:45,3.5
B13,Portal Norte,73459,16:05:15,3.5
B13,Portal Norte,73459,16:08:45,3.5
B13,Portal Norte,73459,16:12:15,3.5
B13,Portal Norte,73459,16:15:45,3.5
B13,Portal Norte,73459,16:19:15,3.5
B13,Portal Norte,73459,16:22:45,3.5
B13,Portal Norte,73459,16:26:15,3.5
B13,Portal Norte,73459,16:29:45,3.5
B13,Portal Norte,73459,16:33:15,3.5
B13,Portal Norte,73459,16:36:45,3.5
B13,Portal Norte,73459,16:40:15,3.5
B13,Portal Norte,73459,16:43:45,3.5
B13,Portal Norte,73459,16:47:15,3.5
B13,Portal Norte,73459,16:50:45,3.5
B13,Portal Norte,73459,16:54:15,3.5
B13,Portal Norte,73459,16:57:45,3.5
B13,Portal Norte,73459,17:01:15,3.5
B13,Portal Norte,73459,17:06:00,4.8
B13,Portal Norte,73459,17:10:45,4.8
B13,Portal Norte,73459,17:15:30,4.8
B13,Portal Norte,73459,17:20:15,4.8
B13,Portal Norte,73459,17:25:00,4.8
B13,Portal Norte,73459,17:29:45,4.8
B13,Portal Norte,73459,17:34:30,4.8
B13,Portal Norte,73459,17:39:15,4.8
B13,Portal Norte,73459,17:44:00,4.8
B13,Portal Norte,73459,17:48:45,4.8
B13,Portal Norte,73459,17:53:30,4.8
B13,Portal Norte,73459,17:58:15,4.8
B13,Portal Norte,73459,18:03:00,4.8
B13,Portal Norte,73459,18:07:45,4.8
B13,Portal Norte,73459,18:12:30,4.8
B13,Portal Norte,73459,18:17:15,4.8
B13,Portal Norte,73459,18:22:00,4.8
B13,Portal Norte,73459,18:26:45,4.8
B13,Portal Norte,73459,18:31:30,4.8
B13,Portal Norte,73459,18:36:45,5.2
B13,Portal Norte,73459,18:42:15,5.5
B13,Portal Norte,73459,18:47:45,5.5
B13,Portal Norte,73459,18:53:15,5.5
B13,Portal Norte,73459,18:58:45,5.5
B13,Portal Norte,73459,19:04:15,5.5
B13,Portal Norte,73459,19:09:30,5.2
B13,Portal Norte,73459,19:14:45,5.2
B13,Portal Norte,73459,19:20:00,5.2
B13,Portal Norte,73459,19:25:15,5.2
B13,Portal Norte,73459,19:30:30,5.2
B13,Portal Norte,73459,19:35:45,5.2
B13,Portal Norte,73459,19:41:00,5.2
B13,Portal Norte,73459,19:46:15,5.2
B13,Portal Norte,73459,19:51:30,5.2
B13,Portal Norte,73459,19:56:45,5.2
B13,Portal Norte,73459,20:02:00,5.2
B13,Portal Norte,73459,20:07:15,5.2
B13,Portal Norte,73459,20:12:30,5.2
B13,Portal Norte,73459,20:17:45,5.2
B13,Portal Norte,73459,20:23:00,5.2
B13,Portal Norte,73459,20:28:15,5.2
B13,Portal Norte,73459,20:33:30,5.2
B13,Portal Norte,73459,20:41:30,8.0
B13,Portal Norte,73459,20:49:15,7.8
B13,Portal Norte,73459,20:57:30,8.2
B13,Portal Norte,73459,21:05:45,8.2
B13,Portal Norte,73459,21:15:00,9.2
B13,Portal Norte,73459,21:21:00,6.0
B13,Portal Norte,73459,21:26:15,5.2
B13,Portal Norte,73459,21:31:30,5.2
B13,Portal Norte,73459,21:37:45,6.2
B13,Portal Norte,73459,21:43:00,5.2
B13,Portal Norte,73459,21:48:30,5.5
B13,Portal Norte,73459,21:53:45,5.2
B13,Portal Norte,73459,22:00:00,6.2
F28,Portal Américas,61181,17:00:00,0.0
F28,Portal Américas,61181,17:03:45,3.8
F28,Portal Américas,61181,17:13:45,10.0
F28,Portal Américas,61181,17:23:45,10.0
F28,Portal Américas,61181,17:33:30,9.8
F28,Portal Américas,61181,17:43:30,10.0
F28,Portal Américas,61181,17:53:30,10.0
F28,Portal Américas,61181,18:03:45,10.2
F28,Portal Américas,61181,18:19:00,15.2
F28,Portal Américas,61181,18:33:30,14.5
F28,Portal Américas,61242,17:05:00,0.0
F28,Portal Américas,61242,17:08:45,3.8
F28,Portal Américas,61242,17:19:00,10.2
F28,Portal Américas,61242,17:29:00,10.0
F28,Portal Américas,61242,17:39:00,10.0
F28,Portal Américas,61242,17:49:15,10.2
F28,Portal Américas,61242,17:59:15,10.0
F28,Portal Américas,61242,18:09:15,10.0
F28,Portal Américas,61242,18:19:15,10.0
F28,Portal Américas,61242,18:29:30,10.2
F28,Portal Américas,61242,18:39:30,10.0
F28,Portal Américas,73221,05:00:00,0.0
F28,Portal Américas,73221,05:07:00,7.0
F28,Portal Américas,73221,05:14:00,7.0
F28,Portal Américas,73221,05:21:00,7.0
F28,Portal Américas,73221,05:27:30,6.5
F28,Portal Américas,73221,05:34:00,6.5
F28,Portal Américas,73221,05:40:30,6.5
F28,Portal Américas,73221,05:47:00,6.5
F28,Portal Américas,73221,05:53:00,6.0
F28,Portal Américas,73221,05:59:00,6.0
F28,Portal Américas,73221,06:05:00,6.0
F28,Portal Américas,73221,06:11:00,6.0
F28,Portal Américas,73221,06:17:00,6.0
F28,Portal Américas,73221,06:23:15,6.2
F28,Portal Américas,73221,06:29:30,6.2
F28,Portal Américas,73221,06:35:45,6.2
F28,Portal Américas,73221,06:42:15,6.5
F28,Portal Américas,73221,06:48:45,6.5
F28,Portal Américas,73221,06:55:15,6.5
F28,Portal Américas,73221,07:01:45,6.5
F28,Portal Américas,73221,07:08:15,6.5
F28,Portal Américas,73221,07:14:45,6.5
F28,Portal Américas,73221,07:21:15,6.5
F28,Portal Américas,73221,07:28:15,7.0
F28,Portal Américas,73221,07:35:15,7.0
F28,Portal Américas,73221,07:42:15,7.0
F28,Portal Américas,73221,07:49:15,7.0
F28,Portal Américas,73221,07:56:15,7.0
F28,Portal Américas,73221,08:03:15,7.0
F28,Portal Américas,73221,08:10:15,7.0
F28,Portal Américas,73221,08:17:15,7.0
F28,Portal Américas,73221,08:24:15,7.0
F28,Portal Américas,73221,08:31:15,7.0
F28,Portal Américas,73221,08:38:15,7.0
F28,Portal Américas,73221,08:45:15,7.0
F28,Portal Américas,73221,08:52:15,7.0
F28,Portal Américas,73221,08:59:15,7.0
F28,Portal Américas,73221,09:06:15,7.0
F28,Portal Américas,73221,09:13:15,7.0
F28,Portal Américas,73221,09:20:15,7.0
F28,Portal Américas,73221,09:27:15,7.0
F28,Portal Américas,73221,09:34:15,7.0
F28,Portal Américas,73221,09:41:15,7.0
F28,Portal Américas,73221,09:48:15,7.0
F28,Portal Américas,73221,09:55:15,7.0
F28,Portal Américas,73221,10:02:15,7.0
F28,Portal Américas,73221,10:09:15,7.0
F28,Portal Américas,73221,10:16:15,7.0
F28,Portal Américas,73221,10:23:15,7.0
F28,Portal Américas,73221,10:30:15,7.0
F28,Portal Américas,73221,10:37:15,7.0
F28,Portal Américas,73221,10:44:15,7.0
F28,Portal Américas,73221,10:51:15,7.0
F28,Portal Américas,73221,10:58:15,7.0
F28,Portal Américas,73221,11:05:15,7.0
F28,Portal Américas,73221,11:12:15,7.0
F28,Portal Américas,73221,11:19:15,7.0
F28,Portal Américas,73221,11:26:15,7.0
F28,Portal Américas,73221,11:33:15,7.0
F28,Portal Américas,73221,11:40:15,7.0
F28,Portal Américas,73221,11:47:15,7.0
F28,Portal Américas,73221,11:54:15,7.0
F28,Portal Américas,73221,12:01:15,7.0
F28,Portal Américas,73221,12:08:15,7.0
F28,Portal Américas,73221,12:15:15,7.0
F28,Portal Américas,73221,12:22:15,7.0
F28,Portal Américas,73221,12:29:15,7.0
F28,Portal Américas,73221,12:36:15,7.0
F28,Portal Américas,73221,12:43:15,7.0
F28,Portal Américas,73221,12:50:15,7.0
F28,Portal Américas,73221,12:57:15,7.0
F28,Portal Américas,73221,13:04:15,7.0
F28,Portal Américas,73221,13:11:15,7.0
F28,Portal Américas,73221,13:18:15,7.0
F28,Portal Américas,73221,13:24:45,6.5
F28,Portal Américas,73221,13:31:15,6.5
F28,Portal Américas,73221,13:37:45,6.5
F28,Portal Américas,73221,13:44:15,6.5
F28,Portal Américas,73221,13:50:45,6.5
F28,Portal Américas,73221,13:57:15,6.5
F28,Portal Américas,73221,14:03:45,6.5
F28,Portal Américas,73221,14:09:15,5.5
F28,Portal Américas,73221,14:14:45,5.5
F28,Portal Américas,73221,14:20:15,5.5
F28,Portal Américas,73221,14:25:45,5.5
F28,Portal Américas,73221,14:31:15,5.5
F28,Portal Américas,73221,14:36:45,5.5
F28,Portal Américas,73221,14:42:15,5.5
F28,Portal Américas,73221,14:47:45,5.5
F28,Portal Américas,73221,14:53:15,5.5
F28,Portal Américas,73221,14:58:45,5.5
F28,Portal Américas,73221,15:04:15,5.5
F28,Portal Américas,73221,15:09:45,5.5
F28,Portal Américas,73221,15:15:15,5.5
F28,Portal Américas,73221,15:20:45,5.5
F28,Portal Américas,73221,15:26:15,5.5
F28,Portal Américas,73221,15:31:45,5.5
F28,Portal Américas,73221,15:37:15,5.5
F28,Portal Américas,73221,15:42:45,5.5
F28,Portal Américas,73221,15:48:15,5.5
F28,Portal Américas,73221,15:52:45,4.5
F28,Portal Américas,73221,15:57:15,4.5
F28,Portal Américas,73221,16:01:45,4.5
F28,Portal Américas,73221,16:06:15,4.5
F28,Portal Américas,73221,16:10:45,4.5
F28,Portal Américas,73221,16:15:15,4.5
F28,Portal Américas,73221,16:19:00,3.8
F28,Portal Américas,73221,16:22:45,3.8
F28,Portal Américas,73221,16:26:30,3.8
F28,Portal Américas,73221,16:30:15,3.8
F28,Portal Américas,73221,16:34:00,3.8
F28,Portal Américas,73221,16:37:45,3.8
F28,Portal Américas,73221,16:41:30,3.8
F28,Portal Américas,73221,16:45:15,3.8
F28,Portal Américas,73221,16:49:00,3.8
F28,Portal Américas,73221,16:52:45,3.8
F28,Portal Américas,73221,16:56:30,3.8
F28,Portal Américas,73221,17:00:15,3.8
F28,Portal Américas,73221,17:04:00,3.8
F28,Portal Américas,73221,17:07:45,3.8
F28,Portal Américas,73221,17:11:30,3.8
F28,Portal Américas,73221,17:15:15,3.8
F28,Portal Américas,73221,17:19:00,3.8
F28,Portal Américas,73221,17:22:45,3.8
F28,Portal Américas,73221,17:26:30,3.8
F28,Portal Américas,73221,17:30:15,3.8
F28,Portal Américas,73221,17:34:00,3.8
F28,Portal Américas,73221,17:37:45,3.8
F28,Portal Américas,73221,17:41:30,3.8
F28,Portal Américas,73221,17:45:15,3.8
F28,Portal Américas,73221,17:49:00,3.8
F28,Portal Américas,73221,17:52:45,3.8
F28,Portal Américas,73221,17:56:30,3.8
F28,Portal Américas,73221,18:00:15,3.8
F28,Portal Américas,73221,18:04:00,3.8
F28,Portal Américas,73221,18:07:45,3.8
F28,Portal Américas,73221,18:11:30,3.8
F28,Portal Américas,73221,18:15:15,3.8
F28,Portal Américas,73221,18:19:00,3.8
F28,Portal Américas,73221,18:22:45,3.8
F28,Portal Américas,73221,18:26:30,3.8
F28,Portal Américas,73221,18:30:15,3.8
F28,Portal Américas,73221,18:34:00,3.8
F28,Portal Américas,73221,18:37:45,3.8
F28,Portal Américas,73221,18:41:30,3.8
F28,Portal Américas,73221,18:45:15,3.8
F28,Portal Américas,73221,18:49:45,4.5
F28,Portal Américas,73221,18:54:15,4.5
F28,Portal Américas,73221,18:58:45,4.5
F28,Portal Américas,73221,19:03:15,4.5
F28,Portal Américas,73221,19:07:45,4.5
F28,Portal Américas,73221,19:12:15,4.5
F28,Portal Américas,73221,19:16:45,4.5
F28,Portal Américas,73221,19:21:15,4.5
F28,Portal Américas,73221,19:25:30,4.2
F28,Portal Américas,73221,19:30:15,4.8
F28,Portal Américas,73221,19:34:00,3.8
F28,Portal Américas,73221,19:39:00,5.0
F28,Portal Américas,73221,19:43:45,4.8
F28,Portal Américas,73221,19:49:15,5.5
F28,Portal Américas,73221,19:54:30,5.2
F28,Portal Américas,73221,20:00:00,5.5
B11,Terminal,62014,05:00:00,0.0
B11,Terminal,62014,05:05:00,5.0
B11,Terminal,62014,05:10:00,5.0
B11,Terminal,62014,05:15:00,5.0
B11,Terminal,62014,05:20:00,5.0
B11,Terminal,62014,05:25:00,5.0
B11,Terminal,62014,05:30:00,5.0
B11,Terminal,62014,05:34:00,4.0
B11,Terminal,62014,05:38:00,4.0
B11,Terminal,62014,05:42:00,4.0
B11,Terminal,62014,05:46:00,4.0
B11,Terminal,62014,05:50:00,4.0
B11,Terminal,62014,05:54:00,4.0
B11,Terminal,62014,05:58:00,4.0
B11,Terminal,62014,06:02:00,4.0
B11,Terminal,62014,06:06:00,4.0
B11,Terminal,62014,06:10:00,4.0
B11,Terminal,62014,06:14:00,4.0
B11,Terminal,62014,06:18:00,4.0
B11,Terminal,62014,06:22:00,4.0
B11,Terminal,62014,06:26:00,4.0
B11,Terminal,62014,06:30:00,4.0
B11,Terminal,62014,06:34:00,4.0
B11,Terminal,62014,06:38:00,4.0
B11,Terminal,62014,06:42:00,4.0
B11,Terminal,62014,06:46:00,4.0
B11,Terminal,62014,06:50:00,4.0
B11,Terminal,62014,06:54:00,4.0
B11,Terminal,62014,06:58:00,4.0
B11,Terminal,62014,07:02:00,4.0
B11,Terminal,62014,07:06:00,4.0
B11,Terminal,62014,07:10:00,4.0
B11,Terminal,62014,07:14:00,4.0
B11,Terminal,62014,07:18:00,4.0
B11,Terminal,62014,07:22:00,4.0
B11,Terminal,62014,07:26:00,4.0
B11,Terminal,62014,07:30:00,4.0
B11,Terminal,62014,07:34:45,4.8
B11,Terminal,62014,07:39:30,4.8
B11,Terminal,62014,07:44:15,4.8
B11,Terminal,62014,07:49:00,4.8
B11,Terminal,62014,07:54:00,5.0
B11,Terminal,62014,07:59:00,5.0
B11,Terminal,62014,08:04:00,5.0
B11,Terminal,62014,08:09:30,5.5
B11,Terminal,62014,08:15:00,5.5
B11,Terminal,62014,08:21:00,6.0
B11,Terminal,62014,08:27:00,6.0
B11,Terminal,62014,08:33:00,6.0
B11,Terminal,62014,08:39:00,6.0
B11,Terminal,62014,08:45:00,6.0
B11,Terminal,62014,08:51:00,6.0
B11,Terminal,62014,08:57:00,6.0
B11,Terminal,62014,09:03:00,6.0
B11,Terminal,62014,09:09:00,6.0
B11,Terminal,62014,09:15:00,6.0
B11,Terminal,62014,09:21:00,6.0
B11,Terminal,62014,09:27:00,6.0
B11,Terminal,62014,09:33:00,6.0
B11,Terminal,62014,09:39:00,6.0
B11,Terminal,62014,09:45:00,6.0
B11,Terminal,62014,09:51:00,6.0
B11,Terminal,62014,09:57:00,6.0
B11,Terminal,62014,10:03:00,6.0
B11,Terminal,62014,10:09:00,6.0
B11,Terminal,62014,10:15:00,6.0
B11,Terminal,62014,10:21:00,6.0
B11,Terminal,62014,10:27:00,6.0
B11,Terminal,62014,10:33:00,6.0
B11,Terminal,62014,10:39:00,6.0
B11,Terminal,62014,10:45:00,6.0
B11,Terminal,62014,10:51:00,6.0
B11,Terminal,62014,10:57:00,6.0
B11,Terminal,62014,11:03:00,6.0
B11,Terminal,62014,11:09:00,6.0
B11,Terminal,62014,11:15:00,6.0
B11,Terminal,62014,11:21:00,6.0
B11,Terminal,62014,11:27:00,6.0
B11,Terminal,62014,11:33:00,6.0
B11,Terminal,62014,11:39:00,6.0
B11,Terminal,62014,11:45:00,6.0
B11,Terminal,62014,11:51:00,6.0
B11,Terminal,62014,11:57:00,6.0
B11,Terminal,62014,12:03:00,6.0
B11,Terminal,62014,12:09:00,6.0
B11,Terminal,62014,12:15:00,6.0
B11,Terminal,62014,12:21:00,6.0
B11,Terminal,62014,12:27:00,6.0
B11,Terminal,62014,12:33:00,6.0
B11,Terminal,62014,12:39:00,6.0
B11,Terminal,62014,12:45:00,6.0
B11,Terminal,62014,12:51:00,6.0
B11,Terminal,62014,12:57:00,6.0
B11,Terminal,62014,13:03:00,6.0
B11,Terminal,62014,13:09:00,6.0
B11,Terminal,62014,13:15:00,6.0
B11,Terminal,62014,13:21:00,6.0
B11,Terminal,62014,13:27:00,6.0
B11,Terminal,62014,13:33:00,6.0
B11,Terminal,62014,13:39:00,6.0
B11,Terminal,62014,13:45:00,6.0
B11,Terminal,62014,13:51:00,6.0
B11,Terminal,62014,13:57:00,6.0
B11,Terminal,62014,14:03:00,6.0
B11,Terminal,62014,14:09:00,6.0
B11,Terminal,62014,14:15:00,6.0
B11,Terminal,62014,14:21:00,6.0
B11,Terminal,62014,14:27:00,6.0
B11,Terminal,62014,14:33:00,6.0
B11,Terminal,62014,14:39:00,6.0
B11,Terminal,62014,14:45:00,6.0
B11,Terminal,62014,14:51:00,6.0
B11,Terminal,62014,14:57:00,6.0
B11,Terminal,62014,15:03:00,6.0
B11,Terminal,62014,15:07:30,4.5
B11,Terminal,62014,15:12:00,4.5
B11,Terminal,62014,15:16:30,4.5
B11,Terminal,62014,15:21:00,4.5
B11,Terminal,62014,15:25:30,4.5
B11,Terminal,62014,15:30:00,4.5
B11,Terminal,62014,15:34:30,4.5
B11,Terminal,62014,15:39:00,4.5
B11,Terminal,62014,15:43:30,4.5
B11,Terminal,62014,15:48:00,4.5
B11,Terminal,62014,15:52:30,4.5
B11,Terminal,62014,15:57:00,4.5
B11,Terminal,62014,16:01:30,4.5
B11,Terminal,62014,16:06:30,5.0
B11,Terminal,62014,16:11:30,5.0
B11,Terminal,62014,16:16:30,5.0
B11,Terminal,62014,16:21:30,5.0
B11,Terminal,62014,16:26:30,5.0
B11,Terminal,62014,16:31:30,5.0
B11,Terminal,62014,16:36:30,5.0
B11,Terminal,62014,16:41:30,5.0
B11,Terminal,62014,16:46:30,5.0
B11,Terminal,62014,16:51:30,5.0
B11,Terminal,62014,16:56:30,5.0
B11,Terminal,62014,17:01:30,5.0
B11,Terminal,62014,17:06:30,5.0
B11,Terminal,62014,17:11:30,5.0
B11,Terminal,62014,17:16:30,5.0
B11,Terminal,62014,17:21:30,5.0
B11,Terminal,62014,17:26:30,5.0
B11,Terminal,62014,17:31:30,5.0
B11,Terminal,62014,17:36:30,5.0
B11,Terminal,62014,17:41:30,5.0
B11,Terminal,62014,17:46:30,5.0
B11,Terminal,62014,17:51:30,5.0
B11,Terminal,62014,17:56:30,5.0
B11,Terminal,62014,18:01:30,5.0
B11,Terminal,62014,18:08:00,6.5
B11,Terminal,62014,18:14:30,6.5
B11,Terminal,62014,18:21:00,6.5
B11,Terminal,62014,18:28:00,7.0
B11,Terminal,62014,18:35:00,7.0
B11,Terminal,62014,18:42:00,7.0
B11,Terminal,62014,18:49:00,7.0
B11,Terminal,62014,18:56:00,7.0
B11,Terminal,62014,19:03:00,7.0
B11,Terminal,62014,19:10:00,7.0
B11,Terminal,62014,19:17:00,7.0
B11,Terminal,62014,19:24:00,7.0
B11,Terminal,62014,19:31:00,7.0
B11,Terminal,62014,19:38:00,7.0
B11,Terminal,62014,19:45:00,7.0
B11,Terminal,62014,19:52:00,7.0
B11,Terminal,62014,19:59:00,7.0
B11,Terminal,62014,20:06:00,7.0
B11,Terminal,62014,20:13:00,7.0
B11,Terminal,62014,20:20:00,7.0
B11,Terminal,62014,20:26:15,6.2
B11,Terminal,62014,20:33:00,6.8
B11,Terminal,62014,20:41:00,8.0
B11,Terminal,62014,20:48:00,7.0
B11,Terminal,62014,20:54:15,6.2
B11,Terminal,62014,21:00:00,5.8
G11,Portal Sur,61213,17:00:00,0.0
G11,Portal Sur,61213,17:04:30,4.5
G11,Portal Sur,61213,17:15:30,11.0
G11,Portal Sur,61213,17:25:30,10.0
G11,Portal Sur,61213,17:36:00,10.5
G11,Portal Sur,61213,17:45:00,9.0
G11,Portal Sur,61213,17:55:30,10.5
G11,Portal Sur,61213,18:05:30,10.0
G11,Portal Sur,61213,18:20:30,15.0
G11,Portal Sur,61213,18:35:00,14.5
G11,Portal Sur,61213,18:50:00,15.0
G11,Portal Sur,61264,06:00:00,0.0
G11,Portal Sur,61264,06:05:00,5.0
G11,Portal Sur,61264,06:10:00,5.0
G11,Portal Sur,61264,06:15:00,5.0
G11,Portal Sur,61264,06:20:00,5.0
G11,Portal Sur,61264,06:25:00,5.0
G11,Portal Sur,61264,06:30:00,5.0
G11,Portal Sur,61264,06:35:00,5.0
G11,Portal Sur,61264,06:40:00,5.0
G11,Portal Sur,61264,06:45:00,5.0
G11,Portal Sur,61264,06:50:00,5.0
G11,Portal Sur,61264,06:55:00,5.0
G11,Portal Sur,61264,07:00:00,5.0
G11,Portal Sur,61264,07:05:00,5.0
G11,Portal Sur,61264,07:10:00,5.0
G11,Portal Sur,61264,07:15:00,5.0
G11,Portal Sur,61264,07:20:00,5.0
G11,Portal Sur,61264,07:25:00,5.0
G11,Portal Sur,61264,07:30:00,5.0
G11,Portal Sur,61264,07:35:00,5.0
G11,Portal Sur,61264,07:40:00,5.0
G11,Portal Sur,61264,07:45:00,5.0
G11,Portal Sur,61264,07:50:00,5.0
G11,Portal Sur,61264,07:55:00,5.0
G11,Portal Sur,61264,08:00:00,5.0
G11,Portal Sur,61264,08:05:00,5.0
G11,Portal Sur,61264,08:10:00,5.0
G11,Portal Sur,61264,08:15:00,5.0
G11,Portal Sur,61264,08:20:00,5.0
G11,Portal Sur,61264,08:25:00,5.0
G11,Portal Sur,61264,08:30:00,5.0
G11,Portal Sur,61264,08:35:00,5.0
G11,Portal Sur,61264,08:40:00,5.0
G11,Portal Sur,61264,08:45:00,5.0
G11,Portal Sur,61264,08:50:00,5.0
G11,Portal Sur,61264,08:55:00,5.0
G11,Portal Sur,61264,09:00:00,5.0
G11,Portal Sur,61264,09:06:00,6.0
G11,Portal Sur,61264,09:12:00,6.0
G11,Portal Sur,61264,09:18:00,6.0
G11,Portal Sur,61264,09:24:00,6.0
G11,Portal Sur,61264,09:30:00,6.0
G11,Portal Sur,61264,09:36:00,6.0
G11,Portal Sur,61264,09:42:00,6.0
G11,Portal Sur,61264,09:48:00,6.0
G11,Portal Sur,61264,09:54:00,6.0
G11,Portal Sur,61264,10:00:00,6.0
G11,Portal Sur,61264,10:06:00,6.0
G11,Portal Sur,61264,10:12:00,6.0
G11,Portal Sur,61264,10:18:00,6.0
G11,Portal Sur,61264,10:24:00,6.0
G11,Portal Sur,61264,10:30:00,6.0
G11,Portal Sur,61264,10:36:00,6.0
G11,Portal Sur,61264,10:42:00,6.0
G11,Portal Sur,61264,10:48:00,6.0
G11,Portal Sur,61264,10:54:00,6.0
G11,Portal Sur,61264,11:00:00,6.0
G11,Portal Sur,61264,11:06:00,6.0
G11,Portal Sur,61264,11:12:00,6.0
G11,Portal Sur,61264,11:18:00,6.0
G11,Portal Sur,61264,11:24:00,6.0
G11,Portal Sur,61264,11:30:00,6.0
G11,Portal Sur,61264,11:36:00,6.0
G11,Portal Sur,61264,11:42:00,6.0
G11,Portal Sur,61264,11:48:00,6.0
G11,Portal Sur,61264,11:54:00,6.0
G11,Portal Sur,61264,12:00:00,6.0
G11,Portal Sur,61264,12:06:00,6.0
G11,Portal Sur,61264,12:12:00,6.0
G11,Portal Sur,61264,12:18:00,6.0
G11,Portal Sur,61264,12:24:00,6.0
G11,Portal Sur,61264,12:30:00,6.0
G11,Portal Sur,61264,12:36:00,6.0
G11,Portal Sur,61264,12:42:00,6.0
G11,Portal Sur,61264,12:48:00,6.0
G11,Portal Sur,61264,12:54:00,6.0
G11,Portal Sur,61264,13:00:00,6.0
G11,Portal Sur,61264,13:06:00,6.0
G11,Portal Sur,61264,13:12:00,6.0
G11,Portal Sur,61264,13:18:00,6.0
G11,Portal Sur,61264,13:24:00,6.0
G11,Portal Sur,61264,13:30:00,6.0
G11,Portal Sur,61264,13:36:00,6.0
G11,Portal Sur,61264,13:42:00,6.0
G11,Portal Sur,61264,13:48:00,6.0
G11,Portal Sur,61264,13:54:00,6.0
G11,Portal Sur,61264,14:00:00,6.0
G11,Portal Sur,61264,14:06:00,6.0
G11,Portal Sur,61264,14:12:00,6.0
G11,Portal Sur,61264,14:18:00,6.0
G11,Portal Sur,61264,14:24:00,6.0
G11,Portal Sur,61264,14:30:00,6.0
G11,Portal Sur,61264,14:36:00,6.0
G11,Portal Sur,61264,14:42:00,6.0
G11,Portal Sur,61264,14:48:00,6.0
G11,Portal Sur,61264,14:54:00,6.0
G11,Portal Sur,61264,15:00:00,6.0
G11,Portal Sur,61264,15:06:00,6.0
G11,Portal Sur,61264,15:12:00,6.0
G11,Portal Sur,61264,15:18:00,6.0
G11,Portal Sur,61264,15:24:00,6.0
G11,Portal Sur,61264,15:30:00,6.0
G11,Portal Sur,61264,15:36:00,6.0
G11,Portal Sur,61264,15:42:00,6.0
G11,Portal Sur,61264,15:48:00,6.0
G11,Portal Sur,61264,15:54:00,6.0
G11,Portal Sur,61264,16:00:00,6.0
G11,Portal Sur,61264,16:06:15,6.2
G11,Portal Sur,61264,16:12:30,6.2
G11,Portal Sur,61264,16:18:45,6.2
G11,Portal Sur,61264,16:24:15,5.5
G11,Portal Sur,61264,16:29:45,5.5
G11,Portal Sur,61264,16:35:15,5.5
G11,Portal Sur,61264,16:39:45,4.5
G11,Portal Sur,61264,16:44:15,4.5
G11,Portal Sur,61264,16:48:45,4.5
G11,Portal Sur,61264,16:53:15,4.5
G11,Portal Sur,61264,16:57:45,4.5
G11,Portal Sur,61264,17:02:15,4.5
G11,Portal Sur,61264,17:06:45,4.5
G11,Portal Sur,61264,17:11:15,4.5
G11,Portal Sur,61264,17:15:45,4.5
G11,Portal Sur,61264,17:20:15,4.5
G11,Portal Sur,61264,17:24:45,4.5
G11,Portal Sur,61264,17:29:15,4.5
G11,Portal Sur,61264,17:33:45,4.5
G11,Portal Sur,61264,17:38:15,4.5
G11,Portal Sur,61264,17:42:45,4.5
G11,Portal Sur,61264,17:47:15,4.5
G11,Portal Sur,61264,17:51:45,4.5
G11,Portal Sur,61264,17:56:15,4.5
G11,Portal Sur,61264,18:00:45,4.5
G11,Portal Sur,61264,18:05:45,5.0
G11,Portal Sur,61264,18:10:45,5.0
G11,Portal Sur,61264,18:15:45,5.0
G11,Portal Sur,61264,18:20:45,5.0
G11,Portal Sur,61264,18:25:45,5.0
G11,Portal Sur,61264,18:30:45,5.0
G11,Portal Sur,61264,18:37:15,6.5
G11,Portal Sur,61264,18:43:45,6.5
G11,Portal Sur,61264,18:50:15,6.5
G11,Portal Sur,61264,18:57:15,7.0
G11,Portal Sur,61264,19:04:15,7.0
G11,Portal Sur,61264,19:11:15,7.0
G11,Portal Sur,61264,19:18:15,7.0
G11,Portal Sur,61264,19:25:15,7.0
G11,Portal Sur,61264,19:32:15,7.0
G11,Portal Sur,61264,19:39:15,7.0
G11,Portal Sur,61264,19:46:15,7.0
G11,Portal Sur,61264,19:53:15,7.0
G11,Portal Sur,61264,20:00:15,7.0
G11,Portal Sur,61264,20:07:15,7.0
G11,Portal Sur,61264,20:14:15,7.0
G11,Portal Sur,61264,20:21:15,7.0
G11,Portal Sur,61264,20:28:15,7.0
G11,Portal Sur,61264,20:35:15,7.0
G11,Portal Sur,61264,20:42:15,7.0
G11,Portal Sur,61264,20:49:15,7.0
G11,Portal Sur,61264,20:56:15,7.0
G11,Portal Sur,61264,21:03:15,7.0
G11,Portal Sur,61264,21:10:15,7.0
G11,Portal Sur,61264,21:17:15,7.0
G11,Portal Sur,61264,21:24:15,7.0
G11,Portal Sur,61264,21:30:15,6.0
G11,Portal Sur,61264,21:38:15,8.0
G11,Portal Sur,61264,21:45:15,7.0
G11,Portal Sur,61264,21:52:15,7.0
G11,Portal Sur,61264,22:00:00,7.8
J24,Universidades,73223,05:15:00,0.0
J24,Universidades,73223,05:21:00,6.0
J24,Universidades,73223,05:27:00,6.0
J24,Universidades,73223,05:33:00,6.0
J24,Universidades,73223,05:38:30,5.5
J24,Universidades,73223,05:44:00,5.5
J24,Universidades,73223,05:49:30,5.5
J24,Universidades,73223,05:53:45,4.2
J24,Universidades,73223,05:58:00,4.2
J24,Universidades,73223,06:02:15,4.2
J24,Universidades,73223,06:05:45,3.5
J24,Universidades,73223,06:09:15,3.5
J24,Universidades,73223,06:12:45,3.5
J24,Universidades,73223,06:16:15,3.5
J24,Universidades,73223,06:19:15,3.0
J24,Universidades,73223,06:22:15,3.0
J24,Universidades,73223,06:25:15,3.0
J24,Universidades,73223,06:28:15,3.0
J24,Universidades,73223,06:31:15,3.0
J24,Universidades,73223,06:34:15,3.0
J24,Universidades,73223,06:37:15,3.0
J24,Universidades,73223,06:40:15,3.0
J24,Universidades,73223,06:43:15,3.0
J24,Universidades,73223,06:46:15,3.0
J24,Universidades,73223,06:49:15,3.0
J24,Universidades,73223,06:52:15,3.0
J24,Universidades,73223,06:55:15,3.0
J24,Universidades,73223,06:58:15,3.0
J24,Universidades,73223,07:01:15,3.0
J24,Universidades,73223,07:04:15,3.0
J24,Universidades,73223,07:07:15,3.0
J24,Universidades,73223,07:10:15,3.0
J24,Universidades,73223,07:13:15,3.0
J24,Universidades,73223,07:16:15,3.0
J24,Universidades,73223,07:19:15,3.0
J24,Universidades,73223,07:22:15,3.0
J24,Universidades,73223,07:25:15,3.0
J24,Universidades,73223,07:28:15,3.0
J24,Universidades,73223,07:31:15,3.0
J24,Universidades,73223,07:34:15,3.0
J24,Universidades,73223,07:37:15,3.0
J24,Universidades,73223,07:40:15,3.0
J24,Universidades,73223,07:43:15,3.0
J24,Universidades,73223,07:46:15,3.0
J24,Universidades,73223,07:49:15,3.0
J24,Universidades,73223,07:52:15,3.0
J24,Universidades,73223,07:55:15,3.0
J24,Universidades,73223,07:58:15,3.0
J24,Universidades,73223,08:01:15,3.0
J24,Universidades,73223,08:04:15,3.0
J24,Universidades,73223,08:07:15,3.0
J24,Universidades,73223,08:10:15,3.0
J24,Universidades,73223,08:13:15,3.0
J24,Universidades,73223,08:16:15,3.0
J24,Universidades,73223,08:19:15,3.0
J24,Universidades,73223,08:22:15,3.0
J24,Universidades,73223,08:25:15,3.0
J24,Universidades,73223,08:28:15,3.0
J24,Universidades,73223,08:31:15,3.0
J24,Universidades,73223,08:35:30,4.2
J24,Universidades,73223,08:39:45,4.2
J24,Universidades,73223,08:44:00,4.2
J24,Universidades,73223,08:48:15,4.2
J24,Universidades,73223,08:52:45,4.5
J24,Universidades,73223,08:57:15,4.5
J24,Universidades,73223,09:01:45,4.5
J24,Universidades,73223,09:06:15,4.5
J24,Universidades,73223,09:10:45,4.5
J24,Universidades,73223,09:15:15,4.5
J24,Universidades,73223,09:19:45,4.5
J24,Universidades,73223,09:24:15,4.5
J24,Universidades,73223,09:28:45,4.5
J24,Universidades,73223,09:33:15,4.5
J24,Universidades,73223,09:38:00,4.8
J24,Universidades,73223,09:42:45,4.8
J24,Universidades,73223,09:47:30,4.8
J24,Universidades,73223,09:54:00,6.5
J24,Universidades,73223,10:00:30,6.5
J24,Universidades,73223,10:07:00,6.5
J24,Universidades,73223,10:13:30,6.5
J24,Universidades,73223,10:20:00,6.5
J24,Universidades,73223,10:26:30,6.5
J24,Universidades,73223,10:33:00,6.5
J24,Universidades,73223,10:39:30,6.5
J24,Universidades,73223,10:46:00,6.5
J24,Universidades,73223,10:52:30,6.5
J24,Universidades,73223,10:59:00,6.5
J24,Universidades,73223,11:05:30,6.5
J24,Universidades,73223,11:12:00,6.5
J24,Universidades,73223,11:18:30,6.5
J24,Universidades,73223,11:25:00,6.5
J24,Universidades,73223,11:31:30,6.5
J24,Universidades,73223,11:38:00,6.5
J24,Universidades,73223,11:44:30,6.5
J24,Universidades,73223,11:51:00,6.5
J24,Universidades,73223,11:57:30,6.5
J24,Universidades,73223,12:04:00,6.5
J24,Universidades,73223,12:10:30,6.5
J24,Universidades,73223,12:17:00,6.5
J24,Universidades,73223,12:23:30,6.5
J24,Universidades,73223,12:30:00,6.5
J24,Universidades,73223,12:36:30,6.5
J24,Universidades,73223,12:43:00,6.5
J24,Universidades,73223,12:49:30,6.5
J24,Universidades,73223,12:56:00,6.5
J24,Universidades,73223,13:02:30,6.5
J24,Universidades,73223,13:09:00,6.5
J24,Universidades,73223,13:15:30,6.5
J24,Universidades,73223,13:22:00,6.5
J24,Universidades,73223,13:28:30,6.5
J24,Universidades,73223,13:35:00,6.5
J24,Universidades,73223,13:41:30,6.5
J24,Universidades,73223,13:48:00,6.5
J24,Universidades,73223,13:54:30,6.5
J24,Universidades,73223,14:01:00,6.5
J24,Universidades,73223,14:07:30,6.5
J24,Universidades,73223,14:14:00,6.5
J24,Universidades,73223,14:20:30,6.5
J24,Universidades,73223,14:26:45,6.2
J24,Universidades,73223,14:33:00,6.2
J24,Universidades,73223,14:39:00,6.0
J24,Universidades,73223,14:45:00,6.0
J24,Universidades,73223,14:51:00,6.0
J24,Universidades,73223,14:57:00,6.0
J24,Universidades,73223,15:03:00,6.0
J24,Universidades,73223,15:09:00,6.0
J24,Universidades,73223,15:15:00,6.0
J24,Universidades,73223,15:21:00,6.0
J24,Universidades,73223,15:27:00,6.0
J24,Universidades,73223,15:33:00,6.0
J24,Universidades,73223,15:39:00,6.0
J24,Universidades,73223,15:45:00,6.0
J24,Universidades,73223,15:51:00,6.0
J24,Universidades,73223,15:57:00,6.0
J24,Universidades,73223,16:03:00,6.0
J24,Universidades,73223,16:09:00,6.0
J24,Universidades,73223,16:15:00,6.0
J24,Universidades,73223,16:21:00,6.0
J24,Universidades,73223,16:27:00,6.0
J24,Universidades,73223,16:33:00,6.0
J24,Universidades,73223,16:39:00,6.0
J24,Universidades,73223,16:45:00,6.0
J24,Universidades,73223,16:51:00,6.0
J24,Universidades,73223,16:57:00,6.0
J24,Universidades,73223,17:03:00,6.0
J24,Universidades,73223,17:09:00,6.0
J24,Universidades,73223,17:15:00,6.0
J24,Universidades,73223,17:21:00,6.0
J24,Universidades,73223,17:27:00,6.0
J24,Universidades,73223,17:33:00,6.0
J24,Universidades,73223,17:39:00,6.0
J24,Universidades,73223,17:45:00,6.0
J24,Universidades,73223,17:51:00,6.0
J24,Universidades,73223,17:57:00,6.0
J24,Universidades,73223,18:03:00,6.0
J24,Universidades,73223,18:09:00,6.0
J24,Universidades,73223,18:15:00,6.0
J24,Universidades,73223,18:21:00,6.0
J24,Universidades,73223,18:27:00,6.0
J24,Universidades,73223,18:33:00,6.0
J24,Universidades,73223,18:39:00,6.0
J24,Universidades,73223,18:45:00,6.0
J24,Universidades,73223,18:51:00,6.0
J24,Universidades,73223,18:57:00,6.0
J24,Universidades,73223,19:03:00,6.0
J24,Universidades,73223,19:09:00,6.0
J24,Universidades,73223,19:15:00,6.0
J24,Universidades,73223,19:21:00,6.0
J24,Universidades,73223,19:27:00,6.0
J24,Universidades,73223,19:33:00,6.0
J24,Universidades,73223,19:39:00,6.0
J24,Universidades,73223,19:45:00,6.0
J24,Universidades,73223,19:51:00,6.0
J24,Universidades,73223,19:57:00,6.0
J24,Universidades,73223,20:03:00,6.0
J24,Universidades,73223,20:10:00,7.0
J24,Universidades,73223,20:17:00,7.0
J24,Universidades,73223,20:24:00,7.0
J24,Universidades,73223,20:31:00,7.0
J24,Universidades,73223,20:38:00,7.0
J24,Universidades,73223,20:45:00,7.0
J24,Universidades,73223,20:52:00,7.0
J24,Universidades,73223,20:59:00,7.0
J24,Universidades,73223,21:06:00,7.0
J24,Universidades,73223,21:13:00,7.0
J24,Universidades,73223,21:20:00,7.0
J24,Universidades,73223,21:27:00,7.0
J24,Universidades,73223,21:34:00,7.0
J24,Universidades,73223,21:41:00,7.0
J24,Universidades,73223,21:47:15,6.2
J24,Universidades,73223,21:55:00,7.8
J24,Universidades,73223,22:02:15,7.2
J24,Universidades,73223,22:09:15,7.0
J24,Universidades,73223,22:15:00,5.8
B23,Alcalá,73234,05:00:00,0.0
B23,Alcalá,73234,05:05:00,5.0
B23,Alcalá,73234,05:10:00,5.0
B23,Alcalá,73234,05:15:00,5.0
B23,Alcalá,73234,05:20:00,5.0
B23,Alcalá,73234,05:25:00,5.0
B23,Alcalá,73234,05:30:00,5.0
B23,Alcalá,73234,05:35:00,5.0
B23,Alcalá,73234,05:40:00,5.0
B23,Alcalá,73234,05:45:00,5.0
B23,Alcalá,73234,05:50:00,5.0
B23,Alcalá,73234,05:55:00,5.0
B23,Alcalá,73234,06:00:00,5.0
B23,Alcalá,73234,06:04:00,4.0
B23,Alcalá,73234,06:08:00,4.0
B23,Alcalá,73234,06:12:00,4.0
B23,Alcalá,73234,06:16:00,4.0
B23,Alcalá,73234,06:20:00,4.0
B23,Alcalá,73234,06:24:00,4.0
B23,Alcalá,73234,06:28:00,4.0
B23,Alcalá,73234,06:32:00,4.0
B23,Alcalá,73234,06:36:00,4.0
B23,Alcalá,73234,06:40:00,4.0
B23,Alcalá,73234,06:44:00,4.0
B23,Alcalá,73234,06:48:00,4.0
B23,Alcalá,73234,06:52:00,4.0
B23,Alcalá,73234,06:56:00,4.0
B23,Alcalá,73234,07:00:00,4.0
B23,Alcalá,73234,07:04:00,4.0
B23,Alcalá,73234,07:08:00,4.0
B23,Alcalá,73234,07:12:00,4.0
B23,Alcalá,73234,07:16:00,4.0
B23,Alcalá,73234,07:20:00,4.0
B23,Alcalá,73234,07:24:00,4.0
B23,Alcalá,73234,07:28:00,4.0
B23,Alcalá,73234,07:32:00,4.0
B23,Alcalá,73234,07:36:30,4.5
B23,Alcalá,73234,07:41:00,4.5
B23,Alcalá,73234,07:45:30,4.5
B23,Alcalá,73234,07:50:00,4.5
B23,Alcalá,73234,07:54:30,4.5
B23,Alcalá,73234,07:59:00,4.5
B23,Alcalá,73234,08:03:30,4.5
B23,Alcalá,73234,08:08:00,4.5
B23,Alcalá,73234,08:12:30,4.5
B23,Alcalá,73234,08:17:00,4.5
B23,Alcalá,73234,08:21:30,4.5
B23,Alcalá,73234,08:26:00,4.5
B23,Alcalá,73234,08:30:30,4.5
B23,Alcalá,73234,08:35:15,4.8
B23,Alcalá,73234,08:40:00,4.8
B23,Alcalá,73234,08:44:45,4.8
B23,Alcalá,73234,08:49:30,4.8
B23,Alcalá,73234,08:54:15,4.8
B23,Alcalá,73234,08:59:00,4.8
B23,Alcalá,73234,09:03:45,4.8
B23,Alcalá,73234,09:08:30,4.8
B23,Alcalá,73234,09:13:15,4.8
B23,Alcalá,73234,09:18:00,4.8
B23,Alcalá,73234,09:22:45,4.8
B23,Alcalá,73234,09:27:30,4.8
B23,Alcalá,73234,09:32:15,4.8
B23,Alcalá,73234,09:37:00,4.8
B23,Alcalá,73234,09:41:45,4.8
B23,Alcalá,73234,09:46:30,4.8
B23,Alcalá,73234,09:51:15,4.8
B23,Alcalá,73234,09:56:00,4.8
B23,Alcalá,73234,10:00:45,4.8
B23,Alcalá,73234,10:06:15,5.5
B23,Alcalá,73234,10:11:45,5.5
B23,Alcalá,73234,10:17:15,5.5
B23,Alcalá,73234,10:22:45,5.5
B23,Alcalá,73234,10:28:15,5.5
B23,Alcalá,73234,10:33:45,5.5
B23,Alcalá,73234,10:39:15,5.5
B23,Alcalá,73234,10:44:45,5.5
B23,Alcalá,73234,10:50:15,5.5
B23,Alcalá,73234,10:55:45,5.5
B23,Alcalá,73234,11:01:15,5.5
B23,Alcalá,73234,11:06:45,5.5
B23,Alcalá,73234,11:12:15,5.5
B23,Alcalá,73234,11:17:45,5.5
B23,Alcalá,73234,11:23:15,5.5
B23,Alcalá,73234,11:28:45,5.5
B23,Alcalá,73234,11:34:15,5.5
B23,Alcalá,73234,11:39:45,5.5
B23,Alcalá,73234,11:45:15,5.5
B23,Alcalá,73234,11:50:45,5.5
B23,Alcalá,73234,11:56:15,5.5
B23,Alcalá,73234,12:01:45,5.5
B23,Alcalá,73234,12:07:15,5.5
B23,Alcalá,73234,12:12:45,5.5
B23,Alcalá,73234,12:18:15,5.5
B23,Alcalá,73234,12:23:45,5.5
B23,Alcalá,73234,12:29:15,5.5
B23,Alcalá,73234,12:34:45,5.5
B23,Alcalá,73234,12:40:15,5.5
B23,Alcalá,73234,12:45:45,5.5
B23,Alcalá,73234,12:51:15,5.5
B23,Alcalá,73234,12:56:45,5.5
B23,Alcalá,73234,13:02:15,5.5
B23,Alcalá,73234,13:07:45,5.5
B23,Alcalá,73234,13:13:15,5.5
B23,Alcalá,73234,13:18:45,5.5
B23,Alcalá,73234,13:24:15,5.5
B23,Alcalá,73234,13:29:45,5.5
B23,Alcalá,73234,13:35:15,5.5
B23,Alcalá,73234,13:40:45,5.5
B23,Alcalá,73234,13:46:15,5.5
B23,Alcalá,73234,13:51:45,5.5
B23,Alcalá,73234,13:57:15,5.5
B23,Alcalá,73234,14:02:45,5.5
B23,Alcalá,73234,14:08:15,5.5
B23,Alcalá,73234,14:13:45,5.5
B23,Alcalá,73234,14:19:15,5.5
B23,Alcalá,73234,14:24:45,5.5
B23,Alcalá,73234,14:30:15,5.5
B23,Alcalá,73234,14:35:45,5.5
B23,Alcalá,73234,14:41:15,5.5
B23,Alcalá,73234,14:46:45,5.5
B23,Alcalá,73234,14:52:15,5.5
B23,Alcalá,73234,14:57:45,5.5
B23,Alcalá,73234,15:03:15,5.5
B23,Alcalá,73234,15:08:15,5.0
B23,Alcalá,73234,15:13:15,5.0
B23,Alcalá,73234,15:18:15,5.0
B23,Alcalá,73234,15:23:15,5.0
B23,Alcalá,73234,15:28:15,5.0
B23,Alcalá,73234,15:33:15,5.0
B23,Alcalá,73234,15:38:15,5.0
B23,Alcalá,73234,15:43:15,5.0
B23,Alcalá,73234,15:48:15,5.0
B23,Alcalá,73234,15:53:15,5.0
B23,Alcalá,73234,15:58:15,5.0
B23,Alcalá,73234,16:03:15,5.0
B23,Alcalá,73234,16:07:30,4.2
B23,Alcalá,73234,16:11:45,4.2
B23,Alcalá,73234,16:16:00,4.2
B23,Alcalá,73234,16:20:15,4.2
B23,Alcalá,73234,16:24:30,4.2
B23,Alcalá,73234,16:28:45,4.2
B23,Alcalá,73234,16:33:00,4.2
B23,Alcalá,73234,16:37:15,4.2
B23,Alcalá,73234,16:41:30,4.2
B23,Alcalá,73234,16:45:45,4.2
B23,Alcalá,73234,16:50:00,4.2
B23,Alcalá,73234,16:54:15,4.2
B23,Alcalá,73234,16:58:30,4.2
B23,Alcalá,73234,17:02:45,4.2
B23,Alcalá,73234,17:07:00,4.2
B23,Alcalá,73234,17:11:15,4.2
B23,Alcalá,73234,17:15:30,4.2
B23,Alcalá,73234,17:19:45,4.2
B23,Alcalá,73234,17:24:00,4.2
B23,Alcalá,73234,17:28:15,4.2
B23,Alcalá,73234,17:32:30,4.2
B23,Alcalá,73234,17:36:45,4.2
B23,Alcalá,73234,17:41:00,4.2
B23,Alcalá,73234,17:45:15,4.2
B23,Alcalá,73234,17:49:30,4.2
B23,Alcalá,73234,17:53:45,4.2
B23,Alcalá,73234,17:58:00,4.2
B23,Alcalá,73234,18:02:15,4.2
B23,Alcalá,73234,18:06:30,4.2
B23,Alcalá,73234,18:10:45,4.2
B23,Alcalá,73234,18:15:00,4.2
B23,Alcalá,73234,18:19:15,4.2
B23,Alcalá,73234,18:23:30,4.2
B23,Alcalá,73234,18:27:45,4.2
B23,Alcalá,73234,18:32:00,4.2
B23,Alcalá,73234,18:37:00,5.0
B23,Alcalá,73234,18:42:00,5.0
B23,Alcalá,73234,18:47:00,5.0
B23,Alcalá,73234,18:52:00,5.0
B23,Alcalá,73234,18:57:00,5.0
B23,Alcalá,73234,19:02:00,5.0
B23,Alcalá,73234,19:07:00,5.0
B23,Alcalá,73234,19:12:00,5.0
B23,Alcalá,73234,19:17:00,5.0
B23,Alcalá,73234,19:22:00,5.0
B23,Alcalá,73234,19:27:00,5.0
B23,Alcalá,73234,19:32:00,5.0
B23,Alcalá,73234,19:37:00,5.0
B23,Alcalá,73234,19:42:00,5.0
B23,Alcalá,73234,19:47:00,5.0
B23,Alcalá,73234,19:52:00,5.0
B23,Alcalá,73234,19:57:00,5.0
B23,Alcalá,73234,20:02:00,5.0
B23,Alcalá,73234,20:11:30,9.5
B23,Alcalá,73234,20:21:00,9.5
B23,Alcalá,73234,20:30:30,9.5
B23,Alcalá,73234,20:40:00,9.5
B23,Alcalá,73234,20:49:30,9.5
B23,Alcalá,73234,20:59:00,9.5
B23,Alcalá,73234,21:08:30,9.5
B23,Alcalá,73234,21:17:00,8.5
B23,Alcalá,73234,21:27:00,10.0
B23,Alcalá,73234,21:38:00,11.0
B23,Alcalá,73234,21:49:00,11.0
B23,Alcalá,73234,22:00:00,11.0
K23,Portal Eldorado,61141,05:30:00,0.0
K23,Portal Eldorado,61141,05:36:00,6.0
K23,Portal Eldorado,61141,05:42:00,6.0
K23,Portal Eldorado,61141,05:48:00,6.0
K23,Portal Eldorado,61141,05:54:00,6.0
K23,Portal Eldorado,61141,06:00:00,6.0
K23,Portal Eldorado,61141,06:05:45,5.8
K23,Portal Eldorado,61141,06:11:30,5.8
K23,Portal Eldorado,61141,06:17:15,5.8
K23,Portal Eldorado,61141,06:21:15,4.0
K23,Portal Eldorado,61141,06:25:15,4.0
K23,Portal Eldorado,61141,06:29:15,4.0
K23,Portal Eldorado,61141,06:33:15,4.0
K23,Portal Eldorado,61141,06:37:15,4.0
K23,Portal Eldorado,61141,06:41:15,4.0
K23,Portal Eldorado,61141,06:45:15,4.0
K23,Portal Eldorado,61141,06:49:15,4.0
K23,Portal Eldorado,61141,06:53:15,4.0
K23,Portal Eldorado,61141,06:57:15,4.0
K23,Portal Eldorado,61141,07:01:15,4.0
K23,Portal Eldorado,61141,07:05:15,4.0
K23,Portal Eldorado,61141,07:09:15,4.0
K23,Portal Eldorado,61141,07:13:15,4.0
K23,Portal Eldorado,61141,07:17:15,4.0
K23,Portal Eldorado,61141,07:21:15,4.0
K23,Portal Eldorado,61141,07:25:15,4.0
K23,Portal Eldorado,61141,07:29:15,4.0
K23,Portal Eldorado,61141,07:33:15,4.0
K23,Portal Eldorado,61141,07:37:15,4.0
K23,Portal Eldorado,61141,07:41:15,4.0
K23,Portal Eldorado,61141,07:45:15,4.0
K23,Portal Eldorado,61141,07:49:15,4.0
K23,Portal Eldorado,61141,07:53:15,4.0
K23,Portal Eldorado,61141,07:57:15,4.0
K23,Portal Eldorado,61141,08:01:15,4.0
K23,Portal Eldorado,61141,08:06:15,5.0
K23,Portal Eldorado,61141,08:11:15,5.0
K23,Portal Eldorado,61141,08:16:15,5.0
K23,Portal Eldorado,61141,08:21:15,5.0
K23,Portal Eldorado,61141,08:26:15,5.0
K23,Portal Eldorado,61141,08:31:15,5.0
K23,Portal Eldorado,61141,08:36:15,5.0
K23,Portal Eldorado,61141,08:41:15,5.0
K23,Portal Eldorado,61141,08:46:15,5.0
K23,Portal Eldorado,61141,08:51:15,5.0
K23,Portal Eldorado,61141,08:56:15,5.0
K23,Portal Eldorado,61141,09:01:15,5.0
K23,Portal Eldorado,61141,09:06:15,5.0
K23,Portal Eldorado,61141,09:11:15,5.0
K23,Portal Eldorado,61141,09:16:15,5.0
K23,Portal Eldorado,61141,09:21:15,5.0
K23,Portal Eldorado,61141,09:26:15,5.0
K23,Portal Eldorado,61141,09:31:15,5.0
K23,Portal Eldorado,61141,09:36:15,5.0
K23,Portal Eldorado,61141,09:41:15,5.0
K23,Portal Eldorado,61141,09:46:15,5.0
K23,Portal Eldorado,61141,09:51:15,5.0
K23,Portal Eldorado,61141,09:56:15,5.0
K23,Portal Eldorado,61141,10:01:15,5.0
K23,Portal Eldorado,61141,10:06:45,5.5
K23,Portal Eldorado,61141,10:12:15,5.5
K23,Portal Eldorado,61141,10:17:45,5.5
K23,Portal Eldorado,61141,10:23:15,5.5
K23,Portal Eldorado,61141,10:28:45,5.5
K23,Portal Eldorado,61141,10:34:15,5.5
K23,Portal Eldorado,61141,10:39:45,5.5
K23,Portal Eldorado,61141,10:45:15,5.5
K23,Portal Eldorado,61141,10:50:45,5.5
K23,Portal Eldorado,61141,10:56:15,5.5
K23,Portal Eldorado,61141,11:01:45,5.5
K23,Portal Eldorado,61141,11:07:15,5.5
K23,Portal Eldorado,61141,11:12:45,5.5
K23,Portal Eldorado,61141,11:18:15,5.5
K23,Portal Eldorado,61141,11:23:45,5.5
K23,Portal Eldorado,61141,11:29:15,5.5
K23,Portal Eldorado,61141,11:34:45,5.5
K23,Portal Eldorado,61141,11:40:15,5.5
K23,Portal Eldorado,61141,11:45:45,5.5
K23,Portal Eldorado,61141,11:51:15,5.5
K23,Portal Eldorado,61141,11:56:45,5.5
K23,Portal Eldorado,61141,12:02:15,5.5
K23,Portal Eldorado,61141,12:07:45,5.5
K23,Portal Eldorado,61141,12:13:15,5.5
K23,Portal Eldorado,61141,12:18:45,5.5
K23,Portal Eldorado,61141,12:24:15,5.5
K23,Portal Eldorado,61141,12:29:45,5.5
K23,Portal Eldorado,61141,12:35:15,5.5
K23,Portal Eldorado,61141,12:40:45,5.5
K23,Portal Eldorado,61141,12:46:15,5.5
K23,Portal Eldorado,61141,12:51:45,5.5
K23,Portal Eldorado,61141,12:57:15,5.5
K23,Portal Eldorado,61141,13:02:45,5.5
K23,Portal Eldorado,61141,13:08:15,5.5
K23,Portal Eldorado,61141,13:13:45,5.5
K23,Portal Eldorado,61141,13:19:15,5.5
K23,Portal Eldorado,61141,13:24:45,5.5
K23,Portal Eldorado,61141,13:30:15,5.5
K23,Portal Eldorado,61141,13:35:45,5.5
K23,Portal Eldorado,61141,13:41:15,5.5
K23,Portal Eldorado,61141,13:46:45,5.5
K23,Portal Eldorado,61141,13:52:15,5.5
K23,Portal Eldorado,61141,13:57:45,5.5
K23,Portal Eldorado,61141,14:03:15,5.5
K23,Portal Eldorado,61141,14:08:45,5.5
K23,Portal Eldorado,61141,14:14:15,5.5
K23,Portal Eldorado,61141,14:19:45,5.5
K23,Portal Eldorado,61141,14:25:15,5.5
K23,Portal Eldorado,61141,14:30:45,5.5
K23,Portal Eldorado,61141,14:36:15,5.5
K23,Portal Eldorado,61141,14:41:45,5.5
K23,Portal Eldorado,61141,14:47:15,5.5
K23,Portal Eldorado,61141,14:52:45,5.5
K23,Portal Eldorado,61141,14:58:15,5.5
K23,Portal Eldorado,61141,15:03:45,5.5
K23,Portal Eldorado,61141,15:09:30,5.8
K23,Portal Eldorado,61141,15:15:15,5.8
K23,Portal Eldorado,61141,15:20:45,5.5
K23,Portal Eldorado,61141,15:26:15,5.5
K23,Portal Eldorado,61141,15:31:45,5.5
K23,Portal Eldorado,61141,15:37:00,5.2
K23,Portal Eldorado,61141,15:42:15,5.2
K23,Portal Eldorado,61141,15:47:30,5.2
K23,Portal Eldorado,61141,15:52:30,5.0
K23,Portal Eldorado,61141,15:57:30,5.0
K23,Portal Eldorado,61141,16:02:30,5.0
K23,Portal Eldorado,61141,16:07:30,5.0
K23,Portal Eldorado,61141,16:12:30,5.0
K23,Portal Eldorado,61141,16:17:30,5.0
K23,Portal Eldorado,61141,16:22:30,5.0
K23,Portal Eldorado,61141,16:27:30,5.0
K23,Portal Eldorado,61141,16:32:30,5.0
K23,Portal Eldorado,61141,16:37:30,5.0
K23,Portal Eldorado,61141,16:42:30,5.0
K23,Portal Eldorado,61141,16:47:30,5.0
K23,Portal Eldorado,61141,16:51:45,4.2
K23,Portal Eldorado,61141,16:56:00,4.2
K23,Portal Eldorado,61141,17:00:15,4.2
K23,Portal Eldorado,61141,17:04:30,4.2
K23,Portal Eldorado,61141,17:08:45,4.2
K23,Portal Eldorado,61141,17:13:00,4.2
K23,Portal Eldorado,61141,17:17:15,4.2
K23,Portal Eldorado,61141,17:21:30,4.2
K23,Portal Eldorado,61141,17:25:45,4.2
K23,Portal Eldorado,61141,17:30:00,4.2
K23,Portal Eldorado,61141,17:34:15,4.2
K23,Portal Eldorado,61141,17:38:30,4.2
K23,Portal Eldorado,61141,17:42:45,4.2
K23,Portal Eldorado,61141,17:47:00,4.2
K23,Portal Eldorado,61141,17:51:45,4.8
K23,Portal Eldorado,61141,17:56:30,4.8
K23,Portal Eldorado,61141,18:01:15,4.8
K23,Portal Eldorado,61141,18:06:30,5.2
K23,Portal Eldorado,61141,18:11:45,5.2
K23,Portal Eldorado,61141,18:17:00,5.2
K23,Portal Eldorado,61141,18:22:45,5.8
K23,Portal Eldorado,61141,18:28:30,5.8
K23,Portal Eldorado,61141,18:34:15,5.8
K23,Portal Eldorado,61141,18:40:15,6.0
K23,Portal Eldorado,61141,18:46:15,6.0
K23,Portal Eldorado,61141,18:52:15,6.0
K23,Portal Eldorado,61141,18:58:15,6.0
K23,Portal Eldorado,61141,19:04:15,6.0
K23,Portal Eldorado,61141,19:10:15,6.0
K23,Portal Eldorado,61141,19:16:15,6.0
K23,Portal Eldorado,61141,19:22:15,6.0
K23,Portal Eldorado,61141,19:28:15,6.0
K23,Portal Eldorado,61141,19:34:15,6.0
K23,Portal Eldorado,61141,19:40:15,6.0
K23,Portal Eldorado,61141,19:46:15,6.0
K23,Portal Eldorado,61141,19:52:15,6.0
K23,Portal Eldorado,61141,19:58:15,6.0
K23,Portal Eldorado,61141,20:04:15,6.0
K23,Portal Eldorado,61141,20:11:45,7.5
K23,Portal Eldorado,61141,20:19:15,7.5
K23,Portal Eldorado,61141,20:27:15,8.0
K23,Portal Eldorado,61141,20:35:15,8.0
K23,Portal Eldorado,61141,20:43:00,7.8
K23,Portal Eldorado,61141,20:51:00,8.0
K23,Portal Eldorado,61141,20:58:45,7.8
K23,Portal Eldorado,61141,21:06:45,8.0
K23,Portal Eldorado,61141,21:14:00,7.2
K23,Portal Eldorado,61141,21:21:30,7.5
K23,Portal Eldorado,61141,21:31:15,9.8
K23,Portal Eldorado,61141,21:40:00,8.8
K23,Portal Eldorado,61141,21:50:00,10.0
K23,Portal Eldorado,61141,22:00:00,10.0
H76,Portal Usme,61923,16:00:00,0.0
H76,Portal Usme,61923,16:05:30,5.5
H76,Portal Usme,61923,16:11:00,5.5
H76,Portal Usme,61923,16:16:30,5.5
H76,Portal Usme,61923,16:22:00,5.5
H76,Portal Usme,61923,16:27:30,5.5
H76,Portal Usme,61923,16:33:00,5.5
H76,Portal Usme,61923,16:38:30,5.5
H76,Portal Usme,61923,16:44:00,5.5
H76,Portal Usme,61923,16:49:30,5.5
H76,Portal Usme,61923,16:55:00,5.5
H76,Portal Usme,61923,17:00:30,5.5
H76,Portal Usme,61923,17:05:45,5.2
H76,Portal Usme,61923,17:11:00,5.2
H76,Portal Usme,61923,17:16:15,5.2
H76,Portal Usme,61923,17:21:15,5.0
H76,Portal Usme,61923,17:26:15,5.0
H76,Portal Usme,61923,17:31:15,5.0
H76,Portal Usme,61923,17:36:15,5.0
H76,Portal Usme,61923,17:41:15,5.0
H76,Portal Usme,61923,17:46:15,5.0
H76,Portal Usme,61923,17:51:15,5.0
H76,Portal Usme,61923,17:56:15,5.0
H76,Portal Usme,61923,18:01:15,5.0
H76,Portal Usme,61923,18:06:30,5.2
H76,Portal Usme,61923,18:11:45,5.2
H76,Portal Usme,61923,18:17:00,5.2
H76,Portal Usme,61923,18:22:30,5.5
H76,Portal Usme,61923,18:28:00,5.5
H76,Portal Usme,61923,18:33:30,5.5
H76,Portal Usme,61923,18:39:15,5.8
H76,Portal Usme,61923,18:45:00,5.8
H76,Portal Usme,61923,18:51:00,6.0
H76,Portal Usme,61923,18:57:00,6.0
H76,Portal Usme,61923,19:03:00,6.0
H76,Portal Usme,61923,19:09:30,6.5
H76,Portal Usme,61923,19:16:00,6.5
H76,Portal Usme,61923,19:23:00,7.0
H76,Portal Usme,61923,19:30:00,7.0
H76,Portal Usme,61923,19:37:30,7.5
H76,Portal Usme,61923,19:45:00,7.5
H76,Portal Usme,61923,19:53:00,8.0
H76,Portal Usme,61923,20:01:00,8.0
H76,Portal Usme,61923,20:09:30,8.5
H76,Portal Usme,61923,20:18:00,8.5
H76,Portal Usme,61923,20:26:45,8.8
H76,Portal Usme,61923,20:35:45,9.0
H76,Portal Usme,61923,20:44:45,9.0
H76,Portal Usme,61923,20:53:45,9.0
H76,Portal Usme,61923,21:02:30,8.8
H76,Portal Usme,61923,21:11:30,9.0
H76,Portal Usme,61923,21:20:15,8.8
H76,Portal Usme,61923,21:29:00,8.8
H76,Portal Usme,61923,21:38:00,9.0
H76,Portal Usme,61923,21:46:45,8.8
H76,Portal Usme,61923,21:55:15,8.5
H76,Portal Usme,61923,22:02:30,7.2
H76,Portal Usme,61923,22:09:45,7.2
H76,Portal Usme,61923,22:17:45,8.0
H76,Portal Usme,61923,22:30:00,12.2
J76,Universidades,61836,05:00:00,0.0
J76,Universidades,61836,05:06:00,6.0
J76,Universidades,61836,05:12:00,6.0
J76,Universidades,61836,05:18:00,6.0
J76,Universidades,61836,05:24:00,6.0
J76,Universidades,61836,05:30:00,6.0
J76,Universidades,61836,05:36:00,6.0
J76,Universidades,61836,05:42:00,6.0
J76,Universidades,61836,05:48:00,6.0
J76,Universidades,61836,05:54:00,6.0
J76,Universidades,61836,06:00:00,6.0
J76,Universidades,61836,06:06:00,6.0
J76,Universidades,61836,06:12:00,6.0
J76,Universidades,61836,06:18:00,6.0
J76,Universidades,61836,06:24:00,6.0
J76,Universidades,61836,06:30:00,6.0
J76,Universidades,61836,06:36:00,6.0
J76,Universidades,61836,06:42:00,6.0
J76,Universidades,61836,06:48:00,6.0
J76,Universidades,61836,06:54:00,6.0
J76,Universidades,61836,07:00:00,6.0
J76,Universidades,61836,07:06:45,6.8
J76,Universidades,61836,07:13:30,6.8
J76,Universidades,61836,07:20:15,6.8
J76,Universidades,61836,07:27:15,7.0
J76,Universidades,61836,07:34:15,7.0
J76,Universidades,61836,07:41:45,7.5
J76,Universidades,61836,07:49:15,7.5
J76,Universidades,61836,07:57:45,8.5
J76,Universidades,61836,08:06:30,8.8
J76,Universidades,61836,08:13:30,7.0
J76,Universidades,61836,08:20:30,7.0
J76,Universidades,61836,08:30:00,9.5
E48,CAD,62285,04:00:00,0.0
E48,CAD,62285,04:04:30,4.5
E48,CAD,62285,04:09:00,4.5
E48,CAD,62285,04:13:30,4.5
E48,CAD,62285,04:18:00,4.5
E48,CAD,62285,04:22:30,4.5
E48,CAD,62285,04:27:00,4.5
E48,CAD,62285,04:31:30,4.5
E48,CAD,62285,04:36:00,4.5
E48,CAD,62285,04:40:30,4.5
E48,CAD,62285,04:45:00,4.5
E48,CAD,62285,04:49:30,4.5
E48,CAD,62285,04:54:00,4.5
E48,CAD,62285,04:58:30,4.5
E48,CAD,62285,05:03:00,4.5
E48,CAD,62285,05:07:00,4.0
E48,CAD,62285,05:11:00,4.0
E48,CAD,62285,05:15:00,4.0
E48,CAD,62285,05:19:00,4.0
E48,CAD,62285,05:23:00,4.0
E48,CAD,62285,05:27:00,4.0
E48,CAD,62285,05:31:00,4.0
E48,CAD,62285,05:34:15,3.2
E48,CAD,62285,05:37:30,3.2
E48,CAD,62285,05:40:45,3.2
E48,CAD,62285,05:44:00,3.2
E48,CAD,62285,05:47:15,3.2
E48,CAD,62285,05:50:30,3.2
E48,CAD,62285,05:53:45,3.2
E48,CAD,62285,05:57:00,3.2
E48,CAD,62285,06:00:15,3.2
E48,CAD,62285,06:03:30,3.2
E48,CAD,62285,06:06:45,3.2
E48,CAD,62285,06:10:00,3.2
E48,CAD,62285,06:13:15,3.2
E48,CAD,62285,06:16:30,3.2
E48,CAD,62285,06:19:45,3.2
E48,CAD,62285,06:23:00,3.2
E48,CAD,62285,06:26:15,3.2
E48,CAD,62285,06:29:30,3.2
E48,CAD,62285,06:32:45,3.2
E48,CAD,62285,06:36:00,3.2
E48,CAD,62285,06:39:15,3.2
E48,CAD,62285,06:42:30,3.2
E48,CAD,62285,06:45:45,3.2
E48,CAD,62285,06:49:00,3.2
E48,CAD,62285,06:52:15,3.2
E48,CAD,62285,06:55:30,3.2
E48,CAD,62285,06:58:45,3.2
E48,CAD,62285,07:02:00,3.2
E48,CAD,62285,07:06:45,4.8
E48,CAD,62285,07:11:30,4.8
E48,CAD,62285,07:16:15,4.8
E48,CAD,62285,07:21:00,4.8
E48,CAD,62285,07:25:45,4.8
E48,CAD,62285,07:30:30,4.8
E48,CAD,62285,07:35:15,4.8
E48,CAD,62285,07:40:00,4.8
E48,CAD,62285,07:44:45,4.8
E48,CAD,62285,07:49:15,4.5
E48,CAD,62285,07:56:15,7.0
E48,CAD,62285,08:03:15,7.0
E48,CAD,62285,08:11:15,8.0
E48,CAD,62285,08:17:15,6.0
E48,CAD,62285,08:23:15,6.0
E48,CAD,62285,08:31:15,8.0
E48,CAD,62285,08:37:15,6.0
E48,CAD,62285,08:45:15,8.0
E48,CAD,62285,08:52:45,7.5
E48,CAD,62285,09:00:00,7.2
G48,San Mateo,61552,16:00:00,0.0
G48,San Mateo,61552,16:05:00,5.0
G48,San Mateo,61552,16:10:00,5.0
G48,San Mateo,61552,16:15:00,5.0
G48,San Mateo,61552,16:20:00,5.0
G48,San Mateo,61552,16:25:00,5.0
G48,San Mateo,61552,16:30:00,5.0
G48,San Mateo,61552,16:34:00,4.0
G48,San Mateo,61552,16:38:00,4.0
G48,San Mateo,61552,16:42:00,4.0
G48,San Mateo,61552,16:46:00,4.0
G48,San Mateo,61552,16:50:00,4.0
G48,San Mateo,61552,16:54:00,4.0
G48,San Mateo,61552,16:58:00,4.0
G48,San Mateo,61552,17:02:00,4.0
G48,San Mateo,61552,17:05:30,3.5
G48,San Mateo,61552,17:09:00,3.5
G48,San Mateo,61552,17:12:30,3.5
G48,San Mateo,61552,17:16:00,3.5
G48,San Mateo,61552,17:19:30,3.5
G48,San Mateo,61552,17:23:00,3.5
G48,San Mateo,61552,17:26:30,3.5
G48,San Mateo,61552,17:30:00,3.5
G48,San Mateo,61552,17:33:30,3.5
G48,San Mateo,61552,17:37:00,3.5
G48,San Mateo,61552,17:40:30,3.5
G48,San Mateo,61552,17:44:00,3.5
G48,San Mateo,61552,17:47:30,3.5
G48,San Mateo,61552,17:51:00,3.5
G48,San Mateo,61552,17:54:30,3.5
G48,San Mateo,61552,17:58:00,3.5
G48,San Mateo,61552,18:01:30,3.5
G48,San Mateo,61552,18:05:00,3.5
G48,San Mateo,61552,18:08:30,3.5
G48,San Mateo,61552,18:12:00,3.5
G48,San Mateo,61552,18:15:30,3.5
G48,San Mateo,61552,18:19:00,3.5
G48,San Mateo,61552,18:22:30,3.5
G48,San Mateo,61552,18:26:00,3.5
G48,San Mateo,61552,18:29:30,3.5
G48,San Mateo,61552,18:33:00,3.5
G48,San Mateo,61552,18:37:15,4.2
G48,San Mateo,61552,18:41:30,4.2
G48,San Mateo,61552,18:45:45,4.2
G48,San Mateo,61552,18:50:00,4.2
G48,San Mateo,61552,18:54:15,4.2
G48,San Mateo,61552,18:58:30,4.2
G48,San Mateo,61552,19:02:45,4.2
G48,San Mateo,61552,19:08:15,5.5
G48,San Mateo,61552,19:13:45,5.5
G48,San Mateo,61552,19:19:15,5.5
G48,San Mateo,61552,19:24:45,5.5
G48,San Mateo,61552,19:30:15,5.5
G48,San Mateo,61552,19:35:45,5.5
G48,San Mateo,61552,19:41:15,5.5
G48,San Mateo,61552,19:46:45,5.5
G48,San Mateo,61552,19:52:15,5.5
G48,San Mateo,61552,19:57:45,5.5
G48,San Mateo,61552,20:03:15,5.5
G48,San Mateo,61552,20:10:00,6.8
G48,San Mateo,61552,20:17:00,7.0
G48,San Mateo,61552,20:23:45,6.8
G48,San Mateo,61552,20:30:30,6.8
G48,San Mateo,61552,20:37:15,6.8
G48,San Mateo,61552,20:44:00,6.8
G48,San Mateo,61552,20:51:00,7.0
G48,San Mateo,61552,20:57:45,6.8
G48,San Mateo,61552,21:04:30,6.8
G48,San Mateo,61552,21:10:30,6.0
G48,San Mateo,61552,21:16:15,5.8
G48,San Mateo,61552,21:23:15,7.0
G48,San Mateo,61552,21:29:00,5.8
G48,San Mateo,61552,21:36:00,7.0
G48,San Mateo,61552,21:44:00,8.0
G48,San Mateo,61552,21:52:00,8.0
G48,San Mateo,61552,22:00:00,8.0
M83,Museo Nacional,61836,04:30:00,0.0
M83,Museo Nacional,61836,04:35:00,5.0
M83,Museo Nacional,61836,04:40:00,5.0
M83,Museo Nacional,61836,04:45:00,5.0
M83,Museo Nacional,61836,04:50:00,5.0
M83,Museo Nacional,61836,04:55:00,5.0
M83,Museo Nacional,61836,05:00:00,5.0
M83,Museo Nacional,61836,05:02:30,2.5
M83,Museo Nacional,61836,05:05:00,2.5
M83,Museo Nacional,61836,05:07:30,2.5
M83,Museo Nacional,61836,05:10:00,2.5
M83,Museo Nacional,61836,05:12:30,2.5
M83,Museo Nacional,61836,05:15:00,2.5
M83,Museo Nacional,61836,05:17:30,2.5
M83,Museo Nacional,61836,05:20:00,2.5
M83,Museo Nacional,61836,05:22:30,2.5
M83,Museo Nacional,61836,05:25:00,2.5
M83,Museo Nacional,61836,05:27:30,2.5
M83,Museo Nacional,61836,05:30:00,2.5
M83,Museo Nacional,61836,05:32:30,2.5
M83,Museo Nacional,61836,05:35:00,2.5
M83,Museo Nacional,61836,05:37:30,2.5
M83,Museo Nacional,61836,05:40:00,2.5
M83,Museo Nacional,61836,05:42:30,2.5
M83,Museo Nacional,61836,05:45:00,2.5
M83,Museo Nacional,61836,05:47:30,2.5
M83,Museo Nacional,61836,05:50:00,2.5
M83,Museo Nacional,61836,05:52:30,2.5
M83,Museo Nacional,61836,05:55:00,2.5
M83,Museo Nacional,61836,05:57:30,2.5
M83,Museo Nacional,61836,06:00:00,2.5
M83,Museo Nacional,61836,06:03:00,3.0
M83,Museo Nacional,61836,06:06:00,3.0
M83,Museo Nacional,61836,06:09:00,3.0
M83,Museo Nacional,61836,06:12:00,3.0
M83,Museo Nacional,61836,06:15:00,3.0
M83,Museo Nacional,61836,06:18:00,3.0
M83,Museo Nacional,61836,06:21:00,3.0
M83,Museo Nacional,61836,06:24:00,3.0
M83,Museo Nacional,61836,06:27:00,3.0
M83,Museo Nacional,61836,06:30:00,3.0
M83,Museo Nacional,61836,06:33:00,3.0
M83,Museo Nacional,61836,06:36:00,3.0
M83,Museo Nacional,61836,06:39:00,3.0
M83,Museo Nacional,61836,06:42:00,3.0
M83,Museo Nacional,61836,06:45:00,3.0
M83,Museo Nacional,61836,06:48:00,3.0
M83,Museo Nacional,61836,06:51:00,3.0
M83,Museo Nacional,61836,06:54:00,3.0
M83,Museo Nacional,61836,06:57:00,3.0
M83,Museo Nacional,61836,07:00:00,3.0
M83,Museo Nacional,61836,07:03:30,3.5
M83,Museo Nacional,61836,07:07:00,3.5
M83,Museo Nacional,61836,07:10:30,3.5
M83,Museo Nacional,61836,07:14:00,3.5
M83,Museo Nacional,61836,07:17:30,3.5
M83,Museo Nacional,61836,07:21:00,3.5
M83,Museo Nacional,61836,07:24:30,3.5
M83,Museo Nacional,61836,07:28:00,3.5
M83,Museo Nacional,61836,07:31:30,3.5
M83,Museo Nacional,61836,07:35:00,3.5
M83,Museo Nacional,61836,07:38:30,3.5
M83,Museo Nacional,61836,07:42:00,3.5
M83,Museo Nacional,61836,07:45:30,3.5
M83,Museo Nacional,61836,07:49:00,3.5
M83,Museo Nacional,61836,07:52:30,3.5
M83,Museo Nacional,61836,07:56:00,3.5
M83,Museo Nacional,61836,07:59:30,3.5
M83,Museo Nacional,61836,08:03:00,3.5
M83,Museo Nacional,61836,08:07:30,4.5
M83,Museo Nacional,61836,08:12:00,4.5
M83,Museo Nacional,61836,08:16:30,4.5
M83,Museo Nacional,61836,08:21:00,4.5
M83,Museo Nacional,61836,08:25:30,4.5
M83,Museo Nacional,61836,08:30:00,4.5
M83,Museo Nacional,61836,08:34:30,4.5
M83,Museo Nacional,61836,08:39:00,4.5
M83,Museo Nacional,61836,08:43:30,4.5
M83,Museo Nacional,61836,08:48:00,4.5
M83,Museo Nacional,61836,08:52:30,4.5
M83,Museo Nacional,61836,08:57:00,4.5
M83,Museo Nacional,61836,09:01:30,4.5
M83,Museo Nacional,61836,09:06:30,5.0
M83,Museo Nacional,61836,09:11:30,5.0
M83,Museo Nacional,61836,09:16:30,5.0
M83,Museo Nacional,61836,09:21:30,5.0
M83,Museo Nacional,61836,09:26:30,5.0
M83,Museo Nacional,61836,09:31:30,5.0
M83,Museo Nacional,61836,09:36:30,5.0
M83,Museo Nacional,61836,09:41:30,5.0
M83,Museo Nacional,61836,09:46:30,5.0
M83,Museo Nacional,61836,09:51:30,5.0
M83,Museo Nacional,61836,09:56:30,5.0
M83,Museo Nacional,61836,10:01:30,5.0
M83,Museo Nacional,61836,10:07:00,5.5
M83,Museo Nacional,61836,10:12:30,5.5
M83,Museo Nacional,61836,10:18:00,5.5
M83,Museo Nacional,61836,10:23:30,5.5
M83,Museo Nacional,61836,10:29:00,5.5
M83,Museo Nacional,61836,10:34:30,5.5
M83,Museo Nacional,61836,10:40:00,5.5
M83,Museo Nacional,61836,10:45:30,5.5
M83,Museo Nacional,61836,10:51:00,5.5
M83,Museo Nacional,61836,10:56:30,5.5
M83,Museo Nacional,61836,11:02:00,5.5
M83,Museo Nacional,61836,11:07:30,5.5
M83,Museo Nacional,61836,11:13:00,5.5
M83,Museo Nacional,61836,11:18:30,5.5
M83,Museo Nacional,61836,11:24:00,5.5
M83,Museo Nacional,61836,11:29:30,5.5
M83,Museo Nacional,61836,11:35:00,5.5
M83,Museo Nacional,61836,11:40:30,5.5
M83,Museo Nacional,61836,11:46:00,5.5
M83,Museo Nacional,61836,11:51:30,5.5
M83,Museo Nacional,61836,11:57:00,5.5
M83,Museo Nacional,61836,12:02:30,5.5
M83,Museo Nacional,61836,12:08:00,5.5
M83,Museo Nacional,61836,12:13:30,5.5
M83,Museo Nacional,61836,12:19:00,5.5
M83,Museo Nacional,61836,12:24:30,5.5
M83,Museo Nacional,61836,12:30:00,5.5
M83,Museo Nacional,61836,12:35:30,5.5
M83,Museo Nacional,61836,12:41:00,5.5
M83,Museo Nacional,61836,12:46:30,5.5
M83,Museo Nacional,61836,12:52:00,5.5
M83,Museo Nacional,61836,12:57:30,5.5
M83,Museo Nacional,61836,13:03:00,5.5
M83,Museo Nacional,61836,13:08:30,5.5
M83,Museo Nacional,61836,13:14:00,5.5
M83,Museo Nacional,61836,13:19:30,5.5
M83,Museo Nacional,61836,13:25:00,5.5
M83,Museo Nacional,61836,13:30:30,5.5
M83,Museo Nacional,61836,13:36:00,5.5
M83,Museo Nacional,61836,13:41:30,5.5
M83,Museo Nacional,61836,13:47:00,5.5
M83,Museo Nacional,61836,13:52:30,5.5
M83,Museo Nacional,61836,13:58:00,5.5
M83,Museo Nacional,61836,14:03:30,5.5
M83,Museo Nacional,61836,14:09:00,5.5
M83,Museo Nacional,61836,14:14:30,5.5
M83,Museo Nacional,61836,14:20:00,5.5
M83,Museo Nacional,61836,14:25:30,5.5
M83,Museo Nacional,61836,14:31:00,5.5
M83,Museo Nacional,61836,14:36:30,5.5
M83,Museo Nacional,61836,14:42:00,5.5
M83,Museo Nacional,61836,14:47:30,5.5
M83,Museo Nacional,61836,14:53:00,5.5
M83,Museo Nacional,61836,14:58:30,5.5
M83,Museo Nacional,61836,15:04:00,5.5
M83,Museo Nacional,61836,15:09:30,5.5
M83,Museo Nacional,61836,15:15:00,5.5
M83,Museo Nacional,61836,15:20:30,5.5
M83,Museo Nacional,61836,15:26:00,5.5
M83,Museo Nacional,61836,15:31:30,5.5
M83,Museo Nacional,61836,15:37:00,5.5
M83,Museo Nacional,61836,15:42:30,5.5
M83,Museo Nacional,61836,15:48:00,5.5
M83,Museo Nacional,61836,15:53:30,5.5
M83,Museo Nacional,61836,15:59:00,5.5
M83,Museo Nacional,61836,16:04:30,5.5
M83,Museo Nacional,61836,16:09:30,5.0
M83,Museo Nacional,61836,16:14:30,5.0
M83,Museo Nacional,61836,16:19:30,5.0
M83,Museo Nacional,61836,16:24:30,5.0
M83,Museo Nacional,61836,16:29:30,5.0
M83,Museo Nacional,61836,16:34:30,5.0
M83,Museo Nacional,61836,16:39:30,5.0
M83,Museo Nacional,61836,16:44:30,5.0
M83,Museo Nacional,61836,16:49:30,5.0
M83,Museo Nacional,61836,16:54:30,5.0
M83,Museo Nacional,61836,16:59:30,5.0
M83,Museo Nacional,61836,17:04:30,5.0
M83,Museo Nacional,61836,17:09:30,5.0
M83,Museo Nacional,61836,17:14:30,5.0
M83,Museo Nacional,61836,17:19:30,5.0
M83,Museo Nacional,61836,17:24:30,5.0
M83,Museo Nacional,61836,17:29:30,5.0
M83,Museo Nacional,61836,17:34:30,5.0
M83,Museo Nacional,61836,17:39:30,5.0
M83,Museo Nacional,61836,17:44:30,5.0
M83,Museo Nacional,61836,17:49:30,5.0
M83,Museo Nacional,61836,17:54:30,5.0
M83,Museo Nacional,61836,17:59:30,5.0
M83,Museo Nacional,61836,18:04:30,5.0
M83,Museo Nacional,61836,18:10:00,5.5
M83,Museo Nacional,61836,18:15:30,5.5
M83,Museo Nacional,61836,18:21:00,5.5
M83,Museo Nacional,61836,18:26:30,5.5
M83,Museo Nacional,61836,18:32:00,5.5
M83,Museo Nacional,61836,18:37:30,5.5
M83,Museo Nacional,61836,18:43:00,5.5
M83,Museo Nacional,61836,18:48:30,5.5
M83,Museo Nacional,61836,18:54:00,5.5
M83,Museo Nacional,61836,18:59:30,5.5
M83,Museo Nacional,61836,19:05:00,5.5
M83,Museo Nacional,61836,19:10:30,5.5
M83,Museo Nacional,61836,19:16:00,5.5
M83,Museo Nacional,61836,19:21:30,5.5
M83,Museo Nacional,61836,19:27:00,5.5
M83,Museo Nacional,61836,19:32:30,5.5
M83,Museo Nacional,61836,19:38:00,5.5
M83,Museo Nacional,61836,19:43:30,5.5
M83,Museo Nacional,61836,19:49:00,5.5
M83,Museo Nacional,61836,19:54:30,5.5
M83,Museo Nacional,61836,20:00:00,5.5
M83,Museo Nacional,61836,20:06:00,6.0
M83,Museo Nacional,61836,20:12:00,6.0
M83,Museo Nacional,61836,20:18:00,6.0
M83,Museo Nacional,61836,20:24:00,6.0
M83,Museo Nacional,61836,20:30:00,6.0
M83,Museo Nacional,61836,20:36:00,6.0
M83,Museo Nacional,61836,20:42:00,6.0
M83,Museo Nacional,61836,20:48:00,6.0
M83,Museo Nacional,61836,20:54:00,6.0
M83,Museo Nacional,61836,21:00:00,6.0
M83,Museo Nacional,61836,21:06:00,6.0
M83,Museo Nacional,61836,21:12:00,6.0
M83,Museo Nacional,61836,21:18:00,6.0
M83,Museo Nacional,61836,21:24:00,6.0
M83,Museo Nacional,61836,21:30:00,6.0
M83,Museo Nacional,61836,21:35:45,5.8
M83,Museo Nacional,61836,21:41:45,6.0
M83,Museo Nacional,61836,21:47:45,6.0
M83,Museo Nacional,61836,21:53:45,6.0
M83,Museo Nacional,61836,21:59:45,6.0
M83,Museo Nacional,61836,22:05:30,5.8
M83,Museo Nacional,61836,22:10:15,4.8
M83,Museo Nacional,61836,22:15:45,5.5
M83,Museo Nacional,61836,22:22:30,6.8
M83,Museo Nacional,61836,22:29:30,7.0
M83,Museo Nacional,61836,22:36:30,7.0
M83,Museo Nacional,61836,22:43:30,7.0
M83,Museo Nacional,61836,22:49:30,6.0
M83,Museo Nacional,61836,22:54:15,4.8
M83,Museo Nacional,61836,23:00:00,5.8
H83,Portal Usme,71424,04:30:00,0.0
H83,Portal Usme,71424,04:35:00,5.0
H83,Portal Usme,71424,04:40:00,5.0
H83,Portal Usme,71424,04:45:00,5.0
H83,Portal Usme,71424,04:50:00,5.0
H83,Portal Usme,71424,04:55:00,5.0
H83,Portal Usme,71424,05:00:00,5.0
H83,Portal Usme,71424,05:05:00,5.0
H83,Portal Usme,71424,05:10:00,5.0
H83,Portal Usme,71424,05:15:00,5.0
H83,Portal Usme,71424,05:20:00,5.0
H83,Portal Usme,71424,05:25:00,5.0
H83,Portal Usme,71424,05:30:00,5.0
H83,Portal Usme,71424,05:35:00,5.0
H83,Portal Usme,71424,05:40:00,5.0
H83,Portal Usme,71424,05:45:00,5.0
H83,Portal Usme,71424,05:50:00,5.0
H83,Portal Usme,71424,05:55:00,5.0
H83,Portal Usme,71424,06:00:00,5.0
H83,Portal Usme,71424,06:04:00,4.0
H83,Portal Usme,71424,06:08:00,4.0
H83,Portal Usme,71424,06:12:00,4.0
H83,Portal Usme,71424,06:16:00,4.0
H83,Portal Usme,71424,06:20:00,4.0
H83,Portal Usme,71424,06:24:00,4.0
H83,Portal Usme,71424,06:28:00,4.0
H83,Portal Usme,71424,06:32:00,4.0
H83,Portal Usme,71424,06:36:00,4.0
H83,Portal Usme,71424,06:40:00,4.0
H83,Portal Usme,71424,06:44:00,4.0
H83,Portal Usme,71424,06:48:00,4.0
H83,Portal Usme,71424,06:52:00,4.0
H83,Portal Usme,71424,06:56:00,4.0
H83,Portal Usme,71424,07:00:00,4.0
H83,Portal Usme,71424,07:05:00,5.0
H83,Portal Usme,71424,07:10:00,5.0
H83,Portal Usme,71424,07:15:00,5.0
H83,Portal Usme,71424,07:20:00,5.0
H83,Portal Usme,71424,07:25:00,5.0
H83,Portal Usme,71424,07:30:00,5.0
H83,Portal Usme,71424,07:35:00,5.0
H83,Portal Usme,71424,07:40:00,5.0
H83,Portal Usme,71424,07:45:00,5.0
H83,Portal Usme,71424,07:50:00,5.0
H83,Portal Usme,71424,07:55:00,5.0
H83,Portal Usme,71424,08:00:00,5.0
H83,Portal Usme,71424,08:05:00,5.0
H83,Portal Usme,71424,08:10:00,5.0
H83,Portal Usme,71424,08:15:00,5.0
H83,Portal Usme,71424,08:20:00,5.0
H83,Portal Usme,71424,08:25:00,5.0
H83,Portal Usme,71424,08:30:00,5.0
H83,Portal Usme,71424,08:35:00,5.0
H83,Portal Usme,71424,08:40:00,5.0
H83,Portal Usme,71424,08:45:00,5.0
H83,Portal Usme,71424,08:50:00,5.0
H83,Portal Usme,71424,08:55:00,5.0
H83,Portal Usme,71424,09:00:00,5.0
H83,Portal Usme,71424,09:05:30,5.5
H83,Portal Usme,71424,09:11:00,5.5
H83,Portal Usme,71424,09:16:30,5.5
H83,Portal Usme,71424,09:22:00,5.5
H83,Portal Usme,71424,09:27:30,5.5
H83,Portal Usme,71424,09:33:00,5.5
H83,Portal Usme,71424,09:38:30,5.5
H83,Portal Usme,71424,09:44:00,5.5
H83,Portal Usme,71424,09:49:30,5.5
H83,Portal Usme,71424,09:55:00,5.5
H83,Portal Usme,71424,10:00:30,5.5
H83,Portal Usme,71424,10:06:00,5.5
H83,Portal Usme,71424,10:11:30,5.5
H83,Portal Usme,71424,10:17:00,5.5
H83,Portal Usme,71424,10:22:30,5.5
H83,Portal Usme,71424,10:28:00,5.5
H83,Portal Usme,71424,10:33:30,5.5
H83,Portal Usme,71424,10:39:00,5.5
H83,Portal Usme,71424,10:44:30,5.5
H83,Portal Usme,71424,10:50:00,5.5
H83,Portal Usme,71424,10:55:30,5.5
H83,Portal Usme,71424,11:01:00,5.5
H83,Portal Usme,71424,11:06:30,5.5
H83,Portal Usme,71424,11:12:00,5.5
H83,Portal Usme,71424,11:17:30,5.5
H83,Portal Usme,71424,11:23:00,5.5
H83,Portal Usme,71424,11:28:30,5.5
H83,Portal Usme,71424,11:34:00,5.5
H83,Portal Usme,71424,11:39:30,5.5
H83,Portal Usme,71424,11:45:00,5.5
H83,Portal Usme,71424,11:50:30,5.5
H83,Portal Usme,71424,11:56:00,5.5
H83,Portal Usme,71424,12:01:30,5.5
H83,Portal Usme,71424,12:07:00,5.5
H83,Portal Usme,71424,12:12:30,5.5
H83,Portal Usme,71424,12:18:00,5.5
H83,Portal Usme,71424,12:23:30,5.5
H83,Portal Usme,71424,12:29:00,5.5
H83,Portal Usme,71424,12:34:30,5.5
H83,Portal Usme,71424,12:40:00,5.5
H83,Portal Usme,71424,12:45:30,5.5
H83,Portal Usme,71424,12:51:00,5.5
H83,Portal Usme,71424,12:56:30,5.5
H83,Portal Usme,71424,13:02:00,5.5
H83,Portal Usme,71424,13:07:30,5.5
H83,Portal Usme,71424,13:13:00,5.5
H83,Portal Usme,71424,13:18:30,5.5
H83,Portal Usme,71424,13:24:00,5.5
H83,Portal Usme,71424,13:29:30,5.5
H83,Portal Usme,71424,13:35:00,5.5
H83,Portal Usme,71424,13:40:30,5.5
H83,Portal Usme,71424,13:46:00,5.5
H83,Portal Usme,71424,13:51:30,5.5
H83,Portal Usme,71424,13:57:00,5.5
H83,Portal Usme,71424,14:02:30,5.5
H83,Portal Usme,71424,14:08:00,5.5
H83,Portal Usme,71424,14:13:30,5.5
H83,Portal Usme,71424,14:19:00,5.5
H83,Portal Usme,71424,14:24:30,5.5
H83,Portal Usme,71424,14:30:00,5.5
H83,Portal Usme,71424,14:35:30,5.5
H83,Portal Usme,71424,14:41:00,5.5
H83,Portal Usme,71424,14:46:30,5.5
H83,Portal Usme,71424,14:52:00,5.5
H83,Portal Usme,71424,14:57:30,5.5
H83,Portal Usme,71424,15:03:00,5.5
H83,Portal Usme,71424,15:08:30,5.5
H83,Portal Usme,71424,15:14:00,5.5
H83,Portal Usme,71424,15:19:30,5.5
H83,Portal Usme,71424,15:25:00,5.5
H83,Portal Usme,71424,15:30:30,5.5
H83,Portal Usme,71424,15:36:00,5.5
H83,Portal Usme,71424,15:41:30,5.5
H83,Portal Usme,71424,15:47:00,5.5
H83,Portal Usme,71424,15:52:30,5.5
H83,Portal Usme,71424,15:58:00,5.5
H83,Portal Usme,71424,16:03:30,5.5
H83,Portal Usme,71424,16:06:30,3.0
H83,Portal Usme,71424,16:09:30,3.0
H83,Portal Usme,71424,16:12:30,3.0
H83,Portal Usme,71424,16:15:30,3.0
H83,Portal Usme,71424,16:18:30,3.0
H83,Portal Usme,71424,16:21:30,3.0
H83,Portal Usme,71424,16:24:30,3.0
H83,Portal Usme,71424,16:27:30,3.0
H83,Portal Usme,71424,16:30:30,3.0
H83,Portal Usme,71424,16:33:30,3.0
H83,Portal Usme,71424,16:36:30,3.0
H83,Portal Usme,71424,16:39:30,3.0
H83,Portal Usme,71424,16:42:30,3.0
H83,Portal Usme,71424,16:45:30,3.0
H83,Portal Usme,71424,16:48:30,3.0
H83,Portal Usme,71424,16:51:30,3.0
H83,Portal Usme,71424,16:54:30,3.0
H83,Portal Usme,71424,16:57:30,3.0
H83,Portal Usme,71424,17:00:30,3.0
H83,Portal Usme,71424,17:03:30,3.0
H83,Portal Usme,71424,17:06:30,3.0
H83,Portal Usme,71424,17:09:30,3.0
H83,Portal Usme,71424,17:12:30,3.0
H83,Portal Usme,71424,17:15:30,3.0
H83,Portal Usme,71424,17:18:30,3.0
H83,Portal Usme,71424,17:21:30,3.0
H83,Portal Usme,71424,17:24:30,3.0
H83,Portal Usme,71424,17:27:30,3.0
H83,Portal Usme,71424,17:30:30,3.0
H83,Portal Usme,71424,17:33:30,3.0
H83,Portal Usme,71424,17:36:30,3.0
H83,Portal Usme,71424,17:39:30,3.0
H83,Portal Usme,71424,17:42:30,3.0
H83,Portal Usme,71424,17:45:30,3.0
H83,Portal Usme,71424,17:48:30,3.0
H83,Portal Usme,71424,17:51:30,3.0
H83,Portal Usme,71424,17:54:30,3.0
H83,Portal Usme,71424,17:57:30,3.0
H83,Portal Usme,71424,18:00:30,3.0
H83,Portal Usme,71424,18:04:15,3.8
H83,Portal Usme,71424,18:08:00,3.8
H83,Portal Usme,71424,18:11:45,3.8
H83,Portal Usme,71424,18:15:30,3.8
H83,Portal Usme,71424,18:19:15,3.8
H83,Portal Usme,71424,18:23:00,3.8
H83,Portal Usme,71424,18:26:45,3.8
H83,Portal Usme,71424,18:30:30,3.8
H83,Portal Usme,71424,18:34:15,3.8
H83,Portal Usme,71424,18:38:00,3.8
H83,Portal Usme,71424,18:41:45,3.8
H83,Portal Usme,71424,18:45:30,3.8
H83,Portal Usme,71424,18:49:15,3.8
H83,Portal Usme,71424,18:53:00,3.8
H83,Portal Usme,71424,18:56:45,3.8
H83,Portal Usme,71424,19:00:30,3.8
H83,Portal Usme,71424,19:05:00,4.5
H83,Portal Usme,71424,19:09:30,4.5
H83,Portal Usme,71424,19:14:00,4.5
H83,Portal Usme,71424,19:18:30,4.5
H83,Portal Usme,71424,19:23:00,4.5
H83,Portal Usme,71424,19:27:30,4.5
H83,Portal Usme,71424,19:32:00,4.5
H83,Portal Usme,71424,19:36:30,4.5
H83,Portal Usme,71424,19:41:00,4.5
H83,Portal Usme,71424,19:45:30,4.5
H83,Portal Usme,71424,19:50:00,4.5
H83,Portal Usme,71424,19:54:30,4.5
H83,Portal Usme,71424,19:59:00,4.5
H83,Portal Usme,71424,20:03:30,4.5
H83,Portal Usme,71424,20:09:30,6.0
H83,Portal Usme,71424,20:15:30,6.0
H83,Portal Usme,71424,20:21:30,6.0
H83,Portal Usme,71424,20:27:30,6.0
H83,Portal Usme,71424,20:33:30,6.0
H83,Portal Usme,71424,20:39:30,6.0
H83,Portal Usme,71424,20:45:30,6.0
H83,Portal Usme,71424,20:51:30,6.0
H83,Portal Usme,71424,20:57:30,6.0
H83,Portal Usme,71424,21:03:30,6.0
H83,Portal Usme,71424,21:09:30,6.0
H83,Portal Usme,71424,21:15:30,6.0
H83,Portal Usme,71424,21:21:30,6.0
H83,Portal Usme,71424,21:27:30,6.0
H83,Portal Usme,71424,21:33:30,6.0
H83,Portal Usme,71424,21:39:30,6.0
H83,Portal Usme,71424,21:45:30,6.0
H83,Portal Usme,71424,21:51:30,6.0
H83,Portal Usme,71424,21:57:30,6.0
H83,Portal Usme,71424,22:03:30,6.0
H83,Portal Usme,71424,22:09:15,5.8
H83,Portal Usme,71424,22:15:00,5.8
H83,Portal Usme,71424,22:21:00,6.0
H83,Portal Usme,71424,22:26:45,5.8
H83,Portal Usme,71424,22:32:45,6.0
H83,Portal Usme,71424,22:38:30,5.8
H83,Portal Usme,71424,22:44:15,5.8
H83,Portal Usme,71424,22:49:15,5.0
H83,Portal Usme,71424,22:54:00,4.8
H83,Portal Usme,71424,22:59:30,5.5
H83,Portal Usme,71424,23:06:15,6.8
H83,Portal Usme,71424,23:13:15,7.0
H83,Portal Usme,71424,23:20:15,7.0
H83,Portal Usme,71424,23:27:15,7.0
H83,Portal Usme,71424,23:34:15,7.0
H83,Portal Usme,71424,23:40:00,5.8
B27,Portal Norte,73460,05:00:00,0.0
B27,Portal Norte,73460,05:05:00,5.0
B27,Portal Norte,73460,05:10:00,5.0
B27,Portal Norte,73460,05:15:00,5.0
B27,Portal Norte,73460,05:20:00,5.0
B27,Portal Norte,73460,05:25:00,5.0
B27,Portal Norte,73460,05:30:00,5.0
B27,Portal Norte,73460,05:33:15,3.2
B27,Portal Norte,73460,05:36:30,3.2
B27,Portal Norte,73460,05:39:45,3.2
B27,Portal Norte,73460,05:43:00,3.2
B27,Portal Norte,73460,05:46:15,3.2
B27,Portal Norte,73460,05:49:30,3.2
B27,Portal Norte,73460,05:52:45,3.2
B27,Portal Norte,73460,05:56:00,3.2
B27,Portal Norte,73460,05:59:15,3.2
B27,Portal Norte,73460,06:02:30,3.2
B27,Portal Norte,73460,06:05:45,3.2
B27,Portal Norte,73460,06:09:00,3.2
B27,Portal Norte,73460,06:12:15,3.2
B27,Portal Norte,73460,06:15:30,3.2
B27,Portal Norte,73460,06:18:45,3.2
B27,Portal Norte,73460,06:22:00,3.2
B27,Portal Norte,73460,06:25:15,3.2
B27,Portal Norte,73460,06:28:30,3.2
B27,Portal Norte,73460,06:31:45,3.2
B27,Portal Norte,73460,06:35:00,3.2
B27,Portal Norte,73460,06:38:15,3.2
B27,Portal Norte,73460,06:41:30,3.2
B27,Portal Norte,73460,06:44:45,3.2
B27,Portal Norte,73460,06:48:00,3.2
B27,Portal Norte,73460,06:51:15,3.2
B27,Portal Norte,73460,06:54:30,3.2
B27,Portal Norte,73460,06:57:45,3.2
B27,Portal Norte,73460,07:01:00,3.2
B27,Portal Norte,73460,07:04:45,3.8
B27,Portal Norte,73460,07:08:30,3.8
B27,Portal Norte,73460,07:12:15,3.8
B27,Portal Norte,73460,07:16:00,3.8
B27,Portal Norte,73460,07:19:45,3.8
B27,Portal Norte,73460,07:23:30,3.8
B27,Portal Norte,73460,07:27:15,3.8
B27,Portal Norte,73460,07:31:00,3.8
B27,Portal Norte,73460,07:34:45,3.8
B27,Portal Norte,73460,07:38:30,3.8
B27,Portal Norte,73460,07:42:15,3.8
B27,Portal Norte,73460,07:46:00,3.8
B27,Portal Norte,73460,07:49:45,3.8
B27,Portal Norte,73460,07:53:30,3.8
B27,Portal Norte,73460,07:57:15,3.8
B27,Portal Norte,73460,08:01:00,3.8
B27,Portal Norte,73460,08:05:15,4.2
B27,Portal Norte,73460,08:09:30,4.2
B27,Portal Norte,73460,08:13:45,4.2
B27,Portal Norte,73460,08:18:00,4.2
B27,Portal Norte,73460,08:22:45,4.8
B27,Portal Norte,73460,08:27:45,5.0
B27,Portal Norte,73460,08:33:15,5.5
B27,Portal Norte,73460,08:39:00,5.8
B27,Portal Norte,73460,08:44:45,5.8
B27,Portal Norte,73460,08:50:00,5.2
B27,Portal Norte,73460,08:55:00,5.0
B27,Portal Norte,73460,09:00:00,5.0
B27,Portal Norte,73460,16:00:00,420.0
B27,Portal Norte,73460,16:02:30,2.5
B27,Portal Norte,73460,16:05:00,2.5
B27,Portal Norte,73460,16:10:00,5.0
B27,Portal Norte,73460,16:15:00,5.0
B27,Portal Norte,73460,16:20:00,5.0
B27,Portal Norte,73460,16:25:00,5.0
B27,Portal Norte,73460,16:30:00,5.0
B27,Portal Norte,73460,16:35:00,5.0
B27,Portal Norte,73460,16:40:00,5.0
B27,Portal Norte,73460,16:45:00,5.0
B27,Portal Norte,73460,16:50:00,5.0
B27,Portal Norte,73460,16:55:00,5.0
B27,Portal Norte,73460,17:00:00,5.0
B27,Portal Norte,73460,17:05:00,5.0
B27,Portal Norte,73460,17:10:00,5.0
B27,Portal Norte,73460,17:15:00,5.0
B27,Portal Norte,73460,17:20:00,5.0
B27,Portal Norte,73460,17:25:00,5.0
B27,Portal Norte,73460,17:30:00,5.0
B27,Portal Norte,73460,17:35:00,5.0
B27,Portal Norte,73460,17:40:00,5.0
B27,Portal Norte,73460,17:45:00,5.0
B27,Portal Norte,73460,17:50:00,5.0
B27,Portal Norte,73460,17:55:00,5.0
B27,Portal Norte,73460,18:00:00,5.0
B27,Portal Norte,73460,18:07:00,7.0
B27,Portal Norte,73460,18:14:00,7.0
B27,Portal Norte,73460,18:21:00,7.0
B27,Portal Norte,73460,18:28:00,7.0
B27,Portal Norte,73460,18:35:00,7.0
B27,Portal Norte,73460,18:42:30,7.5
B27,Portal Norte,73460,18:50:00,7.5
B27,Portal Norte,73460,18:58:00,8.0
B27,Portal Norte,73460,19:06:00,8.0
B27,Portal Norte,73460,19:14:00,8.0
B27,Portal Norte,73460,19:21:45,7.8
B27,Portal Norte,73460,19:31:30,9.8
B27,Portal Norte,73460,19:39:00,7.5
B27,Portal Norte,73460,19:46:00,7.0
B27,Portal Norte,73460,19:53:00,7.0
B27,Portal Norte,73460,20:00:00,7.0
8,Terminal,61221,16:00:00,0.0
8,Terminal,61221,16:05:45,5.8
8,Terminal,61221,16:15:45,10.0
8,Terminal,61221,16:26:45,11.0
8,Terminal,61221,16:36:15,9.5
8,Terminal,61221,16:46:15,10.0
8,Terminal,61221,16:56:15,10.0
8,Terminal,61221,17:06:15,10.0
8,Terminal,61221,17:16:15,10.0
8,Terminal,61221,17:26:15,10.0
8,Terminal,61221,17:36:45,10.5
8,Terminal,61221,17:46:45,10.0
8,Terminal,61221,17:57:00,10.2
8,Terminal,61221,18:07:00,10.0
8,Terminal,61221,18:17:00,10.0
8,Terminal,61221,18:26:45,9.8
8,Terminal,61221,18:36:00,9.2
8,Terminal,61221,18:45:00,9.0
8,Terminal,61221,18:55:15,10.2
8,Terminal,61365,04:30:00,0.0
8,Terminal,61365,04:40:00,10.0
8,Terminal,61365,04:50:00,10.0
8,Terminal,61365,05:00:00,10.0
8,Terminal,72761,04:30:00,0.0
8,Terminal,72761,04:35:00,5.0
8,Terminal,72761,04:40:00,5.0
8,Terminal,72761,04:45:00,5.0
8,Terminal,72761,04:50:00,5.0
8,Terminal,72761,04:55:00,5.0
8,Terminal,72761,05:00:00,5.0
8,Terminal,72761,05:05:00,5.0
8,Terminal,72761,05:10:00,5.0
8,Terminal,72761,05:15:00,5.0
8,Terminal,72761,05:20:00,5.0
8,Terminal,72761,05:25:00,5.0
8,Terminal,72761,05:30:00,5.0
8,Terminal,72761,05:35:00,5.0
8,Terminal,72761,05:40:00,5.0
8,Terminal,72761,05:45:00,5.0
8,Terminal,72761,05:50:00,5.0
8,Terminal,72761,05:55:00,5.0
8,Terminal,72761,06:00:00,5.0
8,Terminal,72761,06:04:45,4.8
8,Terminal,72761,06:09:30,4.8
8,Terminal,72761,06:14:15,4.8
8,Terminal,72761,06:19:00,4.8
8,Terminal,72761,06:23:30,4.5
8,Terminal,72761,06:28:00,4.5
8,Terminal,72761,06:32:30,4.5
8,Terminal,72761,06:37:00,4.5
8,Terminal,72761,06:41:30,4.5
8,Terminal,72761,06:46:00,4.5
8,Terminal,72761,06:50:30,4.5
8,Terminal,72761,06:55:00,4.5
8,Terminal,72761,06:59:30,4.5
8,Terminal,72761,07:04:00,4.5
8,Terminal,72761,07:08:30,4.5
8,Terminal,72761,07:13:00,4.5
8,Terminal,72761,07:17:30,4.5
8,Terminal,72761,07:22:00,4.5
8,Terminal,72761,07:26:30,4.5
8,Terminal,72761,07:31:00,4.5
8,Terminal,72761,07:35:30,4.5
8,Terminal,72761,07:40:00,4.5
8,Terminal,72761,07:44:30,4.5
8,Terminal,72761,07:49:00,4.5
8,Terminal,72761,07:53:30,4.5
8,Terminal,72761,07:58:00,4.5
8,Terminal,72761,08:02:30,4.5
8,Terminal,72761,08:07:15,4.8
8,Terminal,72761,08:12:00,4.8
8,Terminal,72761,08:16:45,4.8
8,Terminal,72761,08:21:30,4.8
8,Terminal,72761,08:26:15,4.8
8,Terminal,72761,08:31:00,4.8
8,Terminal,72761,08:35:45,4.8
8,Terminal,72761,08:40:30,4.8
8,Terminal,72761,08:45:15,4.8
8,Terminal,72761,08:50:00,4.8
8,Terminal,72761,08:54:45,4.8
8,Terminal,72761,08:59:30,4.8
8,Terminal,72761,09:04:15,4.8
8,Terminal,72761,09:09:00,4.8
8,Terminal,72761,09:13:45,4.8
8,Terminal,72761,09:18:30,4.8
8,Terminal,72761,09:23:15,4.8
8,Terminal,72761,09:28:00,4.8
8,Terminal,72761,09:32:45,4.8
8,Terminal,72761,09:37:30,4.8
8,Terminal,72761,09:42:15,4.8
8,Terminal,72761,09:47:00,4.8
8,Terminal,72761,09:51:45,4.8
8,Terminal,72761,09:56:30,4.8
8,Terminal,72761,10:01:15,4.8
8,Terminal,72761,10:07:45,6.5
8,Terminal,72761,10:14:15,6.5
8,Terminal,72761,10:20:45,6.5
8,Terminal,72761,10:27:15,6.5
8,Terminal,72761,10:33:45,6.5
8,Terminal,72761,10:40:15,6.5
8,Terminal,72761,10:46:45,6.5
8,Terminal,72761,10:53:15,6.5
8,Terminal,72761,10:59:45,6.5
8,Terminal,72761,11:06:15,6.5
8,Terminal,72761,11:12:45,6.5
8,Terminal,72761,11:19:15,6.5
8,Terminal,72761,11:25:45,6.5
8,Terminal,72761,11:32:15,6.5
8,Terminal,72761,11:38:45,6.5
8,Terminal,72761,11:45:15,6.5
8,Terminal,72761,11:51:45,6.5
8,Terminal,72761,11:58:15,6.5
8,Terminal,72761,12:04:45,6.5
8,Terminal,72761,12:11:15,6.5
8,Terminal,72761,12:17:45,6.5
8,Terminal,72761,12:24:15,6.5
8,Terminal,72761,12:30:45,6.5
8,Terminal,72761,12:37:15,6.5
8,Terminal,72761,12:43:45,6.5
8,Terminal,72761,12:50:15,6.5
8,Terminal,72761,12:56:45,6.5
8,Terminal,72761,13:03:15,6.5
8,Terminal,72761,13:09:45,6.5
8,Terminal,72761,13:16:15,6.5
8,Terminal,72761,13:22:45,6.5
8,Terminal,72761,13:29:15,6.5
8,Terminal,72761,13:35:45,6.5
8,Terminal,72761,13:42:15,6.5
8,Terminal,72761,13:48:45,6.5
8,Terminal,72761,13:55:15,6.5
8,Terminal,72761,14:01:45,6.5
8,Terminal,72761,14:08:15,6.5
8,Terminal,72761,14:14:45,6.5
8,Terminal,72761,14:21:15,6.5
8,Terminal,72761,14:27:45,6.5
8,Terminal,72761,14:34:15,6.5
8,Terminal,72761,14:40:45,6.5
8,Terminal,72761,14:47:15,6.5
8,Terminal,72761,14:53:45,6.5
8,Terminal,72761,15:00:15,6.5
8,Terminal,72761,15:06:00,5.8
8,Terminal,72761,15:11:45,5.8
8,Terminal,72761,15:17:30,5.8
8,Terminal,72761,15:23:00,5.5
8,Terminal,72761,15:28:30,5.5
8,Terminal,72761,15:34:00,5.5
8,Terminal,72761,15:39:15,5.2
8,Terminal,72761,15:44:30,5.2
8,Terminal,72761,15:49:45,5.2
8,Terminal,72761,15:54:45,5.0
8,Terminal,72761,15:59:45,5.0
8,Terminal,72761,16:04:45,5.0
8,Terminal,72761,16:09:45,5.0
8,Terminal,72761,16:14:45,5.0
8,Terminal,72761,16:19:45,5.0
8,Terminal,72761,16:24:45,5.0
8,Terminal,72761,16:29:45,5.0
8,Terminal,72761,16:34:45,5.0
8,Terminal,72761,16:39:45,5.0
8,Terminal,72761,16:44:45,5.0
8,Terminal,72761,16:49:45,5.0
8,Terminal,72761,16:54:45,5.0
8,Terminal,72761,16:59:45,5.0
8,Terminal,72761,17:04:45,5.0
8,Terminal,72761,17:09:45,5.0
8,Terminal,72761,17:14:45,5.0
8,Terminal,72761,17:19:45,5.0
8,Terminal,72761,17:24:45,5.0
8,Terminal,72761,17:29:45,5.0
8,Terminal,72761,17:34:45,5.0
8,Terminal,72761,17:39:45,5.0
8,Terminal,72761,17:44:45,5.0
8,Terminal,72761,17:49:45,5.0
8,Terminal,72761,17:54:45,5.0
8,Terminal,72761,17:59:45,5.0
8,Terminal,72761,18:04:45,5.0
8,Terminal,72761,18:09:45,5.0
8,Terminal,72761,18:14:45,5.0
8,Terminal,72761,18:19:45,5.0
8,Terminal,72761,18:25:15,5.5
8,Terminal,72761,18:30:45,5.5
8,Terminal,72761,18:36:15,5.5
8,Terminal,72761,18:41:45,5.5
8,Terminal,72761,18:47:15,5.5
8,Terminal,72761,18:52:45,5.5
8,Terminal,72761,18:58:15,5.5
8,Terminal,72761,19:03:45,5.5
8,Terminal,72761,19:09:15,5.5
8,Terminal,72761,19:14:45,5.5
8,Terminal,72761,19:20:15,5.5
8,Terminal,72761,19:25:45,5.5
8,Terminal,72761,19:31:15,5.5
8,Terminal,72761,19:36:45,5.5
8,Terminal,72761,19:42:15,5.5
8,Terminal,72761,19:47:45,5.5
8,Terminal,72761,19:53:15,5.5
8,Terminal,72761,19:58:45,5.5
8,Terminal,72761,20:04:15,5.5
8,Terminal,72761,20:10:15,6.0
8,Terminal,72761,20:16:15,6.0
8,Terminal,72761,20:22:15,6.0
8,Terminal,72761,20:28:15,6.0
8,Terminal,72761,20:34:15,6.0
8,Terminal,72761,20:40:15,6.0
8,Terminal,72761,20:46:15,6.0
8,Terminal,72761,20:52:15,6.0
8,Terminal,72761,20:58:15,6.0
8,Terminal,72761,21:04:15,6.0
8,Terminal,72761,21:10:15,6.0
8,Terminal,72761,21:16:15,6.0
8,Terminal,72761,21:22:15,6.0
8,Terminal,72761,21:28:15,6.0
8,Terminal,72761,21:34:15,6.0
8,Terminal,72761,21:40:15,6.0
8,Terminal,72761,21:46:15,6.0
8,Terminal,72761,21:52:15,6.0
8,Terminal,72761,21:58:15,6.0
8,Terminal,72761,22:04:15,6.0
8,Terminal,72761,22:10:15,6.0
8,Terminal,72761,22:16:15,6.0
8,Terminal,72761,22:22:15,6.0
8,Terminal,72761,22:28:15,6.0
8,Terminal,72761,22:34:15,6.0
8,Terminal,72761,22:40:15,6.0
8,Terminal,72761,22:46:15,6.0
8,Terminal,72761,22:52:15,6.0
8,Terminal,72761,22:58:15,6.0
8,Terminal,72761,23:04:15,6.0
8,Terminal,72761,23:10:15,6.0
8,Terminal,72761,23:16:15,6.0
8,Terminal,72761,23:22:15,6.0
8,Terminal,72761,23:28:15,6.0
8,Terminal,72761,23:35:00,6.8
5,Portal Américas,74180,04:30:00,0.0
5,Portal Américas,74180,04:36:00,6.0
5,Portal Américas,74180,04:42:00,6.0
5,Portal Américas,74180,04:48:00,6.0
5,Portal Américas,74180,04:54:00,6.0
5,Portal Américas,74180,05:00:00,6.0
5,Portal Américas,74180,05:06:00,6.0
5,Portal Américas,74180,05:12:00,6.0
5,Portal Américas,74180,05:18:00,6.0
5,Portal Américas,74180,05:24:00,6.0
5,Portal Américas,74180,05:30:00,6.0
5,Portal Américas,74180,05:36:00,6.0
5,Portal Américas,74180,05:42:00,6.0
5,Portal Américas,74180,05:48:00,6.0
5,Portal Américas,74180,05:54:00,6.0
5,Portal Américas,74180,06:00:00,6.0
5,Portal Américas,74180,06:04:00,4.0
5,Portal Américas,74180,06:08:00,4.0
5,Portal Américas,74180,06:12:00,4.0
5,Portal Américas,74180,06:16:00,4.0
5,Portal Américas,74180,06:20:00,4.0
5,Portal Américas,74180,06:24:00,4.0
5,Portal Américas,74180,06:28:00,4.0
5,Portal Américas,74180,06:32:00,4.0
5,Portal Américas,74180,06:36:00,4.0
5,Portal Américas,74180,06:40:00,4.0
5,Portal Américas,74180,06:44:00,4.0
5,Portal Américas,74180,06:48:00,4.0
5,Portal Américas,74180,06:52:00,4.0
5,Portal Américas,74180,06:56:00,4.0
5,Portal Américas,74180,07:00:00,4.0
5,Portal Américas,74180,07:04:00,4.0
5,Portal Américas,74180,07:08:00,4.0
5,Portal Américas,74180,07:12:00,4.0
5,Portal Américas,74180,07:16:00,4.0
5,Portal Américas,74180,07:20:00,4.0
5,Portal Américas,74180,07:24:00,4.0
5,Portal Américas,74180,07:28:00,4.0
5,Portal Américas,74180,07:32:00,4.0
5,Portal Américas,74180,07:36:00,4.0
5,Portal Américas,74180,07:40:00,4.0
5,Portal Américas,74180,07:44:00,4.0
5,Portal Américas,74180,07:48:00,4.0
5,Portal Américas,74180,07:52:00,4.0
5,Portal Américas,74180,07:56:00,4.0
5,Portal Américas,74180,08:00:00,4.0
5,Portal Américas,74180,08:04:00,4.0
5,Portal Américas,74180,08:08:00,4.0
5,Portal Américas,74180,08:12:00,4.0
5,Portal Américas,74180,08:16:00,4.0
5,Portal Américas,74180,08:20:00,4.0
5,Portal Américas,74180,08:24:00,4.0
5,Portal Américas,74180,08:28:00,4.0
5,Portal Américas,74180,08:32:00,4.0
5,Portal Américas,74180,08:37:00,5.0
5,Portal Américas,74180,08:42:00,5.0
5,Portal Américas,74180,08:47:00,5.0
5,Portal Américas,74180,08:52:00,5.0
5,Portal Américas,74180,08:57:00,5.0
5,Portal Américas,74180,09:02:00,5.0
5,Portal Américas,74180,09:07:00,5.0
5,Portal Américas,74180,09:12:00,5.0
5,Portal Américas,74180,09:17:00,5.0
5,Portal Américas,74180,09:22:00,5.0
5,Portal Américas,74180,09:27:00,5.0
5,Portal Américas,74180,09:32:00,5.0
5,Portal Américas,74180,09:37:00,5.0
5,Portal Américas,74180,09:42:00,5.0
5,Portal Américas,74180,09:47:00,5.0
5,Portal Américas,74180,09:52:00,5.0
5,Portal Américas,74180,09:57:00,5.0
5,Portal Américas,74180,10:02:00,5.0
5,Portal Américas,74180,10:07:00,5.0
5,Portal Américas,74180,10:12:00,5.0
5,Portal Américas,74180,10:17:00,5.0
5,Portal Américas,74180,10:22:00,5.0
5,Portal Américas,74180,10:27:00,5.0
5,Portal Américas,74180,10:32:00,5.0
5,Portal Américas,74180,10:37:00,5.0
5,Portal Américas,74180,10:42:00,5.0
5,Portal Américas,74180,10:47:00,5.0
5,Portal Américas,74180,10:52:00,5.0
5,Portal Américas,74180,10:57:00,5.0
5,Portal Américas,74180,11:02:00,5.0
5,Portal Américas,74180,11:07:00,5.0
5,Portal Américas,74180,11:12:00,5.0
5,Portal Américas,74180,11:17:00,5.0
5,Portal Américas,74180,11:22:00,5.0
5,Portal Américas,74180,11:27:00,5.0
5,Portal Américas,74180,11:32:00,5.0
5,Portal Américas,74180,11:37:00,5.0
5,Portal Américas,74180,11:42:00,5.0
5,Portal Américas,74180,11:47:00,5.0
5,Portal Américas,74180,11:52:00,5.0
5,Portal Américas,74180,11:57:00,5.0
5,Portal Américas,74180,12:02:00,5.0
5,Portal Américas,74180,12:07:00,5.0
5,Portal Américas,74180,12:12:00,5.0
5,Portal Américas,74180,12:17:00,5.0
5,Portal Américas,74180,12:22:00,5.0
5,Portal Américas,74180,12:27:00,5.0
5,Portal Américas,74180,12:32:00,5.0
5,Portal Américas,74180,12:37:00,5.0
5,Portal Américas,74180,12:42:00,5.0
5,Portal Américas,74180,12:47:00,5.0
5,Portal Américas,74180,12:52:00,5.0
5,Portal Américas,74180,12:57:00,5.0
5,Portal Américas,74180,13:02:00,5.0
5,Portal Américas,74180,13:07:00,5.0
5,Portal Américas,74180,13:12:00,5.0
5,Portal Américas,74180,13:17:00,5.0
5,Portal Américas,74180,13:22:00,5.0
5,Portal Américas,74180,13:27:00,5.0
5,Portal Américas,74180,13:32:00,5.0
5,Portal Américas,74180,13:37:00,5.0
5,Portal Américas,74180,13:42:00,5.0
5,Portal Américas,74180,13:47:00,5.0
5,Portal Américas,74180,13:52:00,5.0
5,Portal Américas,74180,13:57:00,5.0
5,Portal Américas,74180,14:02:00,5.0
5,Portal Américas,74180,14:07:00,5.0
5,Portal Américas,74180,14:12:00,5.0
5,Portal Américas,74180,14:17:00,5.0
5,Portal Américas,74180,14:22:00,5.0
5,Portal Américas,74180,14:27:00,5.0
5,Portal Américas,74180,14:32:00,5.0
5,Portal Américas,74180,14:37:00,5.0
5,Portal Américas,74180,14:42:00,5.0
5,Portal Américas,74180,14:47:00,5.0
5,Portal Américas,74180,14:52:00,5.0
5,Portal Américas,74180,14:57:00,5.0
5,Portal Américas,74180,15:02:00,5.0
5,Portal Américas,74180,15:07:00,5.0
5,Portal Américas,74180,15:12:00,5.0
5,Portal Américas,74180,15:17:00,5.0
5,Portal Américas,74180,15:22:00,5.0
5,Portal Américas,74180,15:27:00,5.0
5,Portal Américas,74180,15:32:00,5.0
5,Portal Américas,74180,15:37:00,5.0
5,Portal Américas,74180,15:42:00,5.0
5,Portal Américas,74180,15:47:00,5.0
5,Portal Américas,74180,15:52:00,5.0
5,Portal Américas,74180,15:57:00,5.0
5,Portal Américas,74180,16:02:00,5.0
5,Portal Américas,74180,16:06:45,4.8
5,Portal Américas,74180,16:11:30,4.8
5,Portal Américas,74180,16:16:15,4.8
5,Portal Américas,74180,16:20:45,4.5
5,Portal Américas,74180,16:25:15,4.5
5,Portal Américas,74180,16:29:45,4.5
5,Portal Américas,74180,16:34:15,4.5
5,Portal Américas,74180,16:38:15,4.0
5,Portal Américas,74180,16:42:15,4.0
5,Portal Américas,74180,16:46:15,4.0
5,Portal Américas,74180,16:50:00,3.8
5,Portal Américas,74180,16:53:45,3.8
5,Portal Américas,74180,16:57:30,3.8
5,Portal Américas,74180,17:01:15,3.8
5,Portal Américas,74180,17:04:45,3.5
5,Portal Américas,74180,17:08:15,3.5
5,Portal Américas,74180,17:11:45,3.5
5,Portal Américas,74180,17:15:15,3.5
5,Portal Américas,74180,17:18:45,3.5
5,Portal Américas,74180,17:22:15,3.5
5,Portal Américas,74180,17:25:45,3.5
5,Portal Américas,74180,17:29:15,3.5
5,Portal Américas,74180,17:32:45,3.5
5,Portal Américas,74180,17:36:15,3.5
5,Portal Américas,74180,17:39:45,3.5
5,Portal Américas,74180,17:43:15,3.5
5,Portal Américas,74180,17:46:45,3.5
5,Portal Américas,74180,17:50:15,3.5
5,Portal Américas,74180,17:53:45,3.5
5,Portal Américas,74180,17:57:15,3.5
5,Portal Américas,74180,18:00:45,3.5
5,Portal Américas,74180,18:04:15,3.5
5,Portal Américas,74180,18:07:45,3.5
5,Portal Américas,74180,18:11:15,3.5
5,Portal Américas,74180,18:14:45,3.5
5,Portal Américas,74180,18:18:15,3.5
5,Portal Américas,74180,18:21:45,3.5
5,Portal Américas,74180,18:25:15,3.5
5,Portal Américas,74180,18:28:45,3.5
5,Portal Américas,74180,18:32:15,3.5
5,Portal Américas,74180,18:36:15,4.0
5,Portal Américas,74180,18:40:15,4.0
5,Portal Américas,74180,18:44:15,4.0
5,Portal Américas,74180,18:48:15,4.0
5,Portal Américas,74180,18:52:45,4.5
5,Portal Américas,74180,18:57:15,4.5
5,Portal Américas,74180,19:01:45,4.5
5,Portal Américas,74180,19:06:15,4.5
5,Portal Américas,74180,19:10:45,4.5
5,Portal Américas,74180,19:15:15,4.5
5,Portal Américas,74180,19:19:45,4.5
5,Portal Américas,74180,19:24:15,4.5
5,Portal Américas,74180,19:28:45,4.5
5,Portal Américas,74180,19:33:15,4.5
5,Portal Américas,74180,19:37:45,4.5
5,Portal Américas,74180,19:42:15,4.5
5,Portal Américas,74180,19:46:45,4.5
5,Portal Américas,74180,19:51:45,5.0
5,Portal Américas,74180,19:56:45,5.0
5,Portal Américas,74180,20:01:45,5.0
5,Portal Américas,74180,20:06:45,5.0
5,Portal Américas,74180,20:11:45,5.0
5,Portal Américas,74180,20:16:45,5.0
5,Portal Américas,74180,20:21:45,5.0
5,Portal Américas,74180,20:26:45,5.0
5,Portal Américas,74180,20:31:45,5.0
5,Portal Américas,74180,20:36:45,5.0
5,Portal Américas,74180,20:41:45,5.0
5,Portal Américas,74180,20:46:45,5.0
5,Portal Américas,74180,20:51:45,5.0
5,Portal Américas,74180,20:56:45,5.0
5,Portal Américas,74180,21:01:45,5.0
5,Portal Américas,74180,21:06:45,5.0
5,Portal Américas,74180,21:11:45,5.0
5,Portal Américas,74180,21:16:45,5.0
5,Portal Américas,74180,21:21:45,5.0
5,Portal Américas,74180,21:26:45,5.0
5,Portal Américas,74180,21:31:45,5.0
5,Portal Américas,74180,21:36:45,5.0
5,Portal Américas,74180,21:41:45,5.0
5,Portal Américas,74180,21:46:45,5.0
5,Portal Américas,74180,21:51:45,5.0
5,Portal Américas,74180,21:56:45,5.0
5,Portal Américas,74180,22:01:45,5.0
5,Portal Américas,74180,22:06:45,5.0
5,Portal Américas,74180,22:11:45,5.0
5,Portal Américas,74180,22:16:45,5.0
5,Portal Américas,74180,22:21:30,4.8
5,Portal Américas,74180,22:26:15,4.8
5,Portal Américas,74180,22:31:00,4.8
5,Portal Américas,74180,22:36:00,5.0
5,Portal Américas,74180,22:41:00,5.0
5,Portal Américas,74180,22:45:45,4.8
5,Portal Américas,74180,22:50:30,4.8
5,Portal Américas,74180,22:55:30,5.0
5,Portal Américas,74180,23:00:30,5.0
5,Portal Américas,74180,23:06:30,6.0
5,Portal Américas,74180,23:13:30,7.0
5,Portal Américas,74180,23:20:30,7.0
5,Portal Américas,74180,23:25:30,5.0
5,Portal Américas,74180,23:30:15,4.8
5,Portal Américas,74180,23:37:00,6.8
5,Portal Américas,74180,23:44:00,7.0
5,Portal Américas,74180,23:49:45,5.8
5,Portal Américas,74180,23:55:00,5.2
B75,Portal Norte,61839,04:00:00,0.0
B75,Portal Norte,61839,04:03:15,3.2
B75,Portal Norte,61839,04:06:30,3.2
B75,Portal Norte,61839,04:09:45,3.2
B75,Portal Norte,61839,04:13:00,3.2
B75,Portal Norte,61839,04:16:15,3.2
B75,Portal Norte,61839,04:19:30,3.2
B75,Portal Norte,61839,04:22:45,3.2
B75,Portal Norte,61839,04:26:00,3.2
B75,Portal Norte,61839,04:29:15,3.2
B75,Portal Norte,61839,04:32:30,3.2
B75,Portal Norte,61839,04:35:45,3.2
B75,Portal Norte,61839,04:39:00,3.2
B75,Portal Norte,61839,04:42:15,3.2
B75,Portal Norte,61839,04:45:30,3.2
B75,Portal Norte,61839,04:48:45,3.2
B75,Portal Norte,61839,04:52:00,3.2
B75,Portal Norte,61839,04:55:15,3.2
B75,Portal Norte,61839,04:58:30,3.2
B75,Portal Norte,61839,05:01:45,3.2
B75,Portal Norte,61839,05:05:00,3.2
B75,Portal Norte,61839,05:08:15,3.2
B75,Portal Norte,61839,05:11:30,3.2
B75,Portal Norte,61839,05:14:45,3.2
B75,Portal Norte,61839,05:18:00,3.2
B75,Portal Norte,61839,05:21:15,3.2
B75,Portal Norte,61839,05:24:30,3.2
B75,Portal Norte,61839,05:27:45,3.2
B75,Portal Norte,61839,05:31:00,3.2
B75,Portal Norte,61839,05:34:15,3.2
B75,Portal Norte,61839,05:37:30,3.2
B75,Portal Norte,61839,05:40:45,3.2
B75,Portal Norte,61839,05:44:00,3.2
B75,Portal Norte,61839,05:47:15,3.2
B75,Portal Norte,61839,05:50:30,3.2
B75,Portal Norte,61839,05:53:45,3.2
B75,Portal Norte,61839,05:57:00,3.2
B75,Portal Norte,61839,06:00:15,3.2
B75,Portal Norte,61839,06:03:45,3.5
B75,Portal Norte,61839,06:07:15,3.5
B75,Portal Norte,61839,06:10:45,3.5
B75,Portal Norte,61839,06:14:15,3.5
B75,Portal Norte,61839,06:17:45,3.5
B75,Portal Norte,61839,06:21:15,3.5
B75,Portal Norte,61839,06:24:45,3.5
B75,Portal Norte,61839,06:28:15,3.5
B75,Portal Norte,61839,06:31:45,3.5
B75,Portal Norte,61839,06:35:15,3.5
B75,Portal Norte,61839,06:38:45,3.5
B75,Portal Norte,61839,06:42:15,3.5
B75,Portal Norte,61839,06:45:45,3.5
B75,Portal Norte,61839,06:49:15,3.5
B75,Portal Norte,61839,06:52:45,3.5
B75,Portal Norte,61839,06:56:15,3.5
B75,Portal Norte,61839,06:59:45,3.5
B75,Portal Norte,61839,07:03:15,3.5
B75,Portal Norte,61839,07:07:15,4.0
B75,Portal Norte,61839,07:11:15,4.0
B75,Portal Norte,61839,07:15:15,4.0
B75,Portal Norte,61839,07:19:45,4.5
B75,Portal Norte,61839,07:24:15,4.5
B75,Portal Norte,61839,07:28:45,4.5
B75,Portal Norte,61839,07:33:15,4.5
B75,Portal Norte,61839,07:37:45,4.5
B75,Portal Norte,61839,07:42:15,4.5
B75,Portal Norte,61839,07:46:45,4.5
B75,Portal Norte,61839,07:51:15,4.5
B75,Portal Norte,61839,07:55:45,4.5
B75,Portal Norte,61839,08:00:15,4.5
B75,Portal Norte,61839,08:05:00,4.8
B75,Portal Norte,61839,08:09:45,4.8
B75,Portal Norte,61839,08:14:30,4.8
B75,Portal Norte,61839,08:19:15,4.8
B75,Portal Norte,61839,08:24:45,5.5
B75,Portal Norte,61839,08:30:15,5.5
B75,Portal Norte,61839,08:35:45,5.5
B75,Portal Norte,61839,08:41:15,5.5
B75,Portal Norte,61839,08:46:45,5.5
B75,Portal Norte,61839,08:52:15,5.5
B75,Portal Norte,61839,08:57:45,5.5
B75,Portal Norte,61839,09:03:15,5.5
B75,Portal Norte,61839,09:08:45,5.5
B75,Portal Norte,61839,09:14:15,5.5
B75,Portal Norte,61839,09:19:45,5.5
B75,Portal Norte,61839,09:25:15,5.5
B75,Portal Norte,61839,09:30:45,5.5
B75,Portal Norte,61839,09:36:15,5.5
B75,Portal Norte,61839,09:41:45,5.5
B75,Portal Norte,61839,09:47:15,5.5
B75,Portal Norte,61839,09:52:45,5.5
B75,Portal Norte,61839,09:58:15,5.5
B75,Portal Norte,61839,10:03:45,5.5
B75,Portal Norte,61839,10:09:15,5.5
B75,Portal Norte,61839,10:14:45,5.5
B75,Portal Norte,61839,10:20:15,5.5
B75,Portal Norte,61839,10:25:45,5.5
B75,Portal Norte,61839,10:31:15,5.5
B75,Portal Norte,61839,10:36:45,5.5
B75,Portal Norte,61839,10:42:15,5.5
B75,Portal Norte,61839,10:47:45,5.5
B75,Portal Norte,61839,10:53:15,5.5
B75,Portal Norte,61839,10:58:45,5.5
B75,Portal Norte,61839,11:04:15,5.5
B75,Portal Norte,61839,11:09:45,5.5
B75,Portal Norte,61839,11:15:15,5.5
B75,Portal Norte,61839,11:20:45,5.5
B75,Portal Norte,61839,11:26:15,5.5
B75,Portal Norte,61839,11:31:45,5.5
B75,Portal Norte,61839,11:37:15,5.5
B75,Portal Norte,61839,11:42:45,5.5
B75,Portal Norte,61839,11:48:15,5.5
B75,Portal Norte,61839,11:53:45,5.5
B75,Portal Norte,61839,11:59:15,5.5
B75,Portal Norte,61839,12:04:45,5.5
B75,Portal Norte,61839,12:10:15,5.5
B75,Portal Norte,61839,12:15:45,5.5
B75,Portal Norte,61839,12:21:15,5.5
B75,Portal Norte,61839,12:26:45,5.5
B75,Portal Norte,61839,12:32:15,5.5
B75,Portal Norte,61839,12:37:45,5.5
B75,Portal Norte,61839,12:43:15,5.5
B75,Portal Norte,61839,12:48:45,5.5
B75,Portal Norte,61839,12:54:15,5.5
B75,Portal Norte,61839,12:59:45,5.5
B75,Portal Norte,61839,13:05:15,5.5
B75,Portal Norte,61839,13:10:45,5.5
B75,Portal Norte,61839,13:16:15,5.5
B75,Portal Norte,61839,13:21:45,5.5
B75,Portal Norte,61839,13:27:15,5.5
B75,Portal Norte,61839,13:32:45,5.5
B75,Portal Norte,61839,13:38:15,5.5
B75,Portal Norte,61839,13:43:45,5.5
B75,Portal Norte,61839,13:49:15,5.5
B75,Portal Norte,61839,13:54:45,5.5
B75,Portal Norte,61839,14:00:15,5.5
B75,Portal Norte,61839,14:05:45,5.5
B75,Portal Norte,61839,14:11:15,5.5
B75,Portal Norte,61839,14:16:45,5.5
B75,Portal Norte,61839,14:22:15,5.5
B75,Portal Norte,61839,14:27:45,5.5
B75,Portal Norte,61839,14:33:15,5.5
B75,Portal Norte,61839,14:38:45,5.5
B75,Portal Norte,61839,14:44:15,5.5
B75,Portal Norte,61839,14:49:45,5.5
B75,Portal Norte,61839,14:55:15,5.5
B75,Portal Norte,61839,15:00:45,5.5
B75,Portal Norte,61839,15:06:15,5.5
B75,Portal Norte,61839,15:11:45,5.5
B75,Portal Norte,61839,15:17:15,5.5
B75,Portal Norte,61839,15:22:45,5.5
B75,Portal Norte,61839,15:28:15,5.5
B75,Portal Norte,61839,15:33:45,5.5
B75,Portal Norte,61839,15:38:30,4.8
B75,Portal Norte,61839,15:43:15,4.8
B75,Portal Norte,61839,15:48:00,4.8
B75,Portal Norte,61839,15:52:15,4.2
B75,Portal Norte,61839,15:56:30,4.2
B75,Portal Norte,61839,16:00:45,4.2
B75,Portal Norte,61839,16:05:00,4.2
B75,Portal Norte,61839,16:09:15,4.2
B75,Portal Norte,61839,16:13:30,4.2
B75,Portal Norte,61839,16:17:45,4.2
B75,Portal Norte,61839,16:22:15,4.5
B75,Portal Norte,61839,16:26:45,4.5
B75,Portal Norte,61839,16:31:15,4.5
B75,Portal Norte,61839,16:35:45,4.5
B75,Portal Norte,61839,16:40:15,4.5
B75,Portal Norte,61839,16:44:45,4.5
B75,Portal Norte,61839,16:49:15,4.5
B75,Portal Norte,61839,16:53:45,4.5
B75,Portal Norte,61839,16:58:15,4.5
B75,Portal Norte,61839,17:02:45,4.5
B75,Portal Norte,61839,17:07:15,4.5
B75,Portal Norte,61839,17:11:45,4.5
B75,Portal Norte,61839,17:16:15,4.5
B75,Portal Norte,61839,17:20:45,4.5
B75,Portal Norte,61839,17:25:15,4.5
B75,Portal Norte,61839,17:29:45,4.5
B75,Portal Norte,61839,17:34:15,4.5
B75,Portal Norte,61839,17:39:00,4.8
B75,Portal Norte,61839,17:43:45,4.8
B75,Portal Norte,61839,17:48:30,4.8
B75,Portal Norte,61839,17:53:30,5.0
B75,Portal Norte,61839,17:58:30,5.0
B75,Portal Norte,61839,18:03:30,5.0
B75,Portal Norte,61839,18:08:45,5.2
B75,Portal Norte,61839,18:14:00,5.2
B75,Portal Norte,61839,18:19:15,5.2
B75,Portal Norte,61839,18:24:30,5.2
B75,Portal Norte,61839,18:29:45,5.2
B75,Portal Norte,61839,18:35:00,5.2
B75,Portal Norte,61839,18:40:45,5.8
B75,Portal Norte,61839,18:46:30,5.8
B75,Portal Norte,61839,18:52:30,6.0
B75,Portal Norte,61839,18:58:30,6.0
B75,Portal Norte,61839,19:04:30,6.0
B75,Portal Norte,61839,19:11:00,6.5
B75,Portal Norte,61839,19:17:30,6.5
B75,Portal Norte,61839,19:24:00,6.5
B75,Portal Norte,61839,19:30:30,6.5
B75,Portal Norte,61839,19:37:00,6.5
B75,Portal Norte,61839,19:43:30,6.5
B75,Portal Norte,61839,19:50:00,6.5
B75,Portal Norte,61839,19:56:30,6.5
B75,Portal Norte,61839,20:03:00,6.5
B75,Portal Norte,61839,20:09:30,6.5
B75,Portal Norte,61839,20:16:00,6.5
B75,Portal Norte,61839,20:22:30,6.5
B75,Portal Norte,61839,20:29:00,6.5
B75,Portal Norte,61839,20:35:30,6.5
B75,Portal Norte,61839,20:42:00,6.5
B75,Portal Norte,61839,20:48:30,6.5
B75,Portal Norte,61839,20:55:00,6.5
B75,Portal Norte,61839,21:01:30,6.5
B75,Portal Norte,61839,21:08:00,6.5
B75,Portal Norte,61839,21:14:30,6.5
B75,Portal Norte,61839,21:21:00,6.5
B75,Portal Norte,61839,21:27:30,6.5
B75,Portal Norte,61839,21:34:00,6.5
B75,Portal Norte,61839,21:40:30,6.5
B75,Portal Norte,61839,21:47:00,6.5
B75,Portal Norte,61839,21:53:30,6.5
B75,Portal Norte,61839,22:00:00,6.5
B75,Portal Norte,61839,22:07:45,7.8
B75,Portal Norte,61839,22:15:15,7.5
B75,Portal Norte,61839,22:22:45,7.5
B75,Portal Norte,61839,22:29:30,6.8
B75,Portal Norte,61839,22:35:45,6.2
B75,Portal Norte,61839,22:43:15,7.5
B75,Portal Norte,61839,22:51:45,8.5
B75,Portal Norte,61839,23:00:00,8.2
K16,PElDorado,61264,05:00:00,0.0
K16,PElDorado,61264,05:03:30,3.5
K16,PElDorado,61264,05:07:00,3.5
K16,PElDorado,61264,05:10:30,3.5
K16,PElDorado,61264,05:14:00,3.5
K16,PElDorado,61264,05:17:30,3.5
K16,PElDorado,61264,05:21:00,3.5
K16,PElDorado,61264,05:24:30,3.5
K16,PElDorado,61264,05:28:00,3.5
K16,PElDorado,61264,05:31:30,3.5
K16,PElDorado,61264,05:35:00,3.5
K16,PElDorado,61264,05:38:30,3.5
K16,PElDorado,61264,05:42:00,3.5
K16,PElDorado,61264,05:45:30,3.5
K16,PElDorado,61264,05:49:00,3.5
K16,PElDorado,61264,05:52:30,3.5
K16,PElDorado,61264,05:56:00,3.5
K16,PElDorado,61264,05:59:30,3.5
K16,PElDorado,61264,06:03:00,3.5
K16,PElDorado,61264,06:06:30,3.5
K16,PElDorado,61264,06:10:00,3.5
K16,PElDorado,61264,06:13:30,3.5
K16,PElDorado,61264,06:17:00,3.5
K16,PElDorado,61264,06:20:15,3.2
K16,PElDorado,61264,06:23:30,3.2
K16,PElDorado,61264,06:26:45,3.2
K16,PElDorado,61264,06:30:00,3.2
K16,PElDorado,61264,06:33:15,3.2
K16,PElDorado,61264,06:36:30,3.2
K16,PElDorado,61264,06:39:45,3.2
K16,PElDorado,61264,06:43:00,3.2
K16,PElDorado,61264,06:46:15,3.2
K16,PElDorado,61264,06:49:30,3.2
K16,PElDorado,61264,06:52:45,3.2
K16,PElDorado,61264,06:56:00,3.2
K16,PElDorado,61264,06:59:15,3.2
K16,PElDorado,61264,07:02:30,3.2
K16,PElDorado,61264,07:06:15,3.8
K16,PElDorado,61264,07:10:00,3.8
K16,PElDorado,61264,07:13:45,3.8
K16,PElDorado,61264,07:17:30,3.8
K16,PElDorado,61264,07:21:15,3.8
K16,PElDorado,61264,07:25:00,3.8
K16,PElDorado,61264,07:28:45,3.8
K16,PElDorado,61264,07:32:30,3.8
K16,PElDorado,61264,07:36:15,3.8
K16,PElDorado,61264,07:40:00,3.8
K16,PElDorado,61264,07:43:45,3.8
K16,PElDorado,61264,07:47:30,3.8
K16,PElDorado,61264,07:51:15,3.8
K16,PElDorado,61264,07:55:00,3.8
K16,PElDorado,61264,07:58:45,3.8
K16,PElDorado,61264,08:02:30,3.8
K16,PElDorado,61264,08:07:30,5.0
K16,PElDorado,61264,08:12:30,5.0
K16,PElDorado,61264,08:17:30,5.0
K16,PElDorado,61264,08:22:30,5.0
K16,PElDorado,61264,08:27:30,5.0
K16,PElDorado,61264,08:32:30,5.0
K16,PElDorado,61264,08:37:30,5.0
K16,PElDorado,61264,08:42:30,5.0
K16,PElDorado,61264,08:47:30,5.0
K16,PElDorado,61264,08:52:30,5.0
K16,PElDorado,61264,08:57:30,5.0
K16,PElDorado,61264,09:02:30,5.0
K16,PElDorado,61264,09:07:45,5.2
K16,PElDorado,61264,09:13:00,5.2
K16,PElDorado,61264,09:18:15,5.2
K16,PElDorado,61264,09:23:30,5.2
K16,PElDorado,61264,09:28:45,5.2
K16,PElDorado,61264,09:34:00,5.2
K16,PElDorado,61264,09:40:30,6.5
K16,PElDorado,61264,09:47:00,6.5
K16,PElDorado,61264,09:53:30,6.5
K16,PElDorado,61264,10:00:00,6.5
K16,PElDorado,61264,10:06:30,6.5
K16,PElDorado,61264,10:13:00,6.5
K16,PElDorado,61264,10:19:30,6.5
K16,PElDorado,61264,10:26:00,6.5
K16,PElDorado,61264,10:32:30,6.5
K16,PElDorado,61264,10:39:00,6.5
K16,PElDorado,61264,10:45:30,6.5
K16,PElDorado,61264,10:52:00,6.5
K16,PElDorado,61264,10:58:30,6.5
K16,PElDorado,61264,11:05:00,6.5
K16,PElDorado,61264,11:11:30,6.5
K16,PElDorado,61264,11:18:00,6.5
K16,PElDorado,61264,11:24:30,6.5
K16,PElDorado,61264,11:31:00,6.5
K16,PElDorado,61264,11:37:30,6.5
K16,PElDorado,61264,11:44:00,6.5
K16,PElDorado,61264,11:50:30,6.5
K16,PElDorado,61264,11:57:00,6.5
K16,PElDorado,61264,12:03:30,6.5
K16,PElDorado,61264,12:10:00,6.5
K16,PElDorado,61264,12:16:30,6.5
K16,PElDorado,61264,12:23:00,6.5
K16,PElDorado,61264,12:29:30,6.5
K16,PElDorado,61264,12:36:00,6.5
K16,PElDorado,61264,12:42:30,6.5
K16,PElDorado,61264,12:49:00,6.5
K16,PElDorado,61264,12:55:30,6.5
K16,PElDorado,61264,13:02:00,6.5
K16,PElDorado,61264,13:08:30,6.5
K16,PElDorado,61264,13:15:00,6.5
K16,PElDorado,61264,13:21:30,6.5
K16,PElDorado,61264,13:28:00,6.5
K16,PElDorado,61264,13:34:30,6.5
K16,PElDorado,61264,13:41:00,6.5
K16,PElDorado,61264,13:47:30,6.5
K16,PElDorado,61264,13:54:00,6.5
K16,PElDorado,61264,14:00:30,6.5
K16,PElDorado,61264,14:07:00,6.5
K16,PElDorado,61264,14:13:30,6.5
K16,PElDorado,61264,14:20:00,6.5
K16,PElDorado,61264,14:26:30,6.5
K16,PElDorado,61264,14:33:00,6.5
K16,PElDorado,61264,14:39:30,6.5
K16,PElDorado,61264,14:46:00,6.5
K16,PElDorado,61264,14:52:30,6.5
K16,PElDorado,61264,14:59:00,6.5
K16,PElDorado,61264,15:05:30,6.5
K16,PElDorado,61264,15:12:00,6.5
K16,PElDorado,61264,15:18:30,6.5
K16,PElDorado,61264,15:25:00,6.5
K16,PElDorado,61264,15:31:30,6.5
K16,PElDorado,61264,15:38:00,6.5
K16,PElDorado,61264,15:44:30,6.5
K16,PElDorado,61264,15:51:00,6.5
K16,PElDorado,61264,15:57:30,6.5
K16,PElDorado,61264,16:04:00,6.5
K16,PElDorado,61264,16:09:45,5.8
K16,PElDorado,61264,16:15:30,5.8
K16,PElDorado,61264,16:21:00,5.5
K16,PElDorado,61264,16:26:30,5.5
K16,PElDorado,61264,16:32:00,5.5
K16,PElDorado,61264,16:37:30,5.5
K16,PElDorado,61264,16:43:00,5.5
K16,PElDorado,61264,16:48:30,5.5
K16,PElDorado,61264,16:54:00,5.5
K16,PElDorado,61264,16:59:30,5.5
K16,PElDorado,61264,17:05:00,5.5
K16,PElDorado,61264,17:10:15,5.2
K16,PElDorado,61264,17:15:30,5.2
K16,PElDorado,61264,17:20:45,5.2
K16,PElDorado,61264,17:26:00,5.2
K16,PElDorado,61264,17:31:15,5.2
K16,PElDorado,61264,17:36:30,5.2
K16,PElDorado,61264,17:41:45,5.2
K16,PElDorado,61264,17:47:00,5.2
K16,PElDorado,61264,17:52:15,5.2
K16,PElDorado,61264,17:57:30,5.2
K16,PElDorado,61264,18:02:45,5.2
K16,PElDorado,61264,18:08:00,5.2
K16,PElDorado,61264,18:13:15,5.2
K16,PElDorado,61264,18:18:30,5.2
K16,PElDorado,61264,18:23:45,5.2
K16,PElDorado,61264,18:29:00,5.2
K16,PElDorado,61264,18:34:15,5.2
K16,PElDorado,61264,18:39:45,5.5
K16,PElDorado,61264,18:45:15,5.5
K16,PElDorado,61264,18:51:00,5.8
K16,PElDorado,61264,18:56:45,5.8
K16,PElDorado,61264,19:02:30,5.8
K16,PElDorado,61264,19:08:30,6.0
K16,PElDorado,61264,19:14:30,6.0
K16,PElDorado,61264,19:20:30,6.0
K16,PElDorado,61264,19:26:45,6.2
K16,PElDorado,61264,19:33:00,6.2
K16,PElDorado,61264,19:39:45,6.8
K16,PElDorado,61264,19:46:30,6.8
K16,PElDorado,61264,19:53:15,6.8
K16,PElDorado,61264,20:00:00,6.8
K16,PElDorado,61264,20:07:00,7.0
K16,PElDorado,61264,20:14:00,7.0
K16,PElDorado,61264,20:21:00,7.0
K16,PElDorado,61264,20:28:15,7.2
K16,PElDorado,61264,20:35:30,7.2
K16,PElDorado,61264,20:43:00,7.5
K16,PElDorado,61264,20:50:30,7.5
K16,PElDorado,61264,20:58:00,7.5
K16,PElDorado,61264,21:05:30,7.5
K16,PElDorado,61264,21:13:00,7.5
K16,PElDorado,61264,21:20:30,7.5
K16,PElDorado,61264,21:27:45,7.2
K16,PElDorado,61264,21:35:00,7.2
K16,PElDorado,61264,21:42:30,7.5
K16,PElDorado,61264,21:50:00,7.5
K16,PElDorado,61264,21:57:30,7.5
K16,PElDorado,61264,22:05:00,7.5
K16,PElDorado,61264,22:12:30,7.5
K16,PElDorado,61264,22:21:15,8.8
K16,PElDorado,61264,22:30:00,8.8
K16,PElDorado,61541,05:00:00,0.0
K16,PElDorado,61541,05:10:00,10.0
K16,PElDorado,61541,05:20:00,10.0
K16,PElDorado,61541,05:30:00,10.0
K16,PElDorado,72937,06:00:15,0.0
K16,PElDorado,72937,06:05:30,5.2
K16,PElDorado,72937,06:11:45,6.2
K16,PElDorado,72937,06:17:00,5.2
K16,PElDorado,72937,06:22:15,5.2
K16,PElDorado,72937,06:27:30,5.2
K16,PElDorado,72937,06:32:45,5.2
K16,PElDorado,72937,06:37:30,4.8
K16,PElDorado,72937,06:42:45,5.2
K16,PElDorado,72937,06:48:15,5.5
K16,PElDorado,72937,06:53:30,5.2
K16,PElDorado,72937,06:58:45,5.2
K16,PElDorado,72937,07:04:15,5.5
K16,PElDorado,72937,07:09:30,5.2
K16,PElDorado,72937,07:14:45,5.2
K16,PElDorado,72937,07:20:00,5.2
K16,PElDorado,72937,07:25:30,5.5
K16,PElDorado,72937,07:30:45,5.2
K16,PElDorado,72937,07:36:00,5.2
K16,PElDorado,72937,07:41:15,5.2
K16,PElDorado,72937,07:46:30,5.2
K16,PElDorado,72937,07:52:45,6.2
K16,PElDorado,72937,07:57:15,4.5
D22,Portal 80,62012,04:30:00,0.0
D22,Portal 80,62012,04:35:00,5.0
D22,Portal 80,62012,04:40:00,5.0
D22,Portal 80,62012,04:45:00,5.0
D22,Portal 80,62012,04:50:00,5.0
D22,Portal 80,62012,04:55:00,5.0
D22,Portal 80,62012,04:59:45,4.8
D22,Portal 80,62012,05:04:45,5.0
D22,Portal 80,62012,05:09:30,4.8
D22,Portal 80,62012,05:14:15,4.8
D22,Portal 80,62012,05:19:00,4.8
D22,Portal 80,62012,05:23:15,4.2
D22,Portal 80,62012,05:27:30,4.2
D22,Portal 80,62012,05:31:45,4.2
D22,Portal 80,62012,05:35:45,4.0
D22,Portal 80,62012,05:39:45,4.0
D22,Portal 80,62012,05:43:45,4.0
D22,Portal 80,62012,05:47:45,4.0
D22,Portal 80,62012,05:51:45,4.0
D22,Portal 80,62012,05:55:45,4.0
D22,Portal 80,62012,05:59:45,4.0
D22,Portal 80,62012,06:03:45,4.0
D22,Portal 80,62012,06:07:45,4.0
D22,Portal 80,62012,06:11:45,4.0
D22,Portal 80,62012,06:15:45,4.0
D22,Portal 80,62012,06:19:45,4.0
D22,Portal 80,62012,06:23:45,4.0
D22,Portal 80,62012,06:27:45,4.0
D22,Portal 80,62012,06:31:45,4.0
D22,Portal 80,62012,06:35:45,4.0
D22,Portal 80,62012,06:39:45,4.0
D22,Portal 80,62012,06:43:45,4.0
D22,Portal 80,62012,06:47:45,4.0
D22,Portal 80,62012,06:51:45,4.0
D22,Portal 80,62012,06:55:45,4.0
D22,Portal 80,62012,06:59:45,4.0
D22,Portal 80,62012,07:03:45,4.0
D22,Portal 80,62012,07:07:45,4.0
D22,Portal 80,62012,07:11:45,4.0
D22,Portal 80,62012,07:15:45,4.0
D22,Portal 80,62012,07:19:45,4.0
D22,Portal 80,62012,07:23:45,4.0
D22,Portal 80,62012,07:27:45,4.0
D22,Portal 80,62012,07:31:45,4.0
D22,Portal 80,62012,07:36:00,4.2
D22,Portal 80,62012,07:40:15,4.2
D22,Portal 80,62012,07:44:30,4.2
D22,Portal 80,62012,07:48:45,4.2
D22,Portal 80,62012,07:53:30,4.8
D22,Portal 80,62012,07:58:15,4.8
D22,Portal 80,62012,08:03:00,4.8
D22,Portal 80,62012,08:08:00,5.0
D22,Portal 80,62012,08:13:00,5.0
D22,Portal 80,62012,08:18:00,5.0
D22,Portal 80,62012,08:23:00,5.0
D22,Portal 80,62012,08:28:00,5.0
D22,Portal 80,62012,08:33:00,5.0
D22,Portal 80,62012,08:38:15,5.2
D22,Portal 80,62012,08:43:30,5.2
D22,Portal 80,62012,08:48:45,5.2
D22,Portal 80,62012,08:54:30,5.8
D22,Portal 80,62012,09:00:15,5.8
D22,Portal 80,62012,09:06:30,6.2
D22,Portal 80,62012,09:12:45,6.2
D22,Portal 80,62012,09:19:00,6.2
D22,Portal 80,62012,09:25:15,6.2
D22,Portal 80,62012,09:31:30,6.2
D22,Portal 80,62012,09:37:45,6.2
D22,Portal 80,62012,09:44:00,6.2
D22,Portal 80,62012,09:50:15,6.2
D22,Portal 80,62012,09:56:30,6.2
D22,Portal 80,62012,10:02:45,6.2
D22,Portal 80,62012,10:09:00,6.2
D22,Portal 80,62012,10:15:15,6.2
D22,Portal 80,62012,10:21:30,6.2
D22,Portal 80,62012,10:27:45,6.2
D22,Portal 80,62012,10:34:00,6.2
D22,Portal 80,62012,10:40:15,6.2
D22,Portal 80,62012,10:46:30,6.2
D22,Portal 80,62012,10:52:45,6.2
D22,Portal 80,62012,10:59:00,6.2
D22,Portal 80,62012,11:05:15,6.2
D22,Portal 80,62012,11:11:30,6.2
D22,Portal 80,62012,11:17:45,6.2
D22,Portal 80,62012,11:24:00,6.2
D22,Portal 80,62012,11:30:15,6.2
D22,Portal 80,62012,11:36:30,6.2
D22,Portal 80,62012,11:42:45,6.2
D22,Portal 80,62012,11:49:00,6.2
D22,Portal 80,62012,11:55:15,6.2
D22,Portal 80,62012,12:01:30,6.2
D22,Portal 80,62012,12:07:45,6.2
D22,Portal 80,62012,12:14:00,6.2
D22,Portal 80,62012,12:20:15,6.2
D22,Portal 80,62012,12:26:30,6.2
D22,Portal 80,62012,12:32:45,6.2
D22,Portal 80,62012,12:39:00,6.2
D22,Portal 80,62012,12:45:15,6.2
D22,Portal 80,62012,12:51:30,6.2
D22,Portal 80,62012,12:57:45,6.2
D22,Portal 80,62012,13:04:00,6.2
D22,Portal 80,62012,13:10:15,6.2
D22,Portal 80,62012,13:16:30,6.2
D22,Portal 80,62012,13:22:45,6.2
D22,Portal 80,62012,13:29:00,6.2
D22,Portal 80,62012,13:35:15,6.2
D22,Portal 80,62012,13:41:30,6.2
D22,Portal 80,62012,13:47:45,6.2
D22,Portal 80,62012,13:54:00,6.2
D22,Portal 80,62012,14:00:15,6.2
D22,Portal 80,62012,14:06:30,6.2
D22,Portal 80,62012,14:12:45,6.2
D22,Portal 80,62012,14:19:00,6.2
D22,Portal 80,62012,14:25:15,6.2
D22,Portal 80,62012,14:31:30,6.2
D22,Portal 80,62012,14:37:45,6.2
D22,Portal 80,62012,14:44:00,6.2
D22,Portal 80,62012,14:50:15,6.2
D22,Portal 80,62012,14:56:30,6.2
D22,Portal 80,62012,15:02:45,6.2
D22,Portal 80,62012,15:09:00,6.2
D22,Portal 80,62012,15:15:15,6.2
D22,Portal 80,62012,15:21:30,6.2
D22,Portal 80,62012,15:27:45,6.2
D22,Portal 80,62012,15:34:00,6.2
D22,Portal 80,62012,15:39:45,5.8
D22,Portal 80,62012,15:45:30,5.8
D22,Portal 80,62012,15:50:45,5.2
D22,Portal 80,62012,15:56:00,5.2
D22,Portal 80,62012,16:01:15,5.2
D22,Portal 80,62012,16:06:00,4.8
D22,Portal 80,62012,16:10:45,4.8
D22,Portal 80,62012,16:15:30,4.8
D22,Portal 80,62012,16:20:00,4.5
D22,Portal 80,62012,16:24:30,4.5
D22,Portal 80,62012,16:29:00,4.5
D22,Portal 80,62012,16:33:30,4.5
D22,Portal 80,62012,16:38:00,4.5
D22,Portal 80,62012,16:42:30,4.5
D22,Portal 80,62012,16:47:00,4.5
D22,Portal 80,62012,16:51:30,4.5
D22,Portal 80,62012,16:56:00,4.5
D22,Portal 80,62012,17:00:30,4.5
D22,Portal 80,62012,17:04:45,4.2
D22,Portal 80,62012,17:09:00,4.2
D22,Portal 80,62012,17:13:15,4.2
D22,Portal 80,62012,17:17:30,4.2
D22,Portal 80,62012,17:21:30,4.0
D22,Portal 80,62012,17:25:30,4.0
D22,Portal 80,62012,17:29:30,4.0
D22,Portal 80,62012,17:33:30,4.0
D22,Portal 80,62012,17:37:30,4.0
D22,Portal 80,62012,17:41:30,4.0
D22,Portal 80,62012,17:45:30,4.0
D22,Portal 80,62012,17:49:30,4.0
D22,Portal 80,62012,17:53:30,4.0
D22,Portal 80,62012,17:57:30,4.0
D22,Portal 80,62012,18:01:30,4.0
D22,Portal 80,62012,18:05:30,4.0
D22,Portal 80,62012,18:09:30,4.0
D22,Portal 80,62012,18:13:30,4.0
D22,Portal 80,62012,18:17:30,4.0
D22,Portal 80,62012,18:21:30,4.0
D22,Portal 80,62012,18:25:30,4.0
D22,Portal 80,62012,18:29:30,4.0
D22,Portal 80,62012,18:33:30,4.0
D22,Portal 80,62012,18:37:45,4.2
D22,Portal 80,62012,18:42:00,4.2
D22,Portal 80,62012,18:46:15,4.2
D22,Portal 80,62012,18:50:45,4.5
D22,Portal 80,62012,18:55:15,4.5
D22,Portal 80,62012,18:59:45,4.5
D22,Portal 80,62012,19:04:15,4.5
D22,Portal 80,62012,19:09:15,5.0
D22,Portal 80,62012,19:14:15,5.0
D22,Portal 80,62012,19:19:15,5.0
D22,Portal 80,62012,19:24:15,5.0
D22,Portal 80,62012,19:29:15,5.0
D22,Portal 80,62012,19:34:15,5.0
D22,Portal 80,62012,19:39:15,5.0
D22,Portal 80,62012,19:44:15,5.0
D22,Portal 80,62012,19:49:15,5.0
D22,Portal 80,62012,19:54:15,5.0
D22,Portal 80,62012,19:59:15,5.0
D22,Portal 80,62012,20:04:15,5.0
D22,Portal 80,62012,20:09:45,5.5
D22,Portal 80,62012,20:15:15,5.5
D22,Portal 80,62012,20:21:30,6.2
D22,Portal 80,62012,20:27:45,6.2
D22,Portal 80,62012,20:34:00,6.2
D22,Portal 80,62012,20:40:15,6.2
D22,Portal 80,62012,20:46:30,6.2
D22,Portal 80,62012,20:52:45,6.2
D22,Portal 80,62012,20:59:00,6.2
D22,Portal 80,62012,21:05:15,6.2
D22,Portal 80,62012,21:13:15,8.0
D22,Portal 80,62012,21:21:15,8.0
D22,Portal 80,62012,21:29:15,8.0
D22,Portal 80,62012,21:37:15,8.0
D22,Portal 80,62012,21:45:15,8.0
D22,Portal 80,62012,21:53:15,8.0
D22,Portal 80,62012,22:01:15,8.0
D22,Portal 80,62012,22:09:00,7.8
D22,Portal 80,62012,22:16:45,7.8
D22,Portal 80,62012,22:24:30,7.8
D22,Portal 80,62012,22:31:00,6.5
D22,Portal 80,62012,22:39:00,8.0
D22,Portal 80,62012,22:46:45,7.8
D22,Portal 80,62012,22:53:15,6.5
D22,Portal 80,62012,23:00:00,6.8
G22,Portal Sur,61497,06:00:15,0.0
G22,Portal Sur,61497,06:15:30,15.2
G22,Portal Sur,61497,06:30:45,15.2
G22,Portal Sur,61497,06:45:45,15.0
G22,Portal Sur,61497,07:01:45,16.0
G22,Portal Sur,61497,07:15:45,14.0
G22,Portal Sur,61497,07:31:45,16.0
G22,Portal Sur,61497,07:47:45,16.0
G22,Portal Sur,73226,05:00:00,0.0
G22,Portal Sur,73226,05:04:00,4.0
G22,Portal Sur,73226,05:08:00,4.0
G22,Portal Sur,73226,05:12:00,4.0
G22,Portal Sur,73226,05:16:00,4.0
G22,Portal Sur,73226,05:20:00,4.0
G22,Portal Sur,73226,05:24:00,4.0
G22,Portal Sur,73226,05:28:00,4.0
G22,Portal Sur,73226,05:32:00,4.0
G22,Portal Sur,73226,05:36:00,4.0
G22,Portal Sur,73226,05:40:00,4.0
G22,Portal Sur,73226,05:44:00,4.0
G22,Portal Sur,73226,05:48:00,4.0
G22,Portal Sur,73226,05:52:00,4.0
G22,Portal Sur,73226,05:56:00,4.0
G22,Portal Sur,73226,06:00:00,4.0
G22,Portal Sur,73226,06:04:00,4.0
G22,Portal Sur,73226,06:08:00,4.0
G22,Portal Sur,73226,06:12:00,4.0
G22,Portal Sur,73226,06:16:00,4.0
G22,Portal Sur,73226,06:20:15,4.2
G22,Portal Sur,73226,06:24:30,4.2
G22,Portal Sur,73226,06:28:45,4.2
G22,Portal Sur,73226,06:33:00,4.2
G22,Portal Sur,73226,06:37:00,4.0
G22,Portal Sur,73226,06:41:00,4.0
G22,Portal Sur,73226,06:45:00,4.0
G22,Portal Sur,73226,06:49:00,4.0
G22,Portal Sur,73226,06:53:00,4.0
G22,Portal Sur,73226,06:57:00,4.0
G22,Portal Sur,73226,07:01:00,4.0
G22,Portal Sur,73226,07:05:15,4.2
G22,Portal Sur,73226,07:09:30,4.2
G22,Portal Sur,73226,07:13:45,4.2
G22,Portal Sur,73226,07:18:00,4.2
G22,Portal Sur,73226,07:22:30,4.5
G22,Portal Sur,73226,07:27:00,4.5
G22,Portal Sur,73226,07:31:30,4.5
G22,Portal Sur,73226,07:36:15,4.8
G22,Portal Sur,73226,07:41:00,4.8
G22,Portal Sur,73226,07:45:45,4.8
G22,Portal Sur,73226,07:50:45,5.0
G22,Portal Sur,73226,07:55:45,5.0
G22,Portal Sur,73226,08:00:45,5.0
G22,Portal Sur,73226,08:06:00,5.2
G22,Portal Sur,73226,08:11:15,5.2
G22,Portal Sur,73226,08:16:30,5.2
G22,Portal Sur,73226,08:22:15,5.8
G22,Portal Sur,73226,08:28:00,5.8
G22,Portal Sur,73226,08:33:45,5.8
G22,Portal Sur,73226,08:39:45,6.0
G22,Portal Sur,73226,08:45:45,6.0
G22,Portal Sur,73226,08:51:45,6.0
G22,Portal Sur,73226,08:57:45,6.0
G22,Portal Sur,73226,09:03:45,6.0
G22,Portal Sur,73226,09:09:45,6.0
G22,Portal Sur,73226,09:15:45,6.0
G22,Portal Sur,73226,09:21:45,6.0
G22,Portal Sur,73226,09:27:45,6.0
G22,Portal Sur,73226,09:33:45,6.0
G22,Portal Sur,73226,09:39:45,6.0
G22,Portal Sur,73226,09:45:45,6.0
G22,Portal Sur,73226,09:51:45,6.0
G22,Portal Sur,73226,09:57:45,6.0
G22,Portal Sur,73226,10:03:45,6.0
G22,Portal Sur,73226,10:09:45,6.0
G22,Portal Sur,73226,10:15:45,6.0
G22,Portal Sur,73226,10:21:45,6.0
G22,Portal Sur,73226,10:27:45,6.0
G22,Portal Sur,73226,10:33:45,6.0
G22,Portal Sur,73226,10:39:45,6.0
G22,Portal Sur,73226,10:45:45,6.0
G22,Portal Sur,73226,10:51:45,6.0
G22,Portal Sur,73226,10:57:45,6.0
G22,Portal Sur,73226,11:03:45,6.0
G22,Portal Sur,73226,11:09:45,6.0
G22,Portal Sur,73226,11:15:45,6.0
G22,Portal Sur,73226,11:21:45,6.0
G22,Portal Sur,73226,11:27:45,6.0
G22,Portal Sur,73226,11:33:45,6.0
G22,Portal Sur,73226,11:39:45,6.0
G22,Portal Sur,73226,11:45:45,6.0
G22,Portal Sur,73226,11:51:45,6.0
G22,Portal Sur,73226,11:57:45,6.0
G22,Portal Sur,73226,12:03:45,6.0
G22,Portal Sur,73226,12:09:45,6.0
G22,Portal Sur,73226,12:15:45,6.0
G22,Portal Sur,73226,12:21:45,6.0
G22,Portal Sur,73226,12:27:45,6.0
G22,Portal Sur,73226,12:33:45,6.0
G22,Portal Sur,73226,12:39:45,6.0
G22,Portal Sur,73226,12:45:45,6.0
G22,Portal Sur,73226,12:51:45,6.0
G22,Portal Sur,73226,12:57:45,6.0
G22,Portal Sur,73226,13:03:45,6.0
G22,Portal Sur,73226,13:09:45,6.0
G22,Portal Sur,73226,13:15:45,6.0
G22,Portal Sur,73226,13:21:45,6.0
G22,Portal Sur,73226,13:27:45,6.0
G22,Portal Sur,73226,13:33:45,6.0
G22,Portal Sur,73226,13:39:45,6.0
G22,Portal Sur,73226,13:45:45,6.0
G22,Portal Sur,73226,13:51:45,6.0
G22,Portal Sur,73226,13:57:45,6.0
G22,Portal Sur,73226,14:03:45,6.0
G22,Portal Sur,73226,14:09:45,6.0
G22,Portal Sur,73226,14:15:45,6.0
G22,Portal Sur,73226,14:21:45,6.0
G22,Portal Sur,73226,14:27:45,6.0
G22,Portal Sur,73226,14:33:45,6.0
G22,Portal Sur,73226,14:39:45,6.0
G22,Portal Sur,73226,14:45:45,6.0
G22,Portal Sur,73226,14:51:45,6.0
G22,Portal Sur,73226,14:57:45,6.0
G22,Portal Sur,73226,15:03:45,6.0
G22,Portal Sur,73226,15:09:45,6.0
G22,Portal Sur,73226,15:15:45,6.0
G22,Portal Sur,73226,15:21:45,6.0
G22,Portal Sur,73226,15:27:45,6.0
G22,Portal Sur,73226,15:33:45,6.0
G22,Portal Sur,73226,15:39:45,6.0
G22,Portal Sur,73226,15:45:45,6.0
G22,Portal Sur,73226,15:51:15,5.5
G22,Portal Sur,73226,15:56:45,5.5
G22,Portal Sur,73226,16:02:15,5.5
G22,Portal Sur,73226,16:07:15,5.0
G22,Portal Sur,73226,16:12:15,5.0
G22,Portal Sur,73226,16:17:15,5.0
G22,Portal Sur,73226,16:22:15,5.0
G22,Portal Sur,73226,16:27:15,5.0
G22,Portal Sur,73226,16:32:15,5.0
G22,Portal Sur,73226,16:37:00,4.8
G22,Portal Sur,73226,16:41:45,4.8
G22,Portal Sur,73226,16:46:30,4.8
G22,Portal Sur,73226,16:50:45,4.2
G22,Portal Sur,73226,16:55:00,4.2
G22,Portal Sur,73226,16:59:15,4.2
G22,Portal Sur,73226,17:03:30,4.2
G22,Portal Sur,73226,17:07:30,4.0
G22,Portal Sur,73226,17:11:30,4.0
G22,Portal Sur,73226,17:15:30,4.0
G22,Portal Sur,73226,17:19:30,4.0
G22,Portal Sur,73226,17:23:30,4.0
G22,Portal Sur,73226,17:27:30,4.0
G22,Portal Sur,73226,17:31:30,4.0
G22,Portal Sur,73226,17:35:30,4.0
G22,Portal Sur,73226,17:39:30,4.0
G22,Portal Sur,73226,17:43:30,4.0
G22,Portal Sur,73226,17:47:30,4.0
G22,Portal Sur,73226,17:51:30,4.0
G22,Portal Sur,73226,17:55:30,4.0
G22,Portal Sur,73226,17:59:30,4.0
G22,Portal Sur,73226,18:03:30,4.0
G22,Portal Sur,73226,18:07:30,4.0
G22,Portal Sur,73226,18:11:30,4.0
G22,Portal Sur,73226,18:15:30,4.0
G22,Portal Sur,73226,18:19:30,4.0
G22,Portal Sur,73226,18:23:30,4.0
G22,Portal Sur,73226,18:27:30,4.0
G22,Portal Sur,73226,18:31:30,4.0
G22,Portal Sur,73226,18:35:45,4.2
G22,Portal Sur,73226,18:40:00,4.2
G22,Portal Sur,73226,18:44:15,4.2
G22,Portal Sur,73226,18:48:30,4.2
G22,Portal Sur,73226,18:53:15,4.8
G22,Portal Sur,73226,18:58:00,4.8
G22,Portal Sur,73226,19:02:45,4.8
G22,Portal Sur,73226,19:08:00,5.2
G22,Portal Sur,73226,19:13:15,5.2
G22,Portal Sur,73226,19:18:30,5.2
G22,Portal Sur,73226,19:24:15,5.8
G22,Portal Sur,73226,19:30:00,5.8
G22,Portal Sur,73226,19:36:00,6.0
G22,Portal Sur,73226,19:42:00,6.0
G22,Portal Sur,73226,19:48:00,6.0
G22,Portal Sur,73226,19:54:00,6.0
G22,Portal Sur,73226,20:00:00,6.0
G22,Portal Sur,73226,20:06:15,6.2
G22,Portal Sur,73226,20:12:30,6.2
G22,Portal Sur,73226,20:18:45,6.2
G22,Portal Sur,73226,20:25:15,6.5
G22,Portal Sur,73226,20:31:45,6.5
G22,Portal Sur,73226,20:38:30,6.8
G22,Portal Sur,73226,20:45:15,6.8
G22,Portal Sur,73226,20:52:15,7.0
G22,Portal Sur,73226,20:59:15,7.0
G22,Portal Sur,73226,21:06:15,7.0
G22,Portal Sur,73226,21:13:15,7.0
G22,Portal Sur,73226,21:20:15,7.0
G22,Portal Sur,73226,21:27:15,7.0
G22,Portal Sur,73226,21:34:00,6.8
G22,Portal Sur,73226,21:41:00,7.0
G22,Portal Sur,73226,21:48:00,7.0
G22,Portal Sur,73226,21:55:00,7.0
G22,Portal Sur,73226,22:02:00,7.0
G22,Portal Sur,73226,22:11:00,9.0
G22,Portal Sur,73226,22:20:00,9.0
G22,Portal Sur,73226,22:27:15,7.2
G22,Portal Sur,73226,22:34:30,7.2
G22,Portal Sur,73226,22:41:45,7.2
G22,Portal Sur,73226,22:49:30,7.8
G22,Portal Sur,73226,23:00:00,10.5
G12,P. Sur,61189,16:30:00,0.0
G12,P. Sur,61189,16:32:45,2.8
G12,P. Sur,61189,16:43:15,10.5
G12,P. Sur,61189,16:53:15,10.0
G12,P. Sur,61189,17:03:15,10.0
G12,P. Sur,61189,17:09:00,5.8
G12,P. Sur,61189,17:15:00,6.0
G12,P. Sur,61189,17:21:00,6.0
G12,P. Sur,61189,17:27:15,6.2
G12,P. Sur,61189,17:33:45,6.5
G12,P. Sur,61189,17:39:45,6.0
G12,P. Sur,61189,17:45:30,5.8
G12,P. Sur,61189,17:51:30,6.0
G12,P. Sur,61189,17:57:30,6.0
G12,P. Sur,61189,18:03:30,6.0
G12,P. Sur,61189,18:11:30,8.0
G12,P. Sur,61189,18:19:45,8.2
G12,P. Sur,61189,18:26:45,7.0
G12,P. Sur,61238,04:30:00,0.0
G12,P. Sur,61238,04:32:45,2.8
G12,P. Sur,61238,04:35:30,2.8
G12,P. Sur,61238,04:38:15,2.8
G12,P. Sur,61238,04:41:00,2.8
G12,P. Sur,61238,04:43:45,2.8
G12,P. Sur,61238,04:46:30,2.8
G12,P. Sur,61238,04:49:15,2.8
G12,P. Sur,61238,04:52:00,2.8
G12,P. Sur,61238,04:54:45,2.8
G12,P. Sur,61238,04:57:30,2.8
G12,P. Sur,61238,05:00:15,2.8
G12,P. Sur,61238,05:03:00,2.8
G12,P. Sur,61238,05:05:45,2.8
G12,P. Sur,61238,05:08:30,2.8
G12,P. Sur,61238,05:11:15,2.8
G12,P. Sur,61238,05:14:00,2.8
G12,P. Sur,61238,05:16:45,2.8
G12,P. Sur,61238,05:19:30,2.8
G12,P. Sur,61238,05:22:15,2.8
G12,P. Sur,61238,05:25:00,2.8
G12,P. Sur,61238,05:27:45,2.8
G12,P. Sur,61238,05:30:30,2.8
G12,P. Sur,61238,05:33:15,2.8
G12,P. Sur,61238,05:36:00,2.8
G12,P. Sur,61238,05:38:45,2.8
G12,P. Sur,61238,05:41:30,2.8
G12,P. Sur,61238,05:44:15,2.8
G12,P. Sur,61238,05:47:00,2.8
G12,P. Sur,61238,05:49:45,2.8
G12,P. Sur,61238,05:52:30,2.8
G12,P. Sur,61238,05:55:15,2.8
G12,P. Sur,61238,05:58:00,2.8
G12,P. Sur,61238,06:00:45,2.8
G12,P. Sur,61238,06:04:15,3.5
G12,P. Sur,61238,06:07:45,3.5
G12,P. Sur,61238,06:11:15,3.5
G12,P. Sur,61238,06:14:45,3.5
G12,P. Sur,61238,06:18:15,3.5
G12,P. Sur,61238,06:21:45,3.5
G12,P. Sur,61238,06:25:15,3.5
G12,P. Sur,61238,06:28:45,3.5
G12,P. Sur,61238,06:32:15,3.5
G12,P. Sur,61238,06:35:45,3.5
G12,P. Sur,61238,06:39:15,3.5
G12,P. Sur,61238,06:42:45,3.5
G12,P. Sur,61238,06:46:15,3.5
G12,P. Sur,61238,06:49:45,3.5
G12,P. Sur,61238,06:53:15,3.5
G12,P. Sur,61238,06:56:45,3.5
G12,P. Sur,61238,07:00:15,3.5
G12,P. Sur,61238,07:04:15,4.0
G12,P. Sur,61238,07:08:15,4.0
G12,P. Sur,61238,07:12:15,4.0
G12,P. Sur,61238,07:16:15,4.0
G12,P. Sur,61238,07:20:15,4.0
G12,P. Sur,61238,07:24:15,4.0
G12,P. Sur,61238,07:28:15,4.0
G12,P. Sur,61238,07:32:15,4.0
G12,P. Sur,61238,07:36:15,4.0
G12,P. Sur,61238,07:40:15,4.0
G12,P. Sur,61238,07:44:15,4.0
G12,P. Sur,61238,07:48:15,4.0
G12,P. Sur,61238,07:52:15,4.0
G12,P. Sur,61238,07:56:15,4.0
G12,P. Sur,61238,08:00:15,4.0
G12,P. Sur,61238,08:04:00,3.8
G12,P. Sur,61238,08:07:45,3.8
G12,P. Sur,61238,08:11:30,3.8
G12,P. Sur,61238,08:15:15,3.8
G12,P. Sur,61238,08:19:45,4.5
G12,P. Sur,61238,08:24:15,4.5
G12,P. Sur,61238,08:28:45,4.5
G12,P. Sur,61238,08:33:15,4.5
G12,P. Sur,61238,08:37:45,4.5
G12,P. Sur,61238,08:42:15,4.5
G12,P. Sur,61238,08:46:45,4.5
G12,P. Sur,61238,08:51:15,4.5
G12,P. Sur,61238,08:55:45,4.5
G12,P. Sur,61238,09:00:15,4.5
G12,P. Sur,61238,09:04:45,4.5
G12,P. Sur,61238,09:09:15,4.5
G12,P. Sur,61238,09:13:45,4.5
G12,P. Sur,61238,09:18:15,4.5
G12,P. Sur,61238,09:22:45,4.5
G12,P. Sur,61238,09:27:15,4.5
G12,P. Sur,61238,09:31:45,4.5
G12,P. Sur,61238,09:36:15,4.5
G12,P. Sur,61238,09:40:45,4.5
G12,P. Sur,61238,09:45:15,4.5
G12,P. Sur,61238,09:49:45,4.5
G12,P. Sur,61238,09:54:15,4.5
G12,P. Sur,61238,09:58:45,4.5
G12,P. Sur,61238,10:03:15,4.5
G12,P. Sur,61238,10:07:45,4.5
G12,P. Sur,61238,10:12:15,4.5
G12,P. Sur,61238,10:16:45,4.5
G12,P. Sur,61238,10:21:15,4.5
G12,P. Sur,61238,10:25:45,4.5
G12,P. Sur,61238,10:30:15,4.5
G12,P. Sur,61238,10:34:45,4.5
G12,P. Sur,61238,10:39:15,4.5
G12,P. Sur,61238,10:43:45,4.5
G12,P. Sur,61238,10:48:15,4.5
G12,P. Sur,61238,10:52:45,4.5
G12,P. Sur,61238,10:57:15,4.5
G12,P. Sur,61238,11:01:45,4.5
G12,P. Sur,61238,11:06:15,4.5
G12,P. Sur,61238,11:10:45,4.5
G12,P. Sur,61238,11:15:15,4.5
G12,P. Sur,61238,11:19:45,4.5
G12,P. Sur,61238,11:24:15,4.5
G12,P. Sur,61238,11:28:45,4.5
G12,P. Sur,61238,11:33:15,4.5
G12,P. Sur,61238,11:37:45,4.5
G12,P. Sur,61238,11:42:15,4.5
G12,P. Sur,61238,11:46:45,4.5
G12,P. Sur,61238,11:51:15,4.5
G12,P. Sur,61238,11:55:45,4.5
G12,P. Sur,61238,12:00:15,4.5
G12,P. Sur,61238,12:04:45,4.5
G12,P. Sur,61238,12:09:15,4.5
G12,P. Sur,61238,12:13:45,4.5
G12,P. Sur,61238,12:18:15,4.5
G12,P. Sur,61238,12:22:45,4.5
G12,P. Sur,61238,12:27:15,4.5
G12,P. Sur,61238,12:31:45,4.5
G12,P. Sur,61238,12:36:15,4.5
G12,P. Sur,61238,12:40:45,4.5
G12,P. Sur,61238,12:45:15,4.5
G12,P. Sur,61238,12:49:45,4.5
G12,P. Sur,61238,12:54:15,4.5
G12,P. Sur,61238,12:58:45,4.5
G12,P. Sur,61238,13:03:15,4.5
G12,P. Sur,61238,13:07:45,4.5
G12,P. Sur,61238,13:12:15,4.5
G12,P. Sur,61238,13:16:45,4.5
G12,P. Sur,61238,13:21:15,4.5
G12,P. Sur,61238,13:25:45,4.5
G12,P. Sur,61238,13:30:15,4.5
G12,P. Sur,61238,13:34:45,4.5
G12,P. Sur,61238,13:39:15,4.5
G12,P. Sur,61238,13:43:45,4.5
G12,P. Sur,61238,13:48:15,4.5
G12,P. Sur,61238,13:52:45,4.5
G12,P. Sur,61238,13:57:15,4.5
G12,P. Sur,61238,14:01:45,4.5
G12,P. Sur,61238,14:06:15,4.5
G12,P. Sur,61238,14:10:45,4.5
G12,P. Sur,61238,14:15:15,4.5
G12,P. Sur,61238,14:19:45,4.5
G12,P. Sur,61238,14:24:15,4.5
G12,P. Sur,61238,14:28:45,4.5
G12,P. Sur,61238,14:33:15,4.5
G12,P. Sur,61238,14:37:45,4.5
G12,P. Sur,61238,14:42:15,4.5
G12,P. Sur,61238,14:46:45,4.5
G12,P. Sur,61238,14:51:15,4.5
G12,P. Sur,61238,14:55:45,4.5
G12,P. Sur,61238,15:00:15,4.5
G12,P. Sur,61238,15:04:45,4.5
G12,P. Sur,61238,15:09:15,4.5
G12,P. Sur,61238,15:13:45,4.5
G12,P. Sur,61238,15:18:15,4.5
G12,P. Sur,61238,15:22:45,4.5
G12,P. Sur,61238,15:27:15,4.5
G12,P. Sur,61238,15:31:45,4.5
G12,P. Sur,61238,15:36:15,4.5
G12,P. Sur,61238,15:40:45,4.5
G12,P. Sur,61238,15:45:15,4.5
G12,P. Sur,61238,15:49:45,4.5
G12,P. Sur,61238,15:54:15,4.5
G12,P. Sur,61238,15:58:45,4.5
G12,P. Sur,61238,16:03:15,4.5
G12,P. Sur,61238,16:07:00,3.8
G12,P. Sur,61238,16:10:45,3.8
G12,P. Sur,61238,16:14:30,3.8
G12,P. Sur,61238,16:18:15,3.8
G12,P. Sur,61238,16:21:00,2.8
G12,P. Sur,61238,16:23:45,2.8
G12,P. Sur,61238,16:26:30,2.8
G12,P. Sur,61238,16:29:15,2.8
G12,P. Sur,61238,16:32:00,2.8
G12,P. Sur,61238,16:34:45,2.8
G12,P. Sur,61238,16:37:30,2.8
G12,P. Sur,61238,16:40:15,2.8
G12,P. Sur,61238,16:43:00,2.8
G12,P. Sur,61238,16:45:45,2.8
G12,P. Sur,61238,16:48:30,2.8
G12,P. Sur,61238,16:51:15,2.8
G12,P. Sur,61238,16:54:00,2.8
G12,P. Sur,61238,16:56:45,2.8
G12,P. Sur,61238,16:59:30,2.8
G12,P. Sur,61238,17:02:15,2.8
G12,P. Sur,61238,17:05:00,2.8
G12,P. Sur,61238,17:07:45,2.8
G12,P. Sur,61238,17:10:30,2.8
G12,P. Sur,61238,17:13:15,2.8
G12,P. Sur,61238,17:16:00,2.8
G12,P. Sur,61238,17:18:45,2.8
G12,P. Sur,61238,17:21:30,2.8
G12,P. Sur,61238,17:24:15,2.8
G12,P. Sur,61238,17:27:00,2.8
G12,P. Sur,61238,17:29:45,2.8
G12,P. Sur,61238,17:32:30,2.8
G12,P. Sur,61238,17:35:15,2.8
G12,P. Sur,61238,17:38:00,2.8
G12,P. Sur,61238,17:40:45,2.8
G12,P. Sur,61238,17:43:30,2.8
G12,P. Sur,61238,17:46:15,2.8
G12,P. Sur,61238,17:49:00,2.8
G12,P. Sur,61238,17:51:45,2.8
G12,P. Sur,61238,17:54:30,2.8
G12,P. Sur,61238,17:57:15,2.8
G12,P. Sur,61238,18:00:00,2.8
G12,P. Sur,61238,18:03:00,3.0
G12,P. Sur,61238,18:06:00,3.0
G12,P. Sur,61238,18:09:00,3.0
G12,P. Sur,61238,18:12:00,3.0
G12,P. Sur,61238,18:15:00,3.0
G12,P. Sur,61238,18:18:00,3.0
G12,P. Sur,61238,18:21:00,3.0
G12,P. Sur,61238,18:24:00,3.0
G12,P. Sur,61238,18:27:00,3.0
G12,P. Sur,61238,18:30:00,3.0
G12,P. Sur,61238,18:33:00,3.0
G12,P. Sur,61238,18:36:00,3.0
G12,P. Sur,61238,18:39:00,3.0
G12,P. Sur,61238,18:42:00,3.0
G12,P. Sur,61238,18:45:00,3.0
G12,P. Sur,61238,18:49:00,4.0
G12,P. Sur,61238,18:53:00,4.0
G12,P. Sur,61238,18:57:00,4.0
G12,P. Sur,61238,19:01:00,4.0
G12,P. Sur,61238,19:05:00,4.0
G12,P. Sur,61238,19:09:00,4.0
G12,P. Sur,61238,19:13:00,4.0
G12,P. Sur,61238,19:17:00,4.0
G12,P. Sur,61238,19:21:00,4.0
G12,P. Sur,61238,19:25:00,4.0
G12,P. Sur,61238,19:29:00,4.0
G12,P. Sur,61238,19:33:00,4.0
G12,P. Sur,61238,19:37:00,4.0
G12,P. Sur,61238,19:41:00,4.0
G12,P. Sur,61238,19:45:00,4.0
G12,P. Sur,61238,19:49:00,4.0
G12,P. Sur,61238,19:53:00,4.0
G12,P. Sur,61238,19:57:00,4.0
G12,P. Sur,61238,20:01:00,4.0
G12,P. Sur,61238,20:05:00,4.0
G12,P. Sur,61238,20:09:00,4.0
G12,P. Sur,61238,20:13:00,4.0
G12,P. Sur,61238,20:17:00,4.0
G12,P. Sur,61238,20:21:00,4.0
G12,P. Sur,61238,20:25:00,4.0
G12,P. Sur,61238,20:29:00,4.0
G12,P. Sur,61238,20:33:00,4.0
G12,P. Sur,61238,20:37:15,4.2
G12,P. Sur,61238,20:41:30,4.2
G12,P. Sur,61238,20:45:45,4.2
G12,P. Sur,61238,20:50:15,4.5
G12,P. Sur,61238,20:54:45,4.5
G12,P. Sur,61238,20:59:15,4.5
G12,P. Sur,61238,21:03:45,4.5
G12,P. Sur,61238,21:09:15,5.5
G12,P. Sur,61238,21:14:45,5.5
G12,P. Sur,61238,21:20:15,5.5
G12,P. Sur,61238,21:26:15,6.0
G12,P. Sur,61238,21:32:15,6.0
G12,P. Sur,61238,21:38:15,6.0
G12,P. Sur,61238,21:44:15,6.0
G12,P. Sur,61238,21:50:15,6.0
G12,P. Sur,61238,21:56:15,6.0
G12,P. Sur,61238,22:02:15,6.0
G12,P. Sur,61238,22:08:15,6.0
G12,P. Sur,61238,22:14:00,5.8
G12,P. Sur,61238,22:20:00,6.0
G12,P. Sur,61238,22:24:45,4.8
G12,P. Sur,61238,22:30:45,6.0
G12,P. Sur,61238,22:36:45,6.0
G12,P. Sur,61238,22:42:15,5.5
G12,P. Sur,61238,22:48:00,5.8
G12,P. Sur,61238,22:54:30,6.5
G12,P. Sur,61238,23:00:00,5.5
B12,P. Norte,62015,04:00:00,0.0
B12,P. Norte,62015,04:04:00,4.0
B12,P. Norte,62015,04:08:00,4.0
B12,P. Norte,62015,04:12:00,4.0
B12,P. Norte,62015,04:16:00,4.0
B12,P. Norte,62015,04:20:00,4.0
B12,P. Norte,62015,04:24:00,4.0
B12,P. Norte,62015,04:28:00,4.0
B12,P. Norte,62015,04:32:00,4.0
B12,P. Norte,62015,04:36:00,4.0
B12,P. Norte,62015,04:40:00,4.0
B12,P. Norte,62015,04:44:00,4.0
B12,P. Norte,62015,04:48:00,4.0
B12,P. Norte,62015,04:52:00,4.0
B12,P. Norte,62015,04:56:00,4.0
B12,P. Norte,62015,05:00:00,4.0
B12,P. Norte,62015,05:03:15,3.2
B12,P. Norte,62015,05:06:30,3.2
B12,P. Norte,62015,05:09:45,3.2
B12,P. Norte,62015,05:13:00,3.2
B12,P. Norte,62015,05:16:15,3.2
B12,P. Norte,62015,05:19:30,3.2
B12,P. Norte,62015,05:22:45,3.2
B12,P. Norte,62015,05:26:00,3.2
B12,P. Norte,62015,05:29:15,3.2
B12,P. Norte,62015,05:32:30,3.2
B12,P. Norte,62015,05:35:30,3.0
B12,P. Norte,62015,05:38:30,3.0
B12,P. Norte,62015,05:41:30,3.0
B12,P. Norte,62015,05:44:30,3.0
B12,P. Norte,62015,05:47:30,3.0
B12,P. Norte,62015,05:50:30,3.0
B12,P. Norte,62015,05:53:30,3.0
B12,P. Norte,62015,05:56:30,3.0
B12,P. Norte,62015,05:59:30,3.0
B12,P. Norte,62015,06:02:30,3.0
B12,P. Norte,62015,06:05:30,3.0
B12,P. Norte,62015,06:08:30,3.0
B12,P. Norte,62015,06:11:30,3.0
B12,P. Norte,62015,06:14:30,3.0
B12,P. Norte,62015,06:17:30,3.0
B12,P. Norte,62015,06:20:30,3.0
B12,P. Norte,62015,06:23:30,3.0
B12,P. Norte,62015,06:26:30,3.0
B12,P. Norte,62015,06:29:30,3.0
B12,P. Norte,62015,06:32:30,3.0
B12,P. Norte,62015,06:35:45,3.2
B12,P. Norte,62015,06:39:00,3.2
B12,P. Norte,62015,06:42:15,3.2
B12,P. Norte,62015,06:45:30,3.2
B12,P. Norte,62015,06:48:45,3.2
B12,P. Norte,62015,06:52:00,3.2
B12,P. Norte,62015,06:55:15,3.2
B12,P. Norte,62015,06:58:30,3.2
B12,P. Norte,62015,07:01:45,3.2
B12,P. Norte,62015,07:05:00,3.2
B12,P. Norte,62015,07:08:15,3.2
B12,P. Norte,62015,07:11:30,3.2
B12,P. Norte,62015,07:14:45,3.2
B12,P. Norte,62015,07:18:00,3.2
B12,P. Norte,62015,07:21:15,3.2
B12,P. Norte,62015,07:24:30,3.2
B12,P. Norte,62015,07:27:45,3.2
B12,P. Norte,62015,07:31:00,3.2
B12,P. Norte,62015,07:34:15,3.2
B12,P. Norte,62015,07:37:30,3.2
B12,P. Norte,62015,07:40:45,3.2
B12,P. Norte,62015,07:44:00,3.2
B12,P. Norte,62015,07:47:15,3.2
B12,P. Norte,62015,07:50:30,3.2
B12,P. Norte,62015,07:53:45,3.2
B12,P. Norte,62015,07:57:00,3.2
B12,P. Norte,62015,08:00:15,3.2
B12,P. Norte,62015,08:04:15,4.0
B12,P. Norte,62015,08:08:15,4.0
B12,P. Norte,62015,08:12:15,4.0
B12,P. Norte,62015,08:16:15,4.0
B12,P. Norte,62015,08:20:15,4.0
B12,P. Norte,62015,08:24:15,4.0
B12,P. Norte,62015,08:28:15,4.0
B12,P. Norte,62015,08:32:15,4.0
B12,P. Norte,62015,08:36:45,4.5
B12,P. Norte,62015,08:41:15,4.5
B12,P. Norte,62015,08:45:45,4.5
B12,P. Norte,62015,08:50:15,4.5
B12,P. Norte,62015,08:54:45,4.5
B12,P. Norte,62015,08:59:15,4.5
B12,P. Norte,62015,09:03:45,4.5
B12,P. Norte,62015,09:08:15,4.5
B12,P. Norte,62015,09:12:45,4.5
B12,P. Norte,62015,09:17:15,4.5
B12,P. Norte,62015,09:21:45,4.5
B12,P. Norte,62015,09:26:15,4.5
B12,P. Norte,62015,09:30:45,4.5
B12,P. Norte,62015,09:35:15,4.5
B12,P. Norte,62015,09:39:45,4.5
B12,P. Norte,62015,09:44:15,4.5
B12,P. Norte,62015,09:48:45,4.5
B12,P. Norte,62015,09:53:15,4.5
B12,P. Norte,62015,09:57:45,4.5
B12,P. Norte,62015,10:02:15,4.5
B12,P. Norte,62015,10:06:45,4.5
B12,P. Norte,62015,10:11:15,4.5
B12,P. Norte,62015,10:15:45,4.5
B12,P. Norte,62015,10:20:15,4.5
B12,P. Norte,62015,10:24:45,4.5
B12,P. Norte,62015,10:29:15,4.5
B12,P. Norte,62015,10:33:45,4.5
B12,P. Norte,62015,10:38:15,4.5
B12,P. Norte,62015,10:42:45,4.5
B12,P. Norte,62015,10:47:15,4.5
B12,P. Norte,62015,10:51:45,4.5
B12,P. Norte,62015,10:56:15,4.5
B12,P. Norte,62015,11:00:45,4.5
B12,P. Norte,62015,11:05:15,4.5
B12,P. Norte,62015,11:09:45,4.5
B12,P. Norte,62015,11:14:15,4.5
B12,P. Norte,62015,11:18:45,4.5
B12,P. Norte,62015,11:23:15,4.5
B12,P. Norte,62015,11:27:45,4.5
B12,P. Norte,62015,11:32:15,4.5
B12,P. Norte,62015,11:36:45,4.5
B12,P. Norte,62015,11:41:15,4.5
B12,P. Norte,62015,11:45:45,4.5
B12,P. Norte,62015,11:50:15,4.5
B12,P. Norte,62015,11:54:45,4.5
B12,P. Norte,62015,11:59:15,4.5
B12,P. Norte,62015,12:03:45,4.5
B12,P. Norte,62015,12:08:15,4.5
B12,P. Norte,62015,12:12:45,4.5
B12,P. Norte,62015,12:17:15,4.5
B12,P. Norte,62015,12:21:45,4.5
B12,P. Norte,62015,12:26:15,4.5
B12,P. Norte,62015,12:30:45,4.5
B12,P. Norte,62015,12:35:15,4.5
B12,P. Norte,62015,12:39:45,4.5
B12,P. Norte,62015,12:44:15,4.5
B12,P. Norte,62015,12:48:45,4.5
B12,P. Norte,62015,12:53:15,4.5
B12,P. Norte,62015,12:57:45,4.5
B12,P. Norte,62015,13:02:15,4.5
B12,P. Norte,62015,13:06:45,4.5
B12,P. Norte,62015,13:11:15,4.5
B12,P. Norte,62015,13:15:45,4.5
B12,P. Norte,62015,13:20:15,4.5
B12,P. Norte,62015,13:24:45,4.5
B12,P. Norte,62015,13:29:15,4.5
B12,P. Norte,62015,13:33:45,4.5
B12,P. Norte,62015,13:38:15,4.5
B12,P. Norte,62015,13:42:45,4.5
B12,P. Norte,62015,13:47:15,4.5
B12,P. Norte,62015,13:51:45,4.5
B12,P. Norte,62015,13:56:15,4.5
B12,P. Norte,62015,14:00:45,4.5
B12,P. Norte,62015,14:05:15,4.5
B12,P. Norte,62015,14:09:45,4.5
B12,P. Norte,62015,14:14:15,4.5
B12,P. Norte,62015,14:18:45,4.5
B12,P. Norte,62015,14:23:15,4.5
B12,P. Norte,62015,14:27:45,4.5
B12,P. Norte,62015,14:32:15,4.5
B12,P. Norte,62015,14:36:45,4.5
B12,P. Norte,62015,14:41:15,4.5
B12,P. Norte,62015,14:45:45,4.5
B12,P. Norte,62015,14:50:15,4.5
B12,P. Norte,62015,14:54:45,4.5
B12,P. Norte,62015,14:59:15,4.5
B12,P. Norte,62015,15:03:45,4.5
B12,P. Norte,62015,15:08:15,4.5
B12,P. Norte,62015,15:12:45,4.5
B12,P. Norte,62015,15:17:15,4.5
B12,P. Norte,62015,15:21:45,4.5
B12,P. Norte,62015,15:26:15,4.5
B12,P. Norte,62015,15:30:45,4.5
B12,P. Norte,62015,15:34:30,3.8
B12,P. Norte,62015,15:38:15,3.8
B12,P. Norte,62015,15:42:00,3.8
B12,P. Norte,62015,15:45:45,3.8
B12,P. Norte,62015,15:49:30,3.8
B12,P. Norte,62015,15:53:15,3.8
B12,P. Norte,62015,15:57:00,3.8
B12,P. Norte,62015,16:00:45,3.8
B12,P. Norte,62015,16:04:30,3.8
B12,P. Norte,62015,16:08:15,3.8
B12,P. Norte,62015,16:12:00,3.8
B12,P. Norte,62015,16:15:45,3.8
B12,P. Norte,62015,16:19:30,3.8
B12,P. Norte,62015,16:23:15,3.8
B12,P. Norte,62015,16:27:00,3.8
B12,P. Norte,62015,16:30:45,3.8
B12,P. Norte,62015,16:34:30,3.8
B12,P. Norte,62015,16:38:15,3.8
B12,P. Norte,62015,16:42:00,3.8
B12,P. Norte,62015,16:45:45,3.8
B12,P. Norte,62015,16:49:30,3.8
B12,P. Norte,62015,16:53:15,3.8
B12,P. Norte,62015,16:57:00,3.8
B12,P. Norte,62015,17:00:45,3.8
B12,P. Norte,62015,17:04:30,3.8
B12,P. Norte,62015,17:08:15,3.8
B12,P. Norte,62015,17:12:00,3.8
B12,P. Norte,62015,17:15:45,3.8
B12,P. Norte,62015,17:19:30,3.8
B12,P. Norte,62015,17:23:15,3.8
B12,P. Norte,62015,17:27:00,3.8
B12,P. Norte,62015,17:30:45,3.8
B12,P. Norte,62015,17:34:45,4.0
B12,P. Norte,62015,17:38:45,4.0
B12,P. Norte,62015,17:42:45,4.0
B12,P. Norte,62015,17:46:45,4.0
B12,P. Norte,62015,17:50:45,4.0
B12,P. Norte,62015,17:54:45,4.0
B12,P. Norte,62015,17:58:45,4.0
B12,P. Norte,62015,18:02:45,4.0
B12,P. Norte,62015,18:07:00,4.2
B12,P. Norte,62015,18:11:15,4.2
B12,P. Norte,62015,18:15:30,4.2
B12,P. Norte,62015,18:20:15,4.8
B12,P. Norte,62015,18:25:00,4.8
B12,P. Norte,62015,18:29:45,4.8
B12,P. Norte,62015,18:34:30,4.8
B12,P. Norte,62015,18:40:15,5.8
B12,P. Norte,62015,18:46:00,5.8
B12,P. Norte,62015,18:52:00,6.0
B12,P. Norte,62015,18:58:00,6.0
B12,P. Norte,62015,19:04:00,6.0
B12,P. Norte,62015,19:10:15,6.2
B12,P. Norte,62015,19:16:30,6.2
B12,P. Norte,62015,19:23:15,6.8
B12,P. Norte,62015,19:30:00,6.8
B12,P. Norte,62015,19:36:45,6.8
B12,P. Norte,62015,19:43:30,6.8
B12,P. Norte,62015,19:50:15,6.8
B12,P. Norte,62015,19:57:00,6.8
B12,P. Norte,62015,20:03:45,6.8
B12,P. Norte,62015,20:10:30,6.8
B12,P. Norte,62015,20:17:15,6.8
B12,P. Norte,62015,20:24:00,6.8
B12,P. Norte,62015,20:30:45,6.8
B12,P. Norte,62015,20:37:30,6.8
B12,P. Norte,62015,20:44:15,6.8
B12,P. Norte,62015,20:51:00,6.8
B12,P. Norte,62015,20:57:45,6.8
B12,P. Norte,62015,21:04:30,6.8
B12,P. Norte,62015,21:11:15,6.8
B12,P. Norte,62015,21:18:00,6.8
B12,P. Norte,62015,21:24:45,6.8
B12,P. Norte,62015,21:31:30,6.8
B12,P. Norte,62015,21:38:15,6.8
B12,P. Norte,62015,21:45:00,6.8
B12,P. Norte,62015,21:51:45,6.8
B12,P. Norte,62015,21:58:30,6.8
B12,P. Norte,62015,22:05:15,6.8
B12,P. Norte,62015,22:11:45,6.5
B12,P. Norte,62015,22:18:15,6.5
B12,P. Norte,62015,22:24:45,6.5
B12,P. Norte,62015,22:30:15,5.5
B12,P. Norte,62015,22:38:15,8.0
B12,P. Norte,62015,22:45:30,7.2
B12,P. Norte,62015,22:52:45,7.2
B12,P. Norte,62015,23:00:00,7.2
