Ruta,Descripcion,Orden_Parada,Estacion,Latitud,Longitud
1,Universidades,1,Portal Eldorado T-6B,4.68090498518642,-74.12106012072178
1,Portal Eldorado,1,Universidades A - 4 ó 6,4.604597785285852,-74.0672995897837
1,Universidades,2,Modelia A - 2 ó 5,4.674765087087243,-74.1170447244117
1,Portal Eldorado,2,Centro Memoria A - 4 ó 6,4.620361628361522,-74.07626790889582
1,Universidades,3,Normandía B - 2 ó 5,4.669043598200979,-74.11336458334891
1,Portal Eldorado,3,Concejo de Bogotá A - 4 ó 6,4.625862610782159,-74.08018996504886
1,Universidades,4,Av. Rojas B - 1 ó 5-nw,4.661765043195574,-74.10873083595598
1,Portal Eldorado,4,Ciudad Universitaria A - 4 ó 6,4.630762662713255,-74.08346438453961
1,Universidades,5,El Tiempo - Maloka A - 2 ó 5,4.65678590478294,-74.10554571708512
1,Portal Eldorado,5,Corferias A - 3 ó 6,4.634350604811764,-74.08968970606547
1,Universidades,6,Salitre - El Greco B - 1 ó 5,4.6510643655567865,-74.10184771617251
1,Portal Eldorado,6,Quinta Paredes A - 3 ó 6,4.637423231459732,-74.09304154769897
1,Universidades,7,CAN B - 1 ó 5,4.647044864086693,-74.0993015371845
1,Portal Eldorado,7,Gobernación A - 3 ó 6,4.642819140610239,-74.09649338181805
1,Universidades,8,Gobernación A - 2 ó 5,4.642683099610752,-74.09655451692585
1,Portal Eldorado,8,CAN B - 4 ó 6,4.6473433225364245,-74.09926509796082
1,Universidades,9,Quinta Paredes B -1 ó 5,4.63771120870647,-74.09333645732049
1,Portal Eldorado,9,Salitre - El Greco B - 4 ó 6,4.651305979281178,-74.10188749805754
1,Universidades,10,Corferias A - 2 ó 5,4.634237005260459,-74.08968748077787
1,Portal Eldorado,10,El Tiempo - Maloka B - 4 ó 6,4.65757326225394,-74.10585124024279
1,Universidades,11,Ciudad Universitaria A - 2 ó 5,4.630507050338291,-74.08332112918909
1,Portal Eldorado,11,Av. Rojas B - 4 ó 6,4.662058264724831,-74.10878731058243
1,Universidades,12,Concejo de Bogotá A - 2 ó 5-nw,4.625545805727582,-74.08002810813043
1,Portal Eldorado,12,Normandía B - 4 ó 6,4.669401858532795,-74.11344851484152
1,Universidades,13,Centro Memoria A - 2 ó 5-nw,4.6201139999999965,-74.07612500000045
1,Portal Eldorado,13,Modelia A - 3 ó 6,4.675063604202876,-74.11705336618073
1,Universidades,14,Universidades B - 2 ó 5,4.604891488561815,-74.06721031613462
1,Portal Eldorado,14,Portal Eldorado T-6B,4.68090498518642,-74.12106012072178
2,Museo Nacional,1,PORTAL 20 DE JULIO T7,4.566228072354304,-74.0967170352208
2,Portal 20 de Julio,1,Museo Nacional B - 1 ó 5,4.615474466826878,-74.06920293540331
2,Museo Nacional,2,Country Sur B - 4 ó 6,4.571729856202213,-74.09834170653173
2,Portal 20 de Julio,2,San Diego A - 2 ó 5,4.610138232625112,-74.07196554583403
2,Museo Nacional,3,Av. 1  de Mayo C - 3 ó 6,4.577631285353029,-74.09317151870617
2,Portal 20 de Julio,3,Las Nieves A - 2 ó 5,4.605566174431233,-74.07461809151599
2,Museo Nacional,4,Ciudad Jardín-UAN B - 4 ó 6,4.581720163013405,-74.09027994914477
2,Portal 20 de Julio,4,San Victorino B - 2 ó 5,4.600703500804951,-74.07764832011681
2,Museo Nacional,5,Policarpa A - 3 ó 6,4.586034711554258,-74.08703789796029
2,Portal 20 de Julio,5,Bicentenario A - 1 ó 5,4.592851245496218,-74.0827046774817
2,Museo Nacional,6,San Bernardo B - 4 ó 6,4.590472357236909,-74.08412063081917
2,Portal 20 de Julio,6,San Bernardo B - 1 ó 5,4.590282643307516,-74.08431017358953
2,Museo Nacional,7,Bicentenario C - 4 ó 6,4.594141784368102,-74.08172714143822
2,Portal 20 de Julio,7,Policarpa A - 2 ó 5,4.585844984915667,-74.08721842444596
2,Museo Nacional,8,San Victorino B - 4 ó 6,4.601010826259234,-74.07740042459085
2,Portal 20 de Julio,8,Ciudad Jardín-UAN B - 1 ó 5,4.581570402871462,-74.09034277173562
2,Museo Nacional,9,Las Nieves B - 4 ó 6,4.606406681936218,-74.07405810568761
2,Portal 20 de Julio,9,Av. 1 de Mayo A - 2 ó 5,4.576184241156317,-74.09429778228511
2,Museo Nacional,10,San Diego A - 3 ó 6,4.610410831430541,-74.07173618388343
2,Portal 20 de Julio,10,Country Sur A - 2 ó 5,4.571118249394583,-74.09897523667935
2,Museo Nacional,11,Museo Nacional B - 1 ó 5,4.615474466826878,-74.06920293540331
2,Portal 20 de Julio,11,PORTAL 20 DE JULIO T7,4.566228072354304,-74.0967170352208
3,Corferias,1,Portal Tunal T5,4.570810055795081,-74.13948083533828
3,Portal Tunal,1,Corferias A - 2 ó 5,4.634237005260459,-74.08968748077787
3,Corferias,2,Parque A - 4 ó 6,4.568247636436211,-74.1353310407524
3,Portal Tunal,2,Ciudad Universitaria A - 2 ó 5,4.630507050338291,-74.08332112918909
3,Corferias,3,Biblioteca A - 4 ó 6,4.570204465675095,-74.13029877563561
3,Portal Tunal,3,Concejo de Bogotá A - 2 ó 5-nw,4.625545805727582,-74.08002810813043
3,Corferias,4,Santa Lucía B - 4 ó 6,4.571346273525049,-74.12455535627694
3,Portal Tunal,4,Centro Memoria A - 2 ó 5-nw,4.6201139999999965,-74.07612500000045
3,Corferias,5,Calle 40 S. B - 4 ó 6,4.575818087779683,-74.119826464979
3,Portal Tunal,5,Calle 22 B - 2 ó 5-T,4.609773238349981,-74.07570468294843
3,Corferias,6,Quiroga A - 3,4.5767432508620605,-74.11452496234341
3,Portal Tunal,6,Av. Jiménez C - 2 ó 5-T,4.600603436584692,-74.0820635451737
3,Corferias,7,Olaya B - 4,4.578923242252794,-74.10723876763181
3,Portal Tunal,7,Hortúa B - 1,4.590941491070894,-74.09022274316344
3,Corferias,8,Restrepo A - 4 ó 6,4.581702259022253,-74.10161943110774
3,Portal Tunal,8,Nariño A - 2,4.586116145853549,-74.09415908480082
3,Corferias,9,Fucha A - 3 ó 6,4.582740133558555,-74.09973415215156
3,Portal Tunal,9,Fucha B - 1 ó 5,4.58301109289646,-74.09940929923684
3,Corferias,10,Nariño A - 3,4.586115997180124,-74.0940418990865
3,Portal Tunal,10,Restrepo A - 2 ó 5,4.581657314176504,-74.101844843786
3,Corferias,11,Hortúa B - 4,4.590950421674349,-74.09013258834065
3,Portal Tunal,11,Olaya B - 1,4.578941536046361,-74.10740100132078
3,Corferias,12,Av. Jiménez B - 4 ó 6-T,4.600197181055065,-74.08228755163105
3,Portal Tunal,12,Quiroga A - 2,4.576779634240483,-74.11468717382722
3,Corferias,13,Calle 22 A - 4 ó 6-T,4.609349848479991,-74.07586886206866
3,Portal Tunal,13,Calle 40 S. B - 2 ó 5,4.575818531159827,-74.12018703380765
3,Corferias,14,Centro Memoria A - 4 ó 6,4.620361628361522,-74.07626790889582
3,Portal Tunal,14,Santa Lucía A - 2 ó 5,4.570460237984843,-74.12491699863381
3,Corferias,15,Concejo de Bogotá A - 4 ó 6,4.625862610782159,-74.08018996504886
3,Portal Tunal,15,Biblioteca A - 2 ó 5,4.570428951281382,-74.1304680231485
3,Corferias,16,Ciudad Universitaria A - 4 ó 6,4.630762662713255,-74.08346438453961
3,Portal Tunal,16,Parque A - 2 ó 5,4.568383822018076,-74.13574552981741
3,Corferias,17,Corferias A - 3 ó 6,4.634350604811764,-74.08968970606547
3,Portal Tunal,17,Portal Tunal T5,4.570810055795081,-74.13948083533828
4,Héroes,1,Portal Sur T2,4.596934159677683,-74.16958279356051
4,Portal Sur,1,Héroes B - 2,4.668061094658749,-74.06042786360786
4,Héroes,2,Perdomo B - 3,4.595736308201025,-74.16462235899884
4,Portal Sur,2,Polo C - 4 ó 6,4.670889307652272,-74.06493718108635
4,Héroes,3,Madelena B - 3,4.596242571394136,-74.15668893405159
4,Portal Sur,3,Escuela Militar B - 4 ó 6,4.675871452590893,-74.07027125899842
4,Héroes,4,Sevillana A - 3,4.595101107675524,-74.14765769463835
4,Portal Sur,4,NQS - Calle 75 A - 2 ó 5,4.669460572335146,-74.07208276542883
4,Héroes,5,Venecia B - 3,4.5955562424768335,-74.14249182195125
4,Portal Sur,5,Av. Chile A - 1,4.66573797103245,-74.0752339798975
4,Héroes,6,Alquería A - 3,4.594271012711683,-74.13439832820795
4,Portal Sur,6,7 de Agosto A - 2 ó 5,4.65669933479589,-74.07778419116312
4,Héroes,7,G. Santander B - 4 ó 6,4.593523570020519,-74.12972071185939
4,Portal Sur,7,Movistar Arena B - 2 ó 5,4.650043838290884,-74.07837147985931
4,Héroes,8,NQS - Calle 38A Sur A - 3,4.593769760325157,-74.123933120017
4,Portal Sur,8,Campín-UAN B - 2 ó 5,4.645542258131606,-74.07871814240622
4,Héroes,9,NQS - Calle 30 Sur B - 3,4.594793349231611,-74.11775695578095
4,Portal Sur,9,U. Nacional A - 2 ó 5,4.636162389484685,-74.07941660920172
4,Héroes,10,Santa Isabel A - 4 ó 6,4.601360113670943,-74.10297405999137
4,Portal Sur,10,Av. El Dorado B - 2 ó 5,4.630347472865611,-74.0799466775379
4,Héroes,11,Comuneros B - 4 ó 6,4.604548908921148,-74.09956256732251
4,Portal Sur,11,CAD B - 2 ó 5,4.623506838745649,-74.08414146090114
4,Héroes,12,Ricaurte B - 4 ó 6,4.61162440332076,-74.09388346311344
4,Portal Sur,12,Paloquemao A - 1,4.61652553015372,-74.08991493901847
4,Héroes,13,Paloquemao B - 4 ó 6,4.6171058889546135,-74.08937191580938
4,Portal Sur,13,Ricaurte A - 2 ó 5,4.61092874200755,-74.09453581265294
4,Héroes,14,CAD A - 4 ó 6,4.623183225168414,-74.08435157054778
4,Portal Sur,14,Comuneros B - 2 ó 5,4.604355134877791,-74.09980864034574
4,Héroes,15,Av. El Dorado A - 3 ó 6,4.629957123318237,-74.07996185078647
4,Portal Sur,15,Santa Isabel A - 2 ó 5,4.60132411299446,-74.10311833726632
4,Héroes,16,U. Nacional A - 4 ó 6,4.63634660455689,-74.07935346355062
4,Portal Sur,16,NQS - Calle 30 Sur B - 1,4.594802606880092,-74.11792821927507
4,Héroes,17,Campín-UAN B - 4 ó 6,4.645842269194753,-74.07866763372347
4,Portal Sur,17,NQS - Calle 38A Sur A - 1,4.593792394355769,-74.1241057911866
4,Héroes,18,Movistar Arena B - 4 ó 6,4.6503464997288,-74.07831921088052
4,Portal Sur,18,G. Santander C - 2 ó 5,4.593631765976351,-74.12943211731208
4,Héroes,19,7 de Agosto A - 4 ó 6,4.65699418966736,-74.07771556289292
4,Portal Sur,19,Alquería A - 1,4.594361655715253,-74.13455146540997
4,Héroes,20,Av. Chile A - 3,4.665728581031054,-74.07497254964609
4,Portal Sur,20,Venecia B - 1,4.595602765948029,-74.14263151658527
4,Héroes,21,NQS - Calle 75 B - 4 ó 6,4.670065571853899,-74.07128862334514
4,Portal Sur,21,Sevillana A - 1,4.595182680892634,-74.14779281588683
4,Héroes,22,Escuela Militar B - 2 ó 5,4.675626900673885,-74.07002816633627
4,Portal Sur,22,Madelena B - 1,4.59630607297383,-74.1568421072268
4,Héroes,23,Polo A - 2 ó 5,4.669452943739475,-74.06378265999004
4,Portal Sur,23,Perdomo B - 1,4.595817910277007,-74.16478452660459
4,Héroes,24,Héroes A - 4 ó 6,4.6676448815056055,-74.06033826477082
4,Portal Sur,24,Portal Sur T2,4.596934159677683,-74.16958279356051
5,Portal Américas,1,Av. Jiménez B - 4 ó 6-T,4.600197181055065,-74.08228755163105
5,Portal Américas,2,Av. Jiménez E - 3,4.602771779980648,-74.07870877170251
5,Portal Américas,3,De la Sabana B - 4,4.605657329040987,-74.08213607214282
5,Av. Jiménez,4,Banderas T6A,4.631236631169111,-74.14585667945973
5,Portal Américas,4,San Façon - Cra. 22 A - 4,4.609543555302575,-74.08653921267504
5,Av. Jiménez,5,Mandalay A - 2 ó 5,4.630660713070713,-74.1408720863745
5,Portal Américas,5,Ricaurte F - 3,4.612397031188412,-74.08974477100422
5,Av. Jiménez,6,Av. Américas - Av. Boyacá B - 2 ó 5-nv,4.630046682618623,-74.13433698208054
5,Portal Américas,6,CDS - Cra. 32 A - 3,4.616020466507358,-74.09380577200541
5,Av. Jiménez,7,Marsella C - 1,4.629635337863965,-74.13083968468698
5,Portal Américas,7,Zona Industrial A - 3,4.620232756085611,-74.09857823528641
5,Av. Jiménez,8,Pradera B - 2,4.628462538437483,-74.11875212368454
5,Portal Américas,8,Cra. 43 B - 4,4.62304989892438,-74.10169378985846
5,Av. Jiménez,9,Distrito Grafiti A - 2 ó 5,4.627774622013719,-74.111162449002
5,Portal Américas,9,Puente Aranda A - 3,4.625676881013787,-74.10465635632896
5,Av. Jiménez,10,Puente Aranda A - 2,4.625539604179983,-74.10454789357584
5,Portal Américas,10,Distrito Grafiti B - 4 ó 6,4.628020110111151,-74.11216279344761
5,Av. Jiménez,11,Cra. 43 B - 1,4.622877895259996,-74.10158582910915
5,Portal Américas,11,Pradera B - 4,4.628640816207268,-74.1189682867558
5,Av. Jiménez,12,Zona Industrial A - 2,4.6200788548225376,-74.09847926754658
5,Portal Américas,12,Marsella C - 4,4.629879781505953,-74.13101067024886
5,Av. Jiménez,13,CDS - Cra. 32 A - 2,4.615812040649144,-74.09368506340606
5,Portal Américas,13,Av. Américas - Av. Boyacá B - 4 ó 6,4.630209924083671,-74.13467935188314
5,Av. Jiménez,14,Ricaurte F - 1,4.612250171557645,-74.08966788734966
5,Portal Américas,14,Mandalay A - 4 ó 6,4.63095593458074,-74.14117103001577
5,Av. Jiménez,15,San Façon - Cra. 22 A - 2,4.609280943998165,-74.08631418370278
5,Portal Américas,15,Banderas T7,4.631481942822097,-74.146748869889
5,Av. Jiménez,16,De la Sabana B - 1,4.605503438161995,-74.08204612429427
5,Portal Américas,16,Tv. 86 B - 4 ó 6,4.6346003835319305,-74.15232544363883
5,Av. Jiménez,17,Av. Jiménez C - 2 ó 5-T,4.600603436584692,-74.0820635451737
5,Portal Américas,17,Biblioteca Tintal A - 4 ó 6.,4.637837350947044,-74.15946560161017
5,Portal Américas,18,Portal Américas T5,4.629491056464193,-74.17297795053351
6,Universidades,1,Portal 80 T-4,4.70950987643846,-74.11085412663051
6,Portal 80,1,Universidades B - 4 ó 6,4.605176272940003,-74.06697431528326
6,Universidades,2,Quirigua A - 2 ó 5,4.706676183532532,-74.10872168092783
6,Portal 80,2,Calle 34 B - 4 ó 6-T,4.619899770406062,-74.07043057497123
6,Universidades,3,Cra. 90 B - 2 ó 5,4.704880925595844,-74.10515105703729
6,Portal 80,3,Av. 39 A - 4 ó 6-T,4.626055537764591,-74.06881059009032
6,Universidades,4,Av. Cali A - 2 ó 5,4.7017612002010924,-74.0994270470382
6,Portal 80,4,Calle 45 C - 3,4.632160449005009,-74.06772017054323
6,Universidades,5,Granja - Cra. 77 A - 2,4.698300264205313,-74.09465611838928
6,Portal 80,5,Marly B - 4 ó 6-T,4.636862645829685,-74.06687879248386
6,Universidades,6,Minuto de Dios A - 2 ó 5,4.696595463842016,-74.09149982216817
6,Portal 80,6,Calle 57 B - 4 ó 6-T,4.645453899097968,-74.06537102177062
6,Universidades,7,Boyacá A - 2 ó 5,4.693247892602133,-74.08648118212086
6,Portal 80,7,Flores B - 4 ó 6,4.655201595426291,-74.06283394509447
6,Universidades,8,Ferias A - 2 ó 5,4.69082451678491,-74.08457727914129
6,Portal 80,8,Calle 76 C - 3,4.663711143286005,-74.06112781753468
6,Universidades,9,Av. 68 A - 2 ó 5,4.685672253413232,-74.08050896435542
6,Portal 80,9,Polo A - 4 ó 6,4.66984639738358,-74.06405450806308
6,Universidades,10,Cra. 53 A - 2 ó 5,4.68160916108052,-74.0772922707953
6,Portal 80,10,Escuela Militar A - 4 ó 6,4.675481741563778,-74.06970380439779
6,Universidades,11,Cra. 47 A - 2 ó 5,4.677329366025294,-74.07268173251451
6,Portal 80,11,Cra. 47 A - 4 ó 6,4.677630994393667,-74.07307299951924
6,Universidades,12,Escuela Militar B - 2 ó 5,4.675626900673885,-74.07002816633627
6,Portal 80,12,Cra. 53 A - 4 ó 6,4.681914320618397,-74.07744861087983
6,Universidades,13,Polo A - 2 ó 5,4.669452943739475,-74.06378265999004
6,Portal 80,13,Av. 68 A - 4 ó 6,4.685964911676091,-74.08062135927099
6,Universidades,14,Calle 76 C - 2,4.6635611849281,-74.06118628565883
6,Portal 80,14,Ferias A - 4 ó 6,4.6911323016623205,-74.0847571904572
6,Universidades,15,Flores A - 2 ó 5,4.65446953436262,-74.0633036981087
6,Portal 80,15,Boyacá A - 4 ó 6,4.693173522761299,-74.08639347551139
6,Universidades,16,Calle 57 B - 2 ó 5-T,4.645273096527527,-74.065452394619
6,Portal 80,16,Minuto de Dios A - 4 ó 6,4.6967949016011366,-74.09173697236892
6,Universidades,17,Marly B - 1 ó 5-T,4.63641958243908,-74.06700558198354
6,Portal 80,17,Granja - Cra. 77 A - 3,4.698427054350067,-74.0947731592756
6,Universidades,18,Calle 45 C - 2,4.632024509382341,-74.06780464864546
6,Portal 80,18,Av. Cali A - 4 ó 6,4.702092068999503,-74.099769240038
6,Universidades,19,Av. 39 A -2 ó 5-T,4.6258667213325655,-74.0688931773758
6,Portal 80,19,Cra. 90 B - 4 ó 6,4.705125689562454,-74.10556547312196
6,Universidades,20,Calle 34 B - 1 ó 5-T,4.619751187745883,-74.07056808886925
6,Portal 80,20,Quirigua A - 4 ó 6,4.706908031162491,-74.10891992377626
6,Universidades,21,Universidades A - 2 ó 5,4.6043538753396485,-74.06754329794401
6,Portal 80,21,Portal 80 T-4,4.70950987643846,-74.11085412663051
7,Polo FINCOMERCIO,1,Portal Suba T2,4.746350260577728,-74.09457577580898
7,Portal suba,1,Polo C - 4 ó 6,4.670889307652272,-74.06493718108635
7,Polo FINCOMERCIO,2,La Campiña A - 2,4.742392651591851,-74.09100146483885
7,Portal suba,2,Escuela Militar A - 4 ó 6,4.675481741563778,-74.06970380439779
7,Polo FINCOMERCIO,3,Suba - Tv. 91 A - 2,4.738660348375128,-74.08680477852582
7,Portal suba,3,San Martín B - 4 ó 6,4.676717306313504,-74.06694346696608
7,Polo FINCOMERCIO,4,21 Ángeles A - 2,4.73526022285404,-74.0807323371285
7,Portal suba,4,Rionegro B - 4,4.680657979372594,-74.06456719208747
7,Polo FINCOMERCIO,5,Gratamira B - 1,4.727681162829363,-74.0747646861104
7,Portal suba,5,Suba - Calle 95 A - 3,4.684572759145038,-74.06312853112662
7,Polo FINCOMERCIO,6,Suba - Av. Boyacá A - 2,4.72094997958441,-74.07481612696222
7,Portal suba,6,Suba - Calle 100 A - 4 ó 6,4.686800391167419,-74.06431322215224
7,Polo FINCOMERCIO,7,Niza - Calle 127 A - 2,4.711640131010069,-74.07227952688092
7,Portal suba,7,Puentelargo A - 3,4.693279906191651,-74.0671378819712
7,Polo FINCOMERCIO,8,Humedal Córdoba A - 2,4.706347005852211,-74.07115956880699
7,Portal suba,8,Av. Suba - Calle 116 B - 4,4.699525058919681,-74.06994247449087
7,Polo FINCOMERCIO,9,Av. Suba - Calle 116 B - 1,4.699371297380463,-74.06995169400237
7,Portal suba,9,Humedal Córdoba A - 3,4.706527903927652,-74.07115031318286
7,Polo FINCOMERCIO,10,Puentelargo B 2 ó 5,4.693659983663278,-74.06746500407117
7,Portal suba,10,Niza - Calle 127 A - 3,4.711811971577564,-74.07226126736916
7,Polo FINCOMERCIO,11,Suba - Calle 100 A - 2 ó 5,4.686549923171999,-74.06424051171092
7,Portal suba,11,Suba - Av. Boyacá A - 3,4.721051720134325,-74.07476049880452
7,Polo FINCOMERCIO,12,Suba - Calle 95 A - 2,4.6843737583577285,-74.06312879601398
7,Portal suba,12,Gratamira B - 4,4.7278619766835215,-74.07469231775522
7,Polo FINCOMERCIO,13,Rionegro A - 2 ó 5,4.680124861416081,-74.06499162464019
7,Portal suba,13,21 Ángeles A - 3,4.73542317405416,-74.08083129985589
7,Polo FINCOMERCIO,14,San Martín B - 1 ó 5,4.6765999069469215,-74.0670878683918
7,Portal suba,14,Suba - Tv. 91 A - 3,4.738841330582132,-74.08685863835773
7,Polo FINCOMERCIO,15,Escuela Militar A - 2 ó 5,4.6752733715497365,-74.06946066433778
7,Portal suba,15,La Campiña A - 3,4.742546497078728,-74.09105536140954
7,Polo FINCOMERCIO,16,Polo A - 2 ó 5,4.669452943739475,-74.06378265999004
7,Portal suba,16,Portal Suba T2,4.746350260577728,-74.09457577580898
8,Guatoque,1,Terminal A - 1,4.768831956254398,-74.0437289837137
8,Guatoque,2,Calle 187 A - 1,4.763252186383277,-74.04463834113709
8,Guatoque,3,Portal Norte T5B,4.754144111384893,-74.0463065682634
8,Guatoque,4,Toberín D - 2,4.74756713287892,-74.04708936987588
8,Guatoque,5,Calle 161 A - 2,4.742758216760854,-74.04788523192398
8,Guatoque,6,Mazurén B - 2,4.735868628438988,-74.0490217838364
8,Guatoque,7,Calle 146 C - 1,4.731346935632003,-74.04977628872975
8,Guatoque,8,Calle 142 A - 2,4.727449226974589,-74.0504217367804
8,Guatoque,9,Alcalá A - 2 ó 5,4.720277839765603,-74.05163962413236
8,Guatoque,10,Prado B - 1,4.714453884948113,-74.05261222015808
8,Guatoque,11,Calle 127 A - 2 ó 5,4.704126314551956,-74.05434819337762
8,Guatoque,12,Pepe Sierra A - 2 ó 5,4.697587911143484,-74.05543888294193
8,Terminal,12,Héroes C - 4,4.668874789987588,-74.06012927745296
8,Guatoque,13,Calle 106 A - 2 ó 5,4.693690168654378,-74.05607521608145
8,Terminal,13,Calle 85 B - 4 ó 6,4.671778357001602,-74.05972406027028
8,Guatoque,14,Calle 100 B - 2 ó 5,4.68368815148622,-74.05777452982296
8,Terminal,14,Virrey C - 4 ó 6,4.676643203399243,-74.05888382562587
8,Guatoque,15,Virrey B - 2 ó 5,4.675802227970942,-74.05907427042041
8,Terminal,15,Calle 100 C - 3,4.684520092305998,-74.05759310707666
8,Guatoque,16,Calle 85 B - 1,4.6715879764960695,-74.05978308420151
8,Terminal,16,Calle 106 B - 4 ó 6,4.692243186058402,-74.05629353340403
8,Guatoque,17,Héroes B - 2,4.668061094658749,-74.06042786360786
8,Terminal,17,Pepe Sierra B - 4 ó 6,4.6984198130921895,-74.05523040382724
8,Guatoque,18,Calle 76 C - 2,4.6635611849281,-74.06118628565883
8,Terminal,18,Calle 127 B - 4 ó 6,4.7049417212248335,-74.0541564915934
8,Guatoque,19,Flores A - 2 ó 5,4.65446953436262,-74.0633036981087
8,Terminal,19,Prado B - 4,4.714607547029557,-74.05253086952473
8,Guatoque,20,Calle 57 B - 2 ó 5-T,4.645273096527527,-74.065452394619
8,Terminal,20,Alcalá B - 4 ó 6,4.7212634857654505,-74.05141288790148
8,Guatoque,21,Marly A - 2 ó 5-T,4.635840812481861,-74.06711451954727
8,Terminal,21,Calle 142 B - 4,4.726273566023294,-74.05060365683178
8,Guatoque,22,Calle 45 C - 2,4.632024509382341,-74.06780464864546
8,Terminal,22,Calle 146 B - 3 ó 6,4.73099416334426,-74.04977676976344
8,Guatoque,23,Av. 39 A -2 ó 5-T,4.6258667213325655,-74.0688931773758
8,Terminal,23,Mazurén A - 3 ó 6,4.734050866638669,-74.04929474862558
8,Guatoque,24,Calle 26 B - 1 ó 5.,4.61692884259693,-74.07206010556196
8,Terminal,24,Calle 161 B - 4,4.741108206899739,-74.04813955129838
8,Guatoque,25,Calle 22 A - 2 ó 5-T,4.609197819573274,-74.07600779230908
8,Terminal,25,Toberín B - 4 ó 6,4.745590150127629,-74.04732245722568
8,Guatoque,26,Av. Jiménez C - 2 ó 5-T,4.600603436584692,-74.0820635451737
8,Terminal,26,Portal Norte T2B,4.755131304122354,-74.04576441056781
8,Guatoque,27,Tygua - San José B - 4 ó 6,4.600076007662381,-74.08902125187542
8,Terminal,27,Calle 187 A - 3,4.763170301544689,-74.04429582951082
8,Guatoque,28,Guatoque - Veraguas A - 3 ó 6,4.603990776024184,-74.09456020377412
8,Terminal,28,Terminal A - 3,4.76874108780456,-74.04343156462427
A52,Flores,1,Portal Sur T7,4.597583567325254,-74.16887167740586
A52,Flores,2,Perdomo B - 3,4.595736308201025,-74.16462235899884
A52,Flores,3,Madelena B - 3,4.596242571394136,-74.15668893405159
A52,Flores,4,Venecia B - 3,4.5955562424768335,-74.14249182195125
A52,Flores,5,Alquería A - 3,4.594271012711683,-74.13439832820795
A52,Flores,6,G. Santander A - 3 ó 6,4.593650550860164,-74.13105334015351
A52,Flores,7,NQS - Calle 30 Sur B - 3,4.594793349231611,-74.11775695578095
A52,Flores,8,Santa Isabel A - 4 ó 6,4.601360113670943,-74.10297405999137
A52,Flores,9,Calle 76 C - 2,4.6635611849281,-74.06118628565883
A52,Flores,10,Flores B - 2 ó 5,4.654921485183835,-74.0630596929937
A60,Calle 76,1,Portal Américas T2 A,4.629142813488206,-74.17272388368598
A60,Calle 76,2,Tv. 86 B - 2 ó 5,4.634202274352688,-74.15224478253808
A60,Calle 76,3,Banderas T6B,4.631240775636527,-74.14599962643136
A60,Calle 76,4,Distrito Grafiti B - 2 ó 5,4.627820710350728,-74.11184752149202
A60,Calle 76,5,Cra. 43 A - 2 ó 5,4.622524659339478,-74.101225682957
A60,Calle 76,6,Ricaurte D - 2 ó 5,4.613029890914125,-74.09051725619697
A60,Calle 76,7,De la Sabana A - 2 ó 5,4.60515919478993,-74.08164992724424
A60,Calle 76,8,Av. 39 A - 4 ó 6-T,4.626055537764591,-74.06881059009032
A60,Calle 76,9,Calle 45 B - 4 ó 6,4.631651277006926,-74.06781507282653
A60,Calle 76,10,Marly A - 3 ó 6-T,4.636030661108291,-74.06703313678013
A60,Calle 76,11,Calle 76 B - 3,4.663041921588023,-74.06123688847443
A60,Calle 76,12,Calle 76 B - 4 ó 6,4.663213737714163,-74.0612005995889
A61,Polo,1,Portal Américas T2 B,4.62919866349058,-74.17269754524642
A61,Polo,2,Biblioteca Tintal B - 2 ó 5.,4.638682478228063,-74.15844107997906
A61,Polo,3,Banderas T6A,4.631236631169111,-74.14585667945973
A61,Polo,4,Marsella B - 2 ó 5,4.6295802216819615,-74.13015461680797
A61,Polo,5,Zona Industrial A - 2,4.6200788548225376,-74.09847926754658
A61,Polo,6,Calle 22 A - 4 ó 6-T,4.609349848479991,-74.07586886206866
A61,Polo,7,Calle 34 B - 4 ó 6-T,4.619899770406062,-74.07043057497123
A61,Polo,8,Calle 57 B - 4 ó 6-T,4.645453899097968,-74.06537102177062
A61,Polo,9,Flores A - 4 ó 6,4.654740587233047,-74.06306894736096
A61,Polo,10,Polo C - 4 ó 6,4.670889307652272,-74.06493718108635
B10,Portal Norte,1,Portal 80 T-2,4.709744266506819,-74.11104483764974
B10,Portal Norte,2,Cra. 90 A - 2 ó 5,4.704617815169032,-74.10453831641144
B10,Portal Norte,3,Av. Cali B - 2 ó 5,4.702296439039023,-74.10011452584821
B10,Portal Norte,4,Granja - Cra. 77 D - 2 ó 5,4.699687113550314,-74.09687220259106
B10,Portal Norte,5,Boyacá B - 2 ó 5,4.693794667762321,-74.08702566537718
B10,Portal Norte,6,Av. 68 A - 2 ó 5,4.685672253413232,-74.08050896435542
B10,Portal Norte,7,Cra. 53 A - 2 ó 5,4.68160916108052,-74.0772922707953
B10,Portal Norte,8,Cra. 47 B - 2 ó 5,4.677851083574491,-74.07351076815522
B10,Portal Norte,9,Calle 85 A - 4 ó 6,4.67124426015592,-74.05979255735767
B10,Portal Norte,10,Calle 100 B - 4 ó 6,4.684013655003264,-74.05767492418602
B10,Portal Norte,11,Alcalá C - 4 ó 6,4.721905564764394,-74.05130382461363
B10,Portal Norte,12,Calle 146 A - 4 ó 6,4.730381422910457,-74.04990072137228
B10,Portal Norte,13,Mazurén A - 3 ó 6,4.734050866638669,-74.04929474862558
B10,Portal Norte,14,Toberín B - 4 ó 6,4.745590150127629,-74.04732245722568
B10,Portal Norte,15,Portal Norte T1,4.754123559276055,-74.0460009007484
B11,Terminal,1,Portal Sur T5,4.597285051168999,-74.16956231938421
B11,Terminal,2,Madelena A - 4 ó 6,4.596197950661392,-74.15720281737384
B11,Terminal,3,Alquería B - 4 ó 6,4.594170885947602,-74.13388462257328
B11,Terminal,4,NQS - Calle 30 Sur A - 4 ó 6,4.594685426118681,-74.11826189855356
B11,Terminal,5,Santa Isabel A - 4 ó 6,4.601360113670943,-74.10297405999137
B11,Terminal,6,Ricaurte A - 4 ó 6,4.611128285388184,-74.09429963848969
B11,Terminal,7,Paloquemao B - 4 ó 6,4.6171058889546135,-74.08937191580938
B11,Terminal,8,Campín-UAN B - 4 ó 6,4.645842269194753,-74.07866763372347
B11,Terminal,9,Escuela Militar A - 2 ó 5,4.6752733715497365,-74.06946066433778
B11,Terminal,10,Héroes B - 4 ó 6,4.668350272533319,-74.06022012803912
B11,Terminal,11,Calle 85 C - 4 ó 6,4.673233891826492,-74.05951043170951
B11,Terminal,12,Virrey A - 4 ó 6,4.675193996536042,-74.05913516150264
B11,Terminal,13,Calle 106 A - 4 ó 6,4.691727728290211,-74.05639339663696
B11,Terminal,14,Calle 146 A - 4 ó 6,4.730381422910457,-74.04990072137228
B11,Terminal,15,Toberín A - 4 ó 6-nw,4.744803408942397,-74.04747681150266
B11,Terminal,16,Calle 187 A - 4 ó 6,4.763342139471522,-74.04427755935843
B11,Terminal,17,Terminal A - 4 ó 6,4.768903867635079,-74.04340428986107
B12,P. Norte,1,G. Santander C - 4 ó 6,4.593486583674644,-74.129062699791
B12,P. Norte,1,Portal Sur T6,4.597356546085456,-74.17019443936113
B12,P. Norte,2,Comuneros B - 4 ó 6,4.604548908921148,-74.09956256732251
B12,P. Norte,2,Perdomo A - 3 ó 6,4.595745977293628,-74.16515420850475
B12,P. Norte,3,Ricaurte A - 4 ó 6,4.611128285388184,-74.09429963848969
B12,P. Norte,3,G. Santander C - 4 ó 6,4.593486583674644,-74.129062699791
B12,P. Norte,4,Av. El Dorado A - 3 ó 6,4.629957123318237,-74.07996185078647
B12,P. Norte,4,Comuneros B - 4 ó 6,4.604548908921148,-74.09956256732251
B12,P. Norte,5,U. Nacional A - 4 ó 6,4.63634660455689,-74.07935346355062
B12,P. Norte,5,Ricaurte A - 4 ó 6,4.611128285388184,-74.09429963848969
B12,P. Norte,6,7 de Agosto A - 4 ó 6,4.65699418966736,-74.07771556289292
B12,P. Norte,6,Av. El Dorado A - 3 ó 6,4.629957123318237,-74.07996185078647
B12,P. Norte,7,NQS - Calle 75 A - 4 ó 6,4.669551575067476,-74.07173125473453
B12,P. Norte,7,U. Nacional A - 4 ó 6,4.63634660455689,-74.07935346355062
B12,P. Norte,8,Castellana B - 4 ó 6,4.676251051764331,-74.06324778270191
B12,P. Norte,8,7 de Agosto A - 4 ó 6,4.65699418966736,-74.07771556289292
B12,P. Norte,9,Calle 100 A - 4 ó 6,4.6833625143277935,-74.05777496566321
B12,P. Norte,9,NQS - Calle 75 A - 4 ó 6,4.669551575067476,-74.07173125473453
B12,P. Norte,10,Calle 127 A - 4 ó 6,4.704433737808794,-74.05425762155058
B12,P. Norte,10,Castellana B - 4 ó 6,4.676251051764331,-74.06324778270191
B12,P. Norte,11,Prado C - 4 ó 6,4.715104936365907,-74.05244905308078
B12,P. Norte,11,Calle 100 A - 4 ó 6,4.6833625143277935,-74.05777496566321
B12,P. Norte,12,Calle 142 A - 4 ó 6,4.72576714449264,-74.0506945057098
B12,P. Norte,12,Calle 127 A - 4 ó 6,4.704433737808794,-74.05425762155058
B12,P. Norte,13,Toberín A - 4 ó 6-nw,4.744803408942397,-74.04747681150266
B12,P. Norte,13,Prado C - 4 ó 6,4.715104936365907,-74.05244905308078
B12,P. Norte,14,Portal Norte T4,4.7551737125181255,-74.04613533881572
B12,P. Norte,14,Calle 142 A - 4 ó 6,4.72576714449264,-74.0506945057098
B12,P. Norte,15,Toberín A - 4 ó 6-nw,4.744803408942397,-74.04747681150266
B12,P. Norte,16,Portal Norte T4,4.7551737125181255,-74.04613533881572
B13,Portal Norte,1,Portal Tunal T1,4.567917168293446,-74.13946634715627
B13,Portal Norte,2,Biblioteca A - 4 ó 6,4.570204465675095,-74.13029877563561
B13,Portal Norte,3,Calle 40 S. B - 4 ó 6,4.575818087779683,-74.119826464979
B13,Portal Norte,4,Quiroga A - 3,4.5767432508620605,-74.11452496234341
B13,Portal Norte,5,Restrepo B - 4 ó 6,4.581991627563438,-74.10111982933454
B13,Portal Norte,6,Hortúa B - 4,4.590950421674349,-74.09013258834065
B13,Portal Norte,7,Calle 22 A - 4 ó 6-T,4.609349848479991,-74.07586886206866
B13,Portal Norte,8,Flores B - 4 ó 6,4.655201595426291,-74.06283394509447
B13,Portal Norte,9,Calle 76 A - 4 ó 6,4.662527441784389,-74.06131968032653
B13,Portal Norte,10,Calle 85 B - 4 ó 6,4.671778357001602,-74.05972406027028
B13,Portal Norte,11,Calle 106 B - 4 ó 6,4.692243186058402,-74.05629353340403
B13,Portal Norte,12,Calle 127 B - 4 ó 6,4.7049417212248335,-74.0541564915934
B13,Portal Norte,13,Calle 142 B - 4,4.726273566023294,-74.05060365683178
B13,Portal Norte,14,Calle 146 C - 4,4.731509642226911,-74.04969492248817
B13,Portal Norte,15,Mazurén B - 4,4.734566332884434,-74.04920388413062
B13,Portal Norte,16,Calle 161 B - 4,4.741108206899739,-74.04813955129838
B13,Portal Norte,17,Portal Norte T5A,4.753855003794234,-74.04636097361029
B16,Terminal,1,Portal Eldorado T-2,4.681971239922844,-74.1215250927344
B16,Terminal,2,Modelia B -1 ó 5,4.67525396003637,-74.11736866985662
B16,Terminal,3,Av. Rojas A - 2 ó 5,4.661351064952315,-74.10848823761563
B16,Terminal,4,El Tiempo - Maloka B - 1 ó 5,4.657283814331424,-74.10586062104693
B16,Terminal,5,Salitre - El Greco A - 2 ó 5,4.650575523805934,-74.10155083607462
B16,Terminal,6,CAN B - 1 ó 5,4.647044864086693,-74.0993015371845
B16,Terminal,7,Quinta Paredes A - 2 ó 5-nw,4.637240410272162,-74.09300350479431
B16,Terminal,8,Corferias B - 1 ó 5,4.634396285479752,-74.09004122865713
B16,Terminal,9,Av. El Dorado A - 3 ó 6,4.629957123318237,-74.07996185078647
B16,Terminal,10,Av. Chile B - 4 ó 6,4.666234536253368,-74.07452112405123
B16,Terminal,11,Pepe Sierra A - 4 ó 6,4.6979223979695846,-74.05529418282579
B16,Terminal,12,Alcalá C - 4 ó 6,4.721905564764394,-74.05130382461363
B16,Terminal,13,Mazurén A - 3 ó 6,4.734050866638669,-74.04929474862558
B16,Terminal,14,Toberín C - 4 ó 6,4.746413110264249,-74.04719510142586
B16,Terminal,15,Calle 187 A - 4 ó 6,4.763342139471522,-74.04427755935843
B16,Terminal,16,Terminal A - 4 ó 6,4.768903867635079,-74.04340428986107
B18,Terminal,3,Av. 1 de Mayo B - 4 ó 6,4.577087853361643,-74.09354846892101
B18,Terminal,4,San Bernardo A - 3 ó 6,4.58997529063478,-74.08446380887756
B18,Terminal,5,Bicentenario C - 4 ó 6,4.594141784368102,-74.08172714143822
B18,Terminal,6,Av. Jiménez C - 4 ó 6-T,4.600736253743752,-74.08191701639926
B18,Terminal,7,Calle 34 A -  3 ó 6-T,4.61931475887683,-74.07074782350942
B18,Terminal,8,Calle 45 B - 4 ó 6,4.631651277006926,-74.06781507282653
B18,Terminal,9,Calle 76 A - 4 ó 6,4.662527441784389,-74.06131968032653
B18,Terminal,10,Virrey B - 4 ó 6,4.676127732091855,-74.05897466719348
B18,Terminal,11,Pepe Sierra A - 4 ó 6,4.6979223979695846,-74.05529418282579
B18,Terminal,12,Calle 127 A - 4 ó 6,4.704433737808794,-74.05425762155058
B18,Terminal,13,Alcalá A - 4 ó 6,4.7205942456967485,-74.05150395595089
B18,Terminal,14,Calle 187 A - 4 ó 6,4.763342139471522,-74.04427755935843
B18,Terminal,15,Terminal A - 4 ó 6,4.768903867635079,-74.04340428986107
B23,Alcalá,1,Portal Eldorado T-3B,4.682363018128492,-74.1218189373036
B23,Alcalá,2,Av. Rojas A - 2 ó 5,4.661351064952315,-74.10848823761563
B23,Alcalá,3,El Tiempo - Maloka B - 1 ó 5,4.657283814331424,-74.10586062104693
B23,Alcalá,4,Salitre - El Greco A - 2 ó 5,4.650575523805934,-74.10155083607462
B23,Alcalá,5,CAN B - 1 ó 5,4.647044864086693,-74.0993015371845
B23,Alcalá,6,Gobernación B - 1 ó 5,4.643079655190487,-74.09677334541563
B23,Alcalá,7,Ciudad Universitaria B - 2 ó 5,4.63109554890156,-74.08373505422946
B23,Alcalá,8,Concejo de Bogotá B - 2 ó 5,4.6261162257922575,-74.08045106609191
B23,Alcalá,9,Calle 34 A -  3 ó 6-T,4.61931475887683,-74.07074782350942
B23,Alcalá,10,Marly A - 3 ó 6-T,4.636030661108291,-74.06703313678013
B23,Alcalá,11,Calle 57 A - 4 ó 6-T,4.6448027660351165,-74.0654800587428
B23,Alcalá,12,Calle 85 B - 4 ó 6,4.671778357001602,-74.05972406027028
B23,Alcalá,13,Calle 127 B - 4 ó 6,4.7049417212248335,-74.0541564915934
B23,Alcalá,14,Prado A - 3,4.714164442677318,-74.05262162807314
B23,Alcalá,15,Alcalá B - 4 ó 6,4.7212634857654505,-74.05141288790148
B26,Alcalá,1,Portal Américas T8,4.629758410886216,-74.17313786035842
B26,Alcalá,2,Biblioteca Tintal A  - 2 ó 5.,4.638113120264635,-74.15909375381811
B26,Alcalá,3,Tv. 86 B - 2 ó 5,4.634202274352688,-74.15224478253808
B26,Alcalá,4,Banderas T8,4.63129165649704,-74.14647864807185
B26,Alcalá,5,Mandalay B - 2,4.630752002017081,-74.1415571144187
B26,Alcalá,6,Av. Américas - Av. Boyacá B - 2 ó 5-nv,4.630046682618623,-74.13433698208054
B26,Alcalá,7,Héroes B - 4 ó 6,4.668350272533319,-74.06022012803912
B26,Alcalá,8,Calle 85 A - 4 ó 6,4.67124426015592,-74.05979255735767
B26,Alcalá,9,Virrey B - 4 ó 6,4.676127732091855,-74.05897466719348
B26,Alcalá,10,Calle 100 C - 4 ó 6,4.684682874414039,-74.05756584273978
B26,Alcalá,11,Calle 127 A - 4 ó 6,4.704433737808794,-74.05425762155058
B26,Alcalá,12,Alcalá B - 4 ó 6,4.7212634857654505,-74.05141288790148
B27,Portal Norte,1,Portal Tunal T2,4.568343961584406,-74.13932841456305
B27,Portal Norte,2,Calle 40 S. B - 4 ó 6,4.575818087779683,-74.119826464979
B27,Portal Norte,3,Av. Jiménez C - 4 ó 6-T,4.600736253743752,-74.08191701639926
B27,Portal Norte,4,Calle 26 B - 4 ó 6.,4.617096002614825,-74.07189981549918
B27,Portal Norte,5,Calle 34 A -  3 ó 6-T,4.61931475887683,-74.07074782350942
B27,Portal Norte,6,Héroes B - 4 ó 6,4.668350272533319,-74.06022012803912
B27,Portal Norte,7,Calle 85 C - 4 ó 6,4.673233891826492,-74.05951043170951
B27,Portal Norte,8,Virrey A - 4 ó 6,4.675193996536042,-74.05913516150264
B27,Portal Norte,9,Calle 100 C - 4 ó 6,4.684682874414039,-74.05756584273978
B27,Portal Norte,10,Toberín A - 4 ó 6-nw,4.744803408942397,-74.04747681150266
B27,Portal Norte,11,Portal Norte T5A,4.753855003794234,-74.04636097361029
B28,Portal Norte,1,Portal Américas T9,4.630047190393951,-74.1725515474807
B28,Portal Norte,2,Biblioteca Tintal A  - 2 ó 5.,4.638113120264635,-74.15909375381811
B28,Portal Norte,3,Banderas T8,4.63129165649704,-74.14647864807185
B28,Portal Norte,4,Marsella A - 2 ó 5,4.629516070279247,-74.12947857513382
B28,Portal Norte,5,Zona Industrial B - 2 ó 5,4.620441160176218,-74.09885742910468
B28,Portal Norte,6,CDS - Cra. 32 B - 2 ó 5,4.616232237311505,-74.09409820486417
B28,Portal Norte,7,Castellana A - 3 ó 6,4.675980265585666,-74.06368087979745
B28,Portal Norte,8,Calle 106 A - 4 ó 6,4.691727728290211,-74.05639339663696
B28,Portal Norte,9,Pepe Sierra A - 4 ó 6,4.6979223979695846,-74.05529418282579
B28,Portal Norte,10,Prado C - 4 ó 6,4.715104936365907,-74.05244905308078
B28,Portal Norte,11,Calle 146 B - 3 ó 6,4.73099416334426,-74.04977676976344
B28,Portal Norte,12,Calle 161 A - 3 ó 6,4.740571936284046,-74.04822755910459
B28,Portal Norte,13,Portal Norte T2A,4.755338556526857,-74.0457312652779
B46,Portal Norte,1,San Mateo B - 4 ó 6,4.586001857680394,-74.20535130459116
B46,Portal Norte,2,Terreros C - 4 ó 6,4.589441502852481,-74.19855101002409
B46,Portal Norte,3,León XIII B - 3 ó 6,4.592303855482743,-74.19281794508
B46,Portal Norte,4,La Despensa A - 3 ó 6,4.594460960296369,-74.18834337085049
B46,Portal Norte,5,Bosa B - 4 ó 6,4.596840549027372,-74.18076625877313
B46,Portal Norte,6,Calle 100 A - 4 ó 6,4.6833625143277935,-74.05777496566321
B46,Portal Norte,7,Alcalá A - 4 ó 6,4.7205942456967485,-74.05150395595089
B46,Portal Norte,8,Toberín C - 4 ó 6,4.746413110264249,-74.04719510142586
B46,Portal Norte,9,Portal Norte T4,4.7551737125181255,-74.04613533881572
B50,Calle 161,1,Portal Suba T8,4.746276925795436,-74.09383653113628
B50,Calle 161,2,La Campiña A - 2,4.742392651591851,-74.09100146483885
B50,Calle 161,3,Suba - Tv. 91 A - 2,4.738660348375128,-74.08680477852582
B50,Calle 161,4,21 Ángeles A - 2,4.73526022285404,-74.0807323371285
B50,Calle 161,5,Av. Suba - Calle 116 B - 1,4.699371297380463,-74.06995169400237
B50,Calle 161,6,Puentelargo A - 2,4.6930766351361175,-74.06710349510173
B50,Calle 161,7,Rionegro B - 1,4.680567717236974,-74.06471155872019
B50,Calle 161,8,Escuela Militar A - 2 ó 5,4.6752733715497365,-74.06946066433778
B50,Calle 161,9,Héroes C - 4,4.668874789987588,-74.06012927745296
B50,Calle 161,10,Calle 85 C - 3,4.67307110941,-74.05953769463831
B50,Calle 161,11,Virrey C - 4 ó 6,4.676643203399243,-74.05888382562587
B50,Calle 161,12,Calle 142 B - 4,4.726273566023294,-74.05060365683178
B50,Calle 161,13,Calle 161 A - 3 ó 6,4.740571936284046,-74.04822755910459
B55,Toberín,1,Portal 80 T-2,4.709744266506819,-74.11104483764974
B55,Toberín,2,Quirigua A - 2 ó 5,4.706676183532532,-74.10872168092783
B55,Toberín,3,Av. Cali B - 2 ó 5,4.702296439039023,-74.10011452584821
B55,Toberín,4,Granja - Cra. 77 B - 1,4.69853601084853,-74.09508856926182
B55,Toberín,5,Minuto de Dios B - 2 ó 5,4.696931965850589,-74.09206086441888
B55,Toberín,6,Ferias A - 2 ó 5,4.69082451678491,-74.08457727914129
B55,Toberín,7,Polo C - 2 ó 5,4.670626812502079,-74.06479686570215
B55,Toberín,8,Héroes C - 4,4.668874789987588,-74.06012927745296
B55,Toberín,9,Virrey C - 4 ó 6,4.676643203399243,-74.05888382562587
B55,Toberín,10,Calle 106 B - 4 ó 6,4.692243186058402,-74.05629353340403
B55,Toberín,11,Pepe Sierra B - 4 ó 6,4.6984198130921895,-74.05523040382724
B55,Toberín,12,Prado A - 3,4.714164442677318,-74.05262162807314
B55,Toberín,13,Calle 142 B - 4,4.726273566023294,-74.05060365683178
B55,Toberín,14,Calle 161 A - 3 ó 6,4.740571936284046,-74.04822755910459
B55,Toberín,15,Toberín A - 4 ó 6-nw,4.744803408942397,-74.04747681150266
B72,Toberín,1,Portal Usme T5,4.531728077526245,-74.11942410309422
B72,Toberín,2,Molinos A - 4 ó 6,4.556820073395678,-74.12172309775303
B72,Toberín,3,Socorro A - 3 ó 6,4.564581252437916,-74.12550102737718
B72,Toberín,4,Olaya B - 4,4.578923242252794,-74.10723876763181
B72,Toberín,5,Fucha A - 3 ó 6,4.582740133558555,-74.09973415215156
B72,Toberín,6,Nariño A - 3,4.586115997180124,-74.0940418990865
B72,Toberín,7,Tygua - San José A - 3 ó 6,4.5997226186151385,-74.0885439347036
B72,Toberín,8,Paloquemao B - 4 ó 6,4.6171058889546135,-74.08937191580938
B72,Toberín,9,Movistar Arena B - 4 ó 6,4.6503464997288,-74.07831921088052
B72,Toberín,10,Av. Chile A - 3,4.665728581031054,-74.07497254964609
B72,Toberín,11,Castellana B - 4 ó 6,4.676251051764331,-74.06324778270191
B72,Toberín,12,Pepe Sierra B - 4 ó 6,4.6984198130921895,-74.05523040382724
B72,Toberín,13,Alcalá C - 4 ó 6,4.721905564764394,-74.05130382461363
B72,Toberín,14,Mazurén B - 4,4.734566332884434,-74.04920388413062
B72,Toberín,15,Toberín B - 4 ó 6,4.745590150127629,-74.04732245722568
B74,Portal Norte,1,Universidades B - 4 ó 6,4.605176272940003,-74.06697431528326
B74,Portal Norte,2,Av. 39 A - 4 ó 6-T,4.626055537764591,-74.06881059009032
B74,Portal Norte,3,Calle 45 C - 3,4.632160449005009,-74.06772017054323
B74,Portal Norte,4,Calle 57 A - 4 ó 6-T,4.6448027660351165,-74.0654800587428
B74,Portal Norte,5,Héroes C - 4,4.668874789987588,-74.06012927745296
B74,Portal Norte,6,Virrey B - 4 ó 6,4.676127732091855,-74.05897466719348
B74,Portal Norte,7,Prado A - 3,4.714164442677318,-74.05262162807314
B74,Portal Norte,8,Calle 142 B - 4,4.726273566023294,-74.05060365683178
B74,Portal Norte,9,Calle 146 C - 4,4.731509642226911,-74.04969492248817
B74,Portal Norte,10,Mazurén B - 4,4.734566332884434,-74.04920388413062
B74,Portal Norte,11,Toberín C - 4 ó 6,4.746413110264249,-74.04719510142586
B74,Portal Norte,12,Portal Norte T1,4.754123559276055,-74.0460009007484
B75,Portal Norte,1,Portal Usme T6,4.531283969732928,-74.11942545831441
B75,Portal Norte,2,Danubio B - 4 ó 6,4.546918532492432,-74.12096134254351
B75,Portal Norte,3,Molinos B - 4 ó 6.,4.557323991393257,-74.12202800789157
B75,Portal Norte,4,Consuelo A - 3 ó 6,4.5599647729532125,-74.1237404383558
B75,Portal Norte,5,Socorro B - 4 ó 6,4.564954171639019,-74.1257583915706
B75,Portal Norte,6,Santa Lucía A - 4 ó 6,4.570749501366515,-74.12475439249359
B75,Portal Norte,7,Fucha B - 3 ó 6,4.583001865486014,-74.09926508240292
B75,Portal Norte,8,Nariño B - 4 ó 6,4.586549705205074,-74.09366275177459
B75,Portal Norte,9,Hortúa A - 3 ó 6-NW,4.590643205226275,-74.090394393582
B75,Portal Norte,10,Av. Jiménez C - 4 ó 6-T,4.600736253743752,-74.08191701639926
B75,Portal Norte,11,Marly A - 3 ó 6-T,4.636030661108291,-74.06703313678013
B75,Portal Norte,12,Calle 57 A - 4 ó 6-T,4.6448027660351165,-74.0654800587428
B75,Portal Norte,13,Calle 76 A - 4 ó 6,4.662527441784389,-74.06131968032653
B75,Portal Norte,14,Héroes A - 4 ó 6,4.6676448815056055,-74.06033826477082
B75,Portal Norte,15,Calle 100 B - 4 ó 6,4.684013655003264,-74.05767492418602
B75,Portal Norte,16,Prado C - 4 ó 6,4.715104936365907,-74.05244905308078
B75,Portal Norte,17,Calle 142 A - 4 ó 6,4.72576714449264,-74.0506945057098
B75,Portal Norte,18,Calle 146 A - 4 ó 6,4.730381422910457,-74.04990072137228
B75,Portal Norte,19,Toberín C - 4 ó 6,4.746413110264249,-74.04719510142586
B75,Portal Norte,20,Portal Norte T5B,4.754144111384893,-74.0463065682634
C15,Portal Suba,1,Portal Tunal T6,4.571462314178586,-74.13963031867758
C15,Portal Suba,2,Parque A - 4 ó 6,4.568247636436211,-74.1353310407524
C15,Portal Suba,3,Calle 40 S. A - 4 ó 6,4.5756650540773816,-74.12043060547498
C15,Portal Suba,4,Olaya A - 3 ó 6-nw,4.578724902106062,-74.10777085369206
C15,Portal Suba,5,Nariño B - 4 ó 6,4.586549705205074,-74.09366275177459
C15,Portal Suba,6,Av. Jiménez A - 4 ó 6-T,4.599690704886349,-74.08264138586188
C15,Portal Suba,7,Calle 22 B - 4 ó 6-T,4.60992815703938,-74.07556909318352
C15,Portal Suba,8,Calle 45 B - 4 ó 6,4.631651277006926,-74.06781507282653
C15,Portal Suba,9,Marly B - 4 ó 6-T,4.636862645829685,-74.06687879248386
C15,Portal Suba,10,Calle 57 B - 4 ó 6-T,4.645453899097968,-74.06537102177062
C15,Portal Suba,11,Calle 76 B - 4 ó 6,4.663213737714163,-74.0612005995889
C15,Portal Suba,12,Rionegro A - 3 ó 6,4.680217552061133,-74.06489414837652
C15,Portal Suba,13,Av. Suba - Calle 116 A - 3 ó 6,4.699027351668606,-74.06978986780584
C15,Portal Suba,14,Humedal Córdoba B - 4 ó 6,4.707025563159637,-74.07126685842059
C15,Portal Suba,15,Niza - Calle 127 B - 4 ó 6,4.712309642911434,-74.0723868294091
C15,Portal Suba,16,Gratamira A - 3 ó 6,4.7273011912438925,-74.07472010995997
C15,Portal Suba,17,Suba - Tv. 91 C - 4 ó 6,4.739802666267366,-74.08783898394339
C15,Portal Suba,18,Campiña C - 4 ó 6,4.743479647214415,-74.0921631463428
C15,Portal Suba,19,Portal Suba T1,4.745707730476525,-74.09435120482338
C17,Portal Suba,1,Portal Usme T4,4.532299742455833,-74.11948904730554
C17,Portal Suba,2,Danubio A - 3 ó 6,4.546023011054921,-74.12096242787302
C17,Portal Suba,3,Consuelo B - 4,4.560382101887167,-74.12390160678157
C17,Portal Suba,4,Socorro A - 3 ó 6,4.564581252437916,-74.12550102737718
C17,Portal Suba,5,Santa Lucía A - 4 ó 6,4.570749501366515,-74.12475439249359
C17,Portal Suba,6,Quiroga B - 4 ó 6,4.576860208201006,-74.11401100729444
C17,Portal Suba,7,Restrepo B - 4 ó 6,4.581991627563438,-74.10111982933454
C17,Portal Suba,8,Hortúa B - 4,4.590950421674349,-74.09013258834065
C17,Portal Suba,9,Guatoque - Veraguas A - 3 ó 6,4.603990776024184,-74.09456020377412
C17,Portal Suba,10,Paloquemao A - 4 ó 6,4.61660330520271,-74.08980251549205
C17,Portal Suba,11,Av. El Dorado B - 4 ó 6,4.630656305964355,-74.07984121253254
C17,Portal Suba,12,U. Nacional A - 4 ó 6,4.63634660455689,-74.07935346355062
C17,Portal Suba,13,7 de Agosto B - 3,4.657464439239503,-74.07762479868643
C17,Portal Suba,14,San Martín A - 3 ó 6,4.676265403460472,-74.06722354161545
C17,Portal Suba,15,Suba - Calle 95 A - 3,4.684572759145038,-74.06312853112662
C17,Portal Suba,16,Suba - Calle 100 A - 4 ó 6,4.686800391167419,-74.06431322215224
C17,Portal Suba,17,Puentelargo A - 3,4.693279906191651,-74.0671378819712
C17,Portal Suba,18,Av. Suba - Calle 116 B - 4,4.699525058919681,-74.06994247449087
C17,Portal Suba,19,Niza - Calle 127 A - 3,4.711811971577564,-74.07226126736916
C17,Portal Suba,20,Suba - Tv. 91 A - 3,4.738841330582132,-74.08685863835773
C17,Portal Suba,21,La Campiña A - 3,4.742546497078728,-74.09105536140954
C17,Portal Suba,22,Portal Suba T6,4.7475406184269415,-74.09414854109956
C19,P.SUBA,1,Banderas T2,4.6310992236932105,-74.14443247592219
C19,P.SUBA,2,Mandalay B - 2,4.630752002017081,-74.1415571144187
C19,P.SUBA,3,Marsella B - 2 ó 5,4.6295802216819615,-74.13015461680797
C19,P.SUBA,4,Distrito Grafiti B - 2 ó 5,4.627820710350728,-74.11184752149202
C19,P.SUBA,5,CDS - Cra. 32 B - 2 ó 5,4.616232237311505,-74.09409820486417
C19,P.SUBA,6,Ricaurte E - 2 ó 5,4.612587381196055,-74.09005102580232
C19,P.SUBA,7,De la Sabana A - 2 ó 5,4.60515919478993,-74.08164992724424
C19,P.SUBA,8,Calle 34 B - 4 ó 6-T,4.619899770406062,-74.07043057497123
C19,P.SUBA,9,Flores A - 4 ó 6,4.654740587233047,-74.06306894736096
C19,P.SUBA,10,Suba - Calle 95 B - 4 ó 6,4.685043438728541,-74.06336230696493
C19,P.SUBA,11,Suba - Calle 100 A - 4 ó 6,4.686800391167419,-74.06431322215224
C19,P.SUBA,12,Puentelargo B 4 ó 6 II,4.6939059561760486,-74.06741599327847
C19,P.SUBA,13,Suba - Av. Boyacá B - 4 ó 6,4.721569699909155,-74.07476394998561
C19,P.SUBA,14,21 Ángeles B - 4 ó 6,4.735722251281068,-74.08126368140167
C19,P.SUBA,15,Suba - Tv. 91 C - 4 ó 6,4.739802666267366,-74.08783898394339
C19,P.SUBA,16,Campiña C - 4 ó 6,4.743479647214415,-74.0921631463428
C19,P.SUBA,17,Portal Suba T4,4.747572953580408,-74.09481795711785
C25,Portal Suba,1,PORTAL 20 DE JULIO T4,4.565933511780125,-74.09660315484835
C25,Portal Suba,2,Country Sur A - 3 ó 6,4.571269040606528,-74.09874791819223
C25,Portal Suba,3,Av. 1  de Mayo C - 3 ó 6,4.577631285353029,-74.09317151870617
C25,Portal Suba,4,San Bernardo A - 3 ó 6,4.58997529063478,-74.08446380887756
C25,Portal Suba,5,Bicentenario B - 4 ó 6,4.593590481099774,-74.08209743563474
C25,Portal Suba,6,Tygua - San José B - 4 ó 6,4.600076007662381,-74.08902125187542
C25,Portal Suba,7,Guatoque - Veraguas A - 3 ó 6,4.603990776024184,-74.09456020377412
C25,Portal Suba,8,Ricaurte B - 4 ó 6,4.61162440332076,-74.09388346311344
C25,Portal Suba,9,Campín-UAN B - 4 ó 6,4.645842269194753,-74.07866763372347
C25,Portal Suba,10,Movistar Arena A - 4 ó 6,4.649674557454435,-74.07835354586841
C25,Portal Suba,11,Av. Chile B - 4 ó 6,4.666234536253368,-74.07452112405123
C25,Portal Suba,12,NQS - Calle 75 B - 4 ó 6,4.670065571853899,-74.07128862334514
C25,Portal Suba,13,San Martín B - 4 ó 6,4.676717306313504,-74.06694346696608
C25,Portal Suba,14,Suba - Calle 95 B - 4 ó 6,4.685043438728541,-74.06336230696493
C25,Portal Suba,15,Niza - Calle 127 B - 4 ó 6,4.712309642911434,-74.0723868294091
C25,Portal Suba,16,Suba - Av. Boyacá B - 4 ó 6,4.721569699909155,-74.07476394998561
C25,Portal Suba,17,21 Ángeles B - 4 ó 6,4.735722251281068,-74.08126368140167
C25,Portal Suba,18,Suba - Tv. 91 B - 4 ó 6,4.739203640346819,-74.0872278284497
C25,Portal Suba,19,La Campiña B - 4 ó 6,4.742890749852044,-74.09145162819655
C25,Portal Suba,20,Portal Suba T7,4.746955507995601,-74.09396187478949
C30,PORTAL SUBA,1,Portal Sur T1,4.596890233499721,-74.16899310019406
C30,PORTAL SUBA,2,Venecia A - 3 ó 6,4.595510382387152,-74.14299696062378
C30,PORTAL SUBA,3,G. Santander C - 4 ó 6,4.593486583674644,-74.129062699791
C30,PORTAL SUBA,4,NQS - Calle 38A Sur B - 4 ó 6,4.593796232420673,-74.1233922196025
C30,PORTAL SUBA,5,Santa Isabel B - 4 ó 6,4.601686371711399,-74.10257299620574
C30,PORTAL SUBA,6,CAD A - 4 ó 6,4.623183225168414,-74.08435157054778
C30,PORTAL SUBA,7,U. Nacional B - 4 ó 6,4.6370140296379,-74.07931047393029
C30,PORTAL SUBA,8,Movistar Arena A - 4 ó 6,4.649674557454435,-74.07835354586841
C30,PORTAL SUBA,9,Rionegro A - 3 ó 6,4.680217552061133,-74.06489414837652
C30,PORTAL SUBA,10,Puentelargo B 4 ó 6 II,4.6939059561760486,-74.06741599327847
C30,PORTAL SUBA,11,Av. Suba - Calle 116 A - 3 ó 6,4.699027351668606,-74.06978986780584
C30,PORTAL SUBA,12,Suba - Av. Boyacá B - 4 ó 6,4.721569699909155,-74.07476394998561
C30,PORTAL SUBA,13,Suba - Tv. 91 B - 4 ó 6,4.739203640346819,-74.0872278284497
C30,PORTAL SUBA,14,La Campiña B - 4 ó 6,4.742890749852044,-74.09145162819655
C30,PORTAL SUBA,15,Portal Suba T5,4.748006142305976,-74.09426713797467
C50,P. Suba,1,Calle 161 B - 1 ó 5,4.743261034820087,-74.04780972418008
C50,P. Suba,2,Calle 142 A - 2,4.727449226974589,-74.0504217367804
C50,P. Suba,3,Virrey B - 2 ó 5,4.675802227970942,-74.05907427042041
C50,P. Suba,4,Calle 85 C - 1,4.673776336612749,-74.05943121990096
C50,P. Suba,5,Héroes C - 1,4.6687555569171,-74.06026911674006
C50,P. Suba,6,Escuela Militar B - 4 ó 6,4.675871452590893,-74.07027125899842
C50,P. Suba,7,Rionegro B - 4,4.680657979372594,-74.06456719208747
C50,P. Suba,8,Puentelargo A - 3,4.693279906191651,-74.0671378819712
C50,P. Suba,9,Av. Suba - Calle 116 B - 4,4.699525058919681,-74.06994247449087
C50,P. Suba,10,21 Ángeles A - 3,4.73542317405416,-74.08083129985589
C50,P. Suba,11,Suba - Tv. 91 A - 3,4.738841330582132,-74.08685863835773
C50,P. Suba,12,La Campiña A - 3,4.742546497078728,-74.09105536140954
C50,P. Suba,13,Portal Suba T8,4.746276925795436,-74.09383653113628
C73,P.SUBA,1,Universidades A - 4 ó 6,4.604597785285852,-74.0672995897837
C73,P.SUBA,2,Centro Memoria B - 4 ó 6,4.620932694617921,-74.07665862140232
C73,P.SUBA,3,Ciudad Universitaria B - 2 ó 5,4.63109554890156,-74.08373505422946
C73,P.SUBA,4,San Martín B - 4 ó 6,4.676717306313504,-74.06694346696608
C73,P.SUBA,5,Suba - Calle 100 A - 4 ó 6,4.686800391167419,-74.06431322215224
C73,P.SUBA,6,Puentelargo B 4 ó 6 II,4.6939059561760486,-74.06741599327847
C73,P.SUBA,7,Niza - Calle 127 B - 4 ó 6,4.712309642911434,-74.0723868294091
C73,P.SUBA,8,Suba - Tv. 91 C - 4 ó 6,4.739802666267366,-74.08783898394339
C73,P.SUBA,9,La Campiña B - 4 ó 6,4.742890749852044,-74.09145162819655
C73,P.SUBA,10,Portal Suba T3,4.7469565020021625,-74.094719247213
D10,Portal 80,1,Portal Norte T1,4.754123559276055,-74.0460009007484
D10,Portal 80,2,Toberín A - 2 ó 5,4.7443848650991605,-74.04763573192878
D10,Portal 80,3,Mazurén A - 2 ó 5,4.732842285843332,-74.049514836111
D10,Portal 80,4,Calle 146 A - 2 ó 5,4.729785147071058,-74.05008317386789
D10,Portal 80,5,Alcalá C - 2 ó 5,4.721598179748041,-74.05142144916405
D10,Portal 80,6,Calle 100 C - 2 ó 5,4.684366416424117,-74.05766543647064
D10,Portal 80,7,Calle 85 C - 2 ó 5,4.673550399063199,-74.05944690254749
D10,Portal 80,8,Cra. 47 B - 4 ó 6,4.6780899208800335,-74.07373632077162
D10,Portal 80,9,Cra. 53 A - 4 ó 6,4.681914320618397,-74.07744861087983
D10,Portal 80,10,Av. 68 B - 4 ó 6,4.686628967418658,-74.08117098747098
D10,Portal 80,11,Boyacá B - 4 ó 6,4.69409497515169,-74.08722828330349
D10,Portal 80,12,Granja - Cra. 77 D - 4 ó 6,4.699958399092387,-74.09710039424226
D10,Portal 80,13,Av. Cali B - 4 ó 6,4.702558914413251,-74.10032433338385
D10,Portal 80,14,Cra. 90 A - 4 ó 6,4.704808108816816,-74.10479953245405
D10,Portal 80,15,Portal 80 T-2,4.709744266506819,-74.11104483764974
D20,Portal 80,1,Portal Usme T1B,4.532001377044599,-74.1196860524803
D20,Portal 80,2,Molinos A - 3 ó 6.,4.556670998961736,-74.12171500480997
D20,Portal 80,3,Calle 40 S. C - 3 ó 6,4.57591705774236,-74.11939366083953
D20,Portal 80,4,Quiroga B - 4 ó 6,4.576860208201006,-74.11401100729444
D20,Portal 80,5,Olaya A - 3 ó 6-nw,4.578724902106062,-74.10777085369206
D20,Portal 80,6,Restrepo B - 4 ó 6,4.581991627563438,-74.10111982933454
D20,Portal 80,7,Calle 22 B - 4 ó 6-T,4.60992815703938,-74.07556909318352
D20,Portal 80,8,Calle 26 B - 4 ó 6.,4.617096002614825,-74.07189981549918
D20,Portal 80,9,Calle 34 B - 4 ó 6-T,4.619899770406062,-74.07043057497123
D20,Portal 80,10,Calle 45 B - 4 ó 6,4.631651277006926,-74.06781507282653
D20,Portal 80,11,Flores A - 4 ó 6,4.654740587233047,-74.06306894736096
D20,Portal 80,12,Polo A - 4 ó 6,4.66984639738358,-74.06405450806308
D20,Portal 80,13,Av. 68 A - 4 ó 6,4.685964911676091,-74.08062135927099
D20,Portal 80,14,Ferias A - 4 ó 6,4.6911323016623205,-74.0847571904572
D20,Portal 80,15,Boyacá A - 4 ó 6,4.693173522761299,-74.08639347551139
D20,Portal 80,16,Granja - Cra. 77 D - 4 ó 6,4.699958399092387,-74.09710039424226
D20,Portal 80,17,Quirigua A - 4 ó 6,4.706908031162491,-74.10891992377626
D20,Portal 80,18,Portal 80 T-1B,4.71003053797199,-74.11030929046093
D21,PORTAL 80,1,Portal Tunal T7,4.572061216606671,-74.13976147128692
D21,PORTAL 80,2,Santa Lucía B - 4 ó 6,4.571346273525049,-74.12455535627694
D21,PORTAL 80,3,Calle 40 S. C - 3 ó 6,4.57591705774236,-74.11939366083953
D21,PORTAL 80,4,Fucha B - 3 ó 6,4.583001865486014,-74.09926508240292
D21,PORTAL 80,5,Guatoque - Veraguas B - 4 ó 6,4.604353196267933,-74.09502850119007
D21,PORTAL 80,6,Ricaurte B - 4 ó 6,4.61162440332076,-74.09388346311344
D21,PORTAL 80,7,Campín-UAN A - 4 ó 6,4.64519102562802,-74.07869552410565
D21,PORTAL 80,8,Movistar Arena B - 4 ó 6,4.6503464997288,-74.07831921088052
D21,PORTAL 80,9,7 de Agosto B - 4 ó 6,4.657636245268394,-74.0775794990212
D21,PORTAL 80,10,Av. 68 A - 4 ó 6,4.685964911676091,-74.08062135927099
D21,PORTAL 80,11,Minuto de Dios B - 4 ó 6,4.697172872209477,-74.09246044443708
D21,PORTAL 80,12,Granja - Cra. 77 C - 3 ó 6,4.698952914313335,-74.09571011741686
D21,PORTAL 80,13,Av. Cali B - 4 ó 6,4.702558914413251,-74.10032433338385
D21,PORTAL 80,14,Cra. 90 A - 4 ó 6,4.704808108816816,-74.10479953245405
D21,PORTAL 80,15,Portal 80 T-4,4.70950987643846,-74.11085412663051
D22,Portal 80,1,Portal Sur T3,4.597009816361579,-74.17020637430673
D22,Portal 80,2,Sevillana B - 3 ó 6,4.595047439128108,-74.14713197569306
D22,Portal 80,3,G. Santander A - 3 ó 6,4.593650550860164,-74.13105334015351
D22,Portal 80,4,Santa Isabel B - 4 ó 6,4.601686371711399,-74.10257299620574
D22,Portal 80,5,Paloquemao A - 4 ó 6,4.61660330520271,-74.08980251549205
D22,Portal 80,6,Av. El Dorado B - 4 ó 6,4.630656305964355,-74.07984121253254
D22,Portal 80,7,U. Nacional C - 4 ó 6,4.637924839916105,-74.07925148601603
D22,Portal 80,8,Av. Chile C - 4 ó 6,4.666749572254911,-74.07409673170557
D22,Portal 80,9,NQS - Calle 75 B - 4 ó 6,4.670065571853899,-74.07128862334514
D22,Portal 80,10,Cra. 47 B - 4 ó 6,4.6780899208800335,-74.07373632077162
D22,Portal 80,11,Av. 68 B - 4 ó 6,4.686628967418658,-74.08117098747098
D22,Portal 80,12,Boyacá B - 4 ó 6,4.69409497515169,-74.08722828330349
D22,Portal 80,13,Minuto de Dios A - 4 ó 6,4.6967949016011366,-74.09173697236892
D22,Portal 80,14,Granja - Cra. 77 D - 4 ó 6,4.699958399092387,-74.09710039424226
D22,Portal 80,15,Portal 80 T-3,4.709807364924874,-74.11040534480183
D24,P. 80,1,Universidades B - 4 ó 6,4.605176272940003,-74.06697431528326
D24,P. 80,2,Marly B - 4 ó 6-T,4.636862645829685,-74.06687879248386
D24,P. 80,3,Calle 57 B - 4 ó 6-T,4.645453899097968,-74.06537102177062
D24,P. 80,4,Calle 76 B - 4 ó 6,4.663213737714163,-74.0612005995889
D24,P. 80,5,Escuela Militar A - 4 ó 6,4.675481741563778,-74.06970380439779
D24,P. 80,6,Cra. 47 A - 4 ó 6,4.677630994393667,-74.07307299951924
D24,P. 80,7,Minuto de Dios B - 4 ó 6,4.697172872209477,-74.09246044443708
D24,P. 80,8,Granja - Cra. 77 C - 3 ó 6,4.698952914313335,-74.09571011741686
D24,P. 80,9,Av. Cali A - 4 ó 6,4.702092068999503,-74.099769240038
D24,P. 80,10,Cra. 90 B - 4 ó 6,4.705125689562454,-74.10556547312196
D24,P. 80,11,Portal 80 T-1A,4.7099981866757945,-74.11053093427664
D55,Portal 80,1,Toberín A - 2 ó 5,4.7443848650991605,-74.04763573192878
D55,Portal 80,2,Calle 161 A - 2,4.742758216760854,-74.04788523192398
D55,Portal 80,3,Calle 142 A - 2,4.727449226974589,-74.0504217367804
D55,Portal 80,4,Prado A - 2,4.713992665074451,-74.05268497150975
D55,Portal 80,5,Pepe Sierra A - 2 ó 5,4.697587911143484,-74.05543888294193
D55,Portal 80,6,Calle 106 A - 2 ó 5,4.693690168654378,-74.05607521608145
D55,Portal 80,7,Virrey B - 2 ó 5,4.675802227970942,-74.05907427042041
D55,Portal 80,8,Héroes B - 2,4.668061094658749,-74.06042786360786
D55,Portal 80,9,Polo A - 4 ó 6,4.66984639738358,-74.06405450806308
D55,Portal 80,10,Ferias A - 4 ó 6,4.6911323016623205,-74.0847571904572
D55,Portal 80,11,Minuto de Dios A - 4 ó 6,4.6967949016011366,-74.09173697236892
D55,Portal 80,12,Granja - Cra. 77 B - 4,4.69866281264461,-74.09521462598828
D55,Portal 80,13,Av. Cali A - 4 ó 6,4.702092068999503,-74.099769240038
D55,Portal 80,14,Quirigua A - 4 ó 6,4.706908031162491,-74.10891992377626
D55,Portal 80,15,Portal 80 T-2,4.709744266506819,-74.11104483764974
D81,AV CL80 KR114,1,PORTAL 20 DE JULIO T10,4.565115243992572,-74.09791161606276
D81,AV CL80 KR114,2,Country Sur B - 8,4.571556304057488,-74.09848133125536
D81,AV CL80 KR114,3,Av. 1 de Mayo A - 3,4.576274491743881,-74.09413541365848
D81,AV CL80 KR114,4,Bicentenario A - 3 ó 6,4.593030189955038,-74.08251281249292
D81,AV CL80 KR114,5,San Victorino A - 3 ó 6,4.600450422782049,-74.07772566578267
D81,AV CL80 KR114,6,Museo Nacional B - 4 ó 6,4.615620990266892,-74.0690058933867
D81,AV CL80 KR114,7,K7 - CL34,4.622154116139559,-74.06668250234982
D81,AV CL80 KR114,8,K7 - CL37,4.624979449686236,-74.06588883586137
D81,AV CL80 KR114,9,K7 - CL40 S/N A,4.628216084083592,-74.06514555533494
D81,AV CL80 KR114,10,K7  -  CL45,4.632089283740542,-74.06393600286557
D81,AV CL80 KR114,11,K7 - CL50,4.637046783508128,-74.06339750216085
D81,AV CL80 KR114,12,K7 - CL57,4.643012784019693,-74.06188300268019
D81,AV CL80 KR114,13,K7 - CL61,4.6465466169868845,-74.06039833616002
D81,AV CL80 KR114,14,K7 - CL66,4.650352616730342,-74.05846050308004
D81,AV CL80 KR114,15,K7 - CL70A S/N A,4.653922556591509,-74.05573382547966
D81,AV CL80 KR114,16,K7 - CL73 S/N A,4.656534159918974,-74.05436307962125
D81,AV CL80 KR114,17,CL76 - K11,4.661881451080635,-74.05747883600125
D81,AV CL80 KR114,18,Polo B - 4 ó 6,4.670301111721528,-74.06442466811272
D81,AV CL80 KR114,19,Cra. 47 A - 4 ó 6,4.677630994393667,-74.07307299951924
D81,AV CL80 KR114,20,Av. 68 B - 3,4.686499976371721,-74.08106666581976
D81,AV CL80 KR114,21,AC80 - K107,4.715307967979641,-74.11648425118143
D81,AV CL80 KR114,22,AC80 - K109A,4.7170289521189535,-74.11776566854184
D81,AV CL80 KR114,23,AC80 - K111C,4.71933678551179,-74.11941983518686
D81,AV CL80 KR114,24,AC80 - K114,4.7229980905933,-74.12217425148802
D81,AV CL80 KR114,25,AC80 - K119,4.726316793222287,-74.12521804893149
E32,NQS Calle 75,1,Portal Américas T3,4.62945877223094,-74.17217359978588
E32,NQS Calle 75,2,Tv. 86 A - 2 ó 5,4.6337703131401415,-74.15176859588134
E32,NQS Calle 75,3,Banderas T2,4.6310992236932105,-74.14443247592219
E32,NQS Calle 75,4,Av. Américas - Av. Boyacá B - 2 ó 5-nv,4.630046682618623,-74.13433698208054
E32,NQS Calle 75,5,Puente Aranda B - 2 ó 5,4.625885272042076,-74.10492653939758
E32,NQS Calle 75,6,Zona Industrial B - 2 ó 5,4.620441160176218,-74.09885742910468
E32,NQS Calle 75,7,CAD A - 4 ó 6,4.623183225168414,-74.08435157054778
E32,NQS Calle 75,8,Av. El Dorado B - 4 ó 6,4.630656305964355,-74.07984121253254
E32,NQS Calle 75,9,U. Nacional B - 4 ó 6,4.6370140296379,-74.07931047393029
E32,NQS Calle 75,10,7 de Agosto B - 4 ó 6,4.657636245268394,-74.0775794990212
E32,NQS Calle 75,11,Av. Chile C - 4 ó 6,4.666749572254911,-74.07409673170557
E32,NQS Calle 75,12,NQS - Calle 75 A - 4 ó 6,4.669551575067476,-74.07173125473453
E42,7 de Agosto,1,San Mateo B - 4 ó 6,4.586001857680394,-74.20535130459116
E42,7 de Agosto,2,Terreros C - 4 ó 6,4.589441502852481,-74.19855101002409
E42,7 de Agosto,3,León XIII B - 3 ó 6,4.592303855482743,-74.19281794508
E42,7 de Agosto,4,La Despensa A - 3 ó 6,4.594460960296369,-74.18834337085049
E42,7 de Agosto,5,Bosa A - 4 ó 6,4.596823213878182,-74.18142434724206
E42,7 de Agosto,6,Comuneros A - 4 ó 6,4.604079096574452,-74.10000487048318
E42,7 de Agosto,7,Paloquemao A - 4 ó 6,4.61660330520271,-74.08980251549205
E42,7 de Agosto,8,U. Nacional C - 4 ó 6,4.637924839916105,-74.07925148601603
E42,7 de Agosto,9,Campín-UAN A - 4 ó 6,4.64519102562802,-74.07869552410565
E42,7 de Agosto,10,7 de Agosto A - 4 ó 6,4.65699418966736,-74.07771556289292
E48,CAD,1,San Mateo A - 4 ó 6,4.585714419553129,-74.20598717329085
E48,CAD,2,Terreros B - 3,4.589182797484585,-74.19899832152498
E48,CAD,3,León XIII A - 4,4.5920486478137965,-74.19329211229967
E48,CAD,4,La Despensa B - 4,4.5946686716920855,-74.18789930258647
E48,CAD,5,Bosa A - 4 ó 6,4.596823213878182,-74.18142434724206
E48,CAD,6,Sevillana A - 3,4.595101107675524,-74.14765769463835
E48,CAD,7,Venecia B - 3,4.5955562424768335,-74.14249182195125
E48,CAD,8,G. Santander A - 3 ó 6,4.593650550860164,-74.13105334015351
E48,CAD,9,Santa Isabel B - 4 ó 6,4.601686371711399,-74.10257299620574
E48,CAD,10,Ricaurte C - 4 ó 6,4.612157563681356,-74.0934681145884
E48,CAD,11,CAD B - 4 ó 6,4.623746620757064,-74.08388105593039
F19,Banderas,1,Portal Suba T4,4.747572953580408,-74.09481795711785
F19,Banderas,2,Campiña C - 1 ó 5,4.743135430294863,-74.09179392769245
F19,Banderas,3,Suba - Tv. 91 D - 1 ó 5,4.740143290280497,-74.08819888068588
F19,Banderas,4,21 Ángeles B - 1 ó 5,4.73557736720927,-74.08114666234104
F19,Banderas,5,Suba - Av. Boyacá B - 1 ó 5,4.721490114944005,-74.074827474296
F19,Banderas,6,Puentelargo B 2 ó 5,4.693659983663278,-74.06746500407117
F19,Banderas,7,Suba - Calle 100 A - 2 ó 5,4.686549923171999,-74.06424051171092
F19,Banderas,8,Suba - Calle 95 B - 1 ó 5,4.684844413773529,-74.06334454089584
F19,Banderas,9,Flores B - 2 ó 5,4.654921485183835,-74.0630596929937
F19,Banderas,10,Calle 34 B - 1 ó 5-T,4.619751187745883,-74.07056808886925
F19,Banderas,11,De la Sabana A - 3 ó 6,4.605313085694797,-74.0817398749691
F19,Banderas,12,Ricaurte E -4 ó 6,4.612868048272754,-74.09024899032057
F19,Banderas,13,CDS - Cra. 32 B - 4 ó 6,4.616346591157196,-74.09418397484225
F19,Banderas,14,Distrito Grafiti A - 4 ó 6,4.627955953422363,-74.11149577296233
F19,Banderas,15,Marsella B - 4 ó 6,4.629842967355716,-74.13049686358929
F19,Banderas,16,Mandalay B - 4,4.630996586022869,-74.14184529891541
F19,Banderas,17,Banderas T1,4.6312887062969725,-74.14473270307145
F23,Banderas,1,Aguas A - 2 ó 5,4.602638332669694,-74.06831673900403
F23,Banderas,2,Museo del Oro A - 4 ó 6,4.601305578975348,-74.07306757329043
F23,P. Américas,3,Av. Jiménez D - 4 ó 6,4.603273765822472,-74.07934184141621
F23,Banderas,3,Av. Jiménez D - 4 ó 6,4.603273765822472,-74.07934184141621
F23,P. Américas,4,De la Sabana A - 3 ó 6,4.605313085694797,-74.0817398749691
F23,Banderas,4,De la Sabana A - 3 ó 6,4.605313085694797,-74.0817398749691
F23,P. Américas,5,San Façon - Cra. 22 B - 4 ó 6,4.609969346027628,-74.08704348551728
F23,Banderas,5,San Façon - Cra. 22 B - 4 ó 6,4.609969346027628,-74.08704348551728
F23,P. Américas,6,Ricaurte E -4 ó 6,4.612868048272754,-74.09024899032057
F23,Banderas,6,Ricaurte E -4 ó 6,4.612868048272754,-74.09024899032057
F23,P. Américas,7,Puente Aranda B - 4 ó 6,4.626048195626449,-74.10500746827718
F23,Banderas,7,Puente Aranda B - 4 ó 6,4.626048195626449,-74.10500746827718
F23,P. Américas,8,Pradera A - 3 ó 6,4.628539000356748,-74.1184293659139
F23,Banderas,8,Pradera A - 3 ó 6,4.628539000356748,-74.1184293659139
F23,P. Américas,9,Av. Américas - Av. Boyacá A - 4 ó 6,4.630163857143325,-74.13399427146706
F23,Banderas,9,Av. Américas - Av. Boyacá A - 4 ó 6,4.630163857143325,-74.13399427146706
F23,P. Américas,10,Banderas T3,4.631344569708798,-74.14535171030705
F23,Banderas,10,Banderas T3,4.631344569708798,-74.14535171030705
F23,P. Américas,11,Biblioteca Tintal B - 4 ó 6.,4.638316315158072,-74.15881291806717
F23,P. Américas,12,Portal Américas T6,4.629748437343482,-74.17234454877178
F26,Portal Américas,1,Alcalá B - 2 ó 5,4.720960900764654,-74.05152095537947
F26,Portal Américas,2,Calle 127 B - 2 ó 5,4.704623717004507,-74.05427539658952
F26,Portal Américas,3,Calle 100 C - 2 ó 5,4.684366416424117,-74.05766543647064
F26,Portal Américas,4,Virrey C - 2 ó 5,4.676317723544569,-74.05900145968897
F26,Portal Américas,5,Calle 85 B - 2 ó 5,4.671425218214739,-74.05982837748516
F26,Portal Américas,6,Héroes C - 2 ó 5,4.668567484981852,-74.06030999159337
F26,Portal Américas,7,Av. Américas - Av. Boyacá B - 4 ó 6,4.630209924083671,-74.13467935188314
F26,Portal Américas,8,Mandalay B - 4,4.630996586022869,-74.14184529891541
F26,Portal Américas,9,Banderas T1,4.6312887062969725,-74.14473270307145
F26,Portal Américas,10,Tv. 86 B - 4 ó 6,4.6346003835319305,-74.15232544363883
F26,Portal Américas,11,Biblioteca Tintal B - 4 ó 6.,4.638316315158072,-74.15881291806717
F26,Portal Américas,12,Portal Américas T8,4.629758410886216,-74.17313786035842
F28,Portal Américas,6,Calle 106 B - 2 ó 5,4.694205638442866,-74.05598436761565
F28,Portal Américas,7,Castellana B - 1 ó 5,4.675294878873166,-74.0652324309306
F28,Portal Américas,8,CDS - Cra. 32 B - 4 ó 6,4.616346591157196,-74.09418397484225
F28,Portal Américas,9,Zona Industrial B - 4 ó 6,4.620586038733333,-74.09897443785599
F28,Portal Américas,10,Marsella A - 4 ó 6,4.629743329881611,-74.1297958701549
F28,Portal Américas,11,Banderas T5,4.631426917697522,-74.1461269010487
F28,Portal Américas,12,Biblioteca Tintal A - 4 ó 6.,4.637837350947044,-74.15946560161017
F28,Portal Américas,13,Portal Américas T9,4.630047190393951,-74.1725515474807
F32,Portal Américas,1,NQS - Calle 75 A - 2 ó 5,4.669460572335146,-74.07208276542883
F32,Portal Américas,2,Av. Chile C - 2 ó 5,4.666659604568386,-74.07446647566825
F32,Portal Américas,3,7 de Agosto A - 2 ó 5,4.65669933479589,-74.07778419116312
F32,Portal Américas,4,U. Nacional A - 2 ó 5,4.636162389484685,-74.07941660920172
F32,Portal Américas,5,Av. El Dorado A - 1 ó 5,4.629790710966071,-74.08002357385384
F32,Portal Américas,6,CAD A - 2 ó 5,4.622982732266083,-74.08455681197638
F32,Portal Américas,7,Zona Industrial B - 4 ó 6,4.620586038733333,-74.09897443785599
F32,Portal Américas,8,Puente Aranda B - 4 ó 6,4.626048195626449,-74.10500746827718
F32,Portal Américas,9,Av. Américas - Av. Boyacá B - 4 ó 6,4.630209924083671,-74.13467935188314
F32,Portal Américas,10,Banderas T5,4.631426917697522,-74.1461269010487
F32,Portal Américas,11,Tv. 86 A - 4 ó 6,4.634120365263167,-74.1518301881036
F32,Portal Américas,12,Portal Américas T3,4.62945877223094,-74.17217359978588
F51,PORTAL AMÉRICAS,1,Museo Nacional A - 3 ó 6,4.615027176445573,-74.06926758852401
F51,PORTAL AMÉRICAS,2,San Diego B - 1 ó 5,4.611174621945645,-74.0713958556642
F51,PORTAL AMÉRICAS,3,Las Nieves B - 2 ó 5,4.606208525259109,-74.0742812928331
F51,PORTAL AMÉRICAS,4,Av. Jiménez D - 4 ó 6,4.603273765822472,-74.07934184141621
F51,PORTAL AMÉRICAS,5,Ricaurte D - 4 ó 6,4.613293814134677,-74.09073523860827
F51,PORTAL AMÉRICAS,6,Distrito Grafiti B - 4 ó 6,4.628020110111151,-74.11216279344761
F51,PORTAL AMÉRICAS,7,Pradera A - 3 ó 6,4.628539000356748,-74.1184293659139
F51,PORTAL AMÉRICAS,8,Marsella A - 4 ó 6,4.629743329881611,-74.1297958701549
F51,PORTAL AMÉRICAS,9,Av. Américas - Av. Boyacá A - 4 ó 6,4.630163857143325,-74.13399427146706
F51,PORTAL AMÉRICAS,10,Mandalay A - 4 ó 6,4.63095593458074,-74.14117103001577
F51,PORTAL AMÉRICAS,11,Banderas T7,4.631481942822097,-74.146748869889
F51,PORTAL AMÉRICAS,12,Biblioteca Tintal B - 4 ó 6.,4.638316315158072,-74.15881291806717
F51,PORTAL AMÉRICAS,13,Portal Américas T4,4.629225121085764,-74.17349006565718
F60,Portal Américas,1,Calle 76 A - 2 ó 5,4.662228104456353,-74.0614453179874
F60,Portal Américas,2,Marly B - 1 ó 5-T,4.63641958243908,-74.06700558198354
F60,Portal Américas,3,Calle 45 B – 2 ó 5 T,4.6312494666669295,-74.06793239361834
F60,Portal Américas,4,Av. 39 A -2 ó 5-T,4.6258667213325655,-74.0688931773758
F60,Portal Américas,5,De la Sabana A - 3 ó 6,4.605313085694797,-74.0817398749691
F60,Portal Américas,6,Ricaurte D - 4 ó 6,4.613293814134677,-74.09073523860827
F60,Portal Américas,7,Cra. 43 A - 4 ó 6,4.622687594558633,-74.10131562544014
F60,Portal Américas,8,Distrito Grafiti A - 4 ó 6,4.627955953422363,-74.11149577296233
F60,Portal Américas,9,Banderas T3,4.631344569708798,-74.14535171030705
F60,Portal Américas,10,Tv. 86 A - 4 ó 6,4.634120365263167,-74.1518301881036
F60,Portal Américas,11,Portal Américas T2 A,4.629142813488206,-74.17272388368598
F61,Portal Américas,1,Polo B -  2 ó 5,4.670109329700324,-74.0643169010692
F61,Portal Américas,2,Flores B - 2 ó 5,4.654921485183835,-74.0630596929937
F61,Portal Américas,3,Calle 57 A - 2 ó 5-T,4.644612929867956,-74.06557045831563
F61,Portal Américas,4,Calle 34 B - 1 ó 5-T,4.619751187745883,-74.07056808886925
F61,Portal Américas,5,Calle 22 A - 2 ó 5-T,4.609197819573274,-74.07600779230908
F61,Portal Américas,6,Zona Industrial A - 3,4.620232756085611,-74.09857823528641
F61,Portal Américas,7,Marsella B - 4 ó 6,4.629842967355716,-74.13049686358929
F61,Portal Américas,8,Banderas T7,4.631481942822097,-74.146748869889
F61,Portal Américas,9,Biblioteca Tintal A - 4 ó 6.,4.637837350947044,-74.15946560161017
F61,Portal Américas,10,Portal Américas T2 B,4.62919866349058,-74.17269754524642
G11,Portal Sur,1,Terminal A - 2 ó 5,4.768660130977133,-74.04375627090793
G11,Portal Sur,2,Calle 187 A - 2 ó 5,4.763080360952661,-74.04466562761519
G11,Portal Sur,3,Toberín C - 2 ó 5-nw,4.745897732183721,-74.04734908409057
G11,Portal Sur,4,Calle 146 A - 2 ó 5,4.729785147071058,-74.05008317386789
G11,Portal Sur,5,Calle 106 B - 2 ó 5,4.694205638442866,-74.05598436761565
G11,Portal Sur,6,Virrey C - 2 ó 5,4.676317723544569,-74.05900145968897
G11,Portal Sur,7,Calle 85 B - 2 ó 5,4.671425218214739,-74.05982837748516
G11,Portal Sur,8,Héroes C - 2 ó 5,4.668567484981852,-74.06030999159337
G11,Portal Sur,9,Escuela Militar B - 4 ó 6,4.675871452590893,-74.07027125899842
G11,Portal Sur,10,Campín-UAN B - 2 ó 5,4.645542258131606,-74.07871814240622
G11,Portal Sur,11,Paloquemao B - 2 ó 5,4.616915658982485,-74.08959468160357
G11,Portal Sur,12,Ricaurte C - 2 ó 5,4.611951154921662,-74.09368718055347
G11,Portal Sur,13,Santa Isabel A - 2 ó 5,4.60132411299446,-74.10311833726632
G11,Portal Sur,14,NQS - Calle 30 Sur A - 2 ó 5,4.594721831750447,-74.11844214317095
G11,Portal Sur,15,Alquería B - 2 ó 5,4.594270585687782,-74.13404676324265
G11,Portal Sur,16,Madelena A - 2 ó 5,4.596261462798635,-74.1573650051719
G11,Portal Sur,17,Portal Sur T5,4.597285051168999,-74.16956231938421
G12,G. Santander,1,Portal Norte T4,4.7551737125181255,-74.04613533881572
G12,P. Sur,1,Portal Norte T4,4.7551737125181255,-74.04613533881572
G12,G. Santander,2,Toberín B - 2 ó 5,4.745201188301381,-74.0475005785847
G12,P. Sur,2,Toberín B - 2 ó 5,4.745201188301381,-74.0475005785847
G12,G. Santander,3,Calle 142 B - 2 ó 5,4.727955673078606,-74.05034891920631
G12,P. Sur,3,Calle 142 B - 2 ó 5,4.727955673078606,-74.05034891920631
G12,G. Santander,4,Prado C - 2 ó 5,4.714788505308685,-74.05256668767672
G12,P. Sur,4,Prado C - 2 ó 5,4.714788505308685,-74.05256668767672
G12,G. Santander,5,Calle 127 B - 2 ó 5,4.704623717004507,-74.05427539658952
G12,P. Sur,5,Calle 127 B - 2 ó 5,4.704623717004507,-74.05427539658952
G12,G. Santander,6,Calle 100 A - 2 ó 5,4.683036998618037,-74.05786555568301
G12,P. Sur,6,Calle 100 A - 2 ó 5,4.683036998618037,-74.05786555568301
G12,G. Santander,7,Castellana A - 2 ó 5,4.675024115235498,-74.065683557526
G12,P. Sur,7,Castellana A - 2 ó 5,4.675024115235498,-74.065683557526
G12,G. Santander,8,NQS - Calle 75 B - 2 ó 5,4.669966560557484,-74.07165838108592
G12,P. Sur,8,NQS - Calle 75 B - 2 ó 5,4.669966560557484,-74.07165838108592
G12,G. Santander,9,7 de Agosto B - 2 ó 5,4.657320190408668,-74.07769085083771
G12,P. Sur,9,7 de Agosto B - 2 ó 5,4.657320190408668,-74.07769085083771
G12,G. Santander,10,U. Nacional B - 2 ó 5,4.636944547985924,-74.07936270128022
G12,P. Sur,10,U. Nacional B - 2 ó 5,4.636944547985924,-74.07936270128022
G12,G. Santander,11,Av. El Dorado B - 2 ó 5,4.630347472865611,-74.0799466775379
G12,P. Sur,11,Av. El Dorado B - 2 ó 5,4.630347472865611,-74.0799466775379
G12,G. Santander,12,Ricaurte C - 2 ó 5,4.611951154921662,-74.09368718055347
G12,P. Sur,12,Ricaurte C - 2 ó 5,4.611951154921662,-74.09368718055347
G12,G. Santander,13,Comuneros B - 2 ó 5,4.604355134877791,-74.09980864034574
G12,P. Sur,13,Comuneros B - 2 ó 5,4.604355134877791,-74.09980864034574
G12,G. Santander,14,G. Santander B - 2 ó 5,4.593641581965194,-74.13006311907681
G12,P. Sur,14,G. Santander B - 2 ó 5,4.593641581965194,-74.13006311907681
G12,P. Sur,15,Perdomo A - 1 ó 5,4.595809593322575,-74.1654065430295
G12,P. Sur,16,Portal Sur T6,4.597356546085456,-74.17019443936113
G22,Portal Sur,1,Portal 80 T-3,4.709807364924874,-74.11040534480183
G22,Portal Sur,2,Granja - Cra. 77 C - 2 ó 5,4.698943962310191,-74.09578225484934
G22,Portal Sur,3,Minuto de Dios A - 2 ó 5,4.696595463842016,-74.09149982216817
G22,Portal Sur,4,Boyacá B - 2 ó 5,4.693794667762321,-74.08702566537718
G22,Portal Sur,5,Av. 68 B - 2 ó 5,4.686264036260084,-74.08093904351149
G22,Portal Sur,6,Cra. 47 B - 2 ó 5,4.677851083574491,-74.07351076815522
G22,Portal Sur,7,NQS - Calle 75 B - 2 ó 5,4.669966560557484,-74.07165838108592
G22,Portal Sur,8,Av. Chile C - 2 ó 5,4.666659604568386,-74.07446647566825
G22,Portal Sur,9,U. Nacional C - 2 ó 5,4.637623660494667,-74.0793150886355
G22,Portal Sur,10,Av. El Dorado B - 2 ó 5,4.630347472865611,-74.0799466775379
G22,Portal Sur,11,Paloquemao B - 2 ó 5,4.616915658982485,-74.08959468160357
G22,Portal Sur,12,Santa Isabel B - 2 ó 5,4.601631141127822,-74.1027032852251
G22,Portal Sur,13,G. Santander A - 1 ó 5-nw,4.593660893677974,-74.13106370330476
G22,Portal Sur,14,Sevillana B - 1 ó 5,4.595136837645423,-74.14727904145894
G22,Portal Sur,15,Portal Sur T3,4.597009816361579,-74.17020637430673
G30,PORTAL SUR,1,Portal Suba T5,4.748006142305976,-74.09426713797467
G30,PORTAL SUR,2,La Campiña B - 1 ó 5,4.742718753972549,-74.09135267378618
G30,PORTAL SUR,3,Suba - Tv. 91 B - 1 ó 5,4.739031691777073,-74.08716494042011
G30,PORTAL SUR,4,Suba - Av. Boyacá B - 1 ó 5,4.721490114944005,-74.074827474296
G30,PORTAL SUR,5,Av. Suba - Calle 116 A - 2 ó 5,4.698859369014302,-74.06980476051143
G30,PORTAL SUR,6,Puentelargo B 2 ó 5,4.693659983663278,-74.06746500407117
G30,PORTAL SUR,7,Rionegro A - 2 ó 5,4.680124861416081,-74.06499162464019
G30,PORTAL SUR,8,Movistar Arena B - 2 ó 5,4.650043838290884,-74.07837147985931
G30,PORTAL SUR,9,U. Nacional B - 2 ó 5,4.636944547985924,-74.07936270128022
G30,PORTAL SUR,10,CAD A - 2 ó 5,4.622982732266083,-74.08455681197638
G30,PORTAL SUR,11,Santa Isabel B - 2 ó 5,4.601631141127822,-74.1027032852251
G30,PORTAL SUR,12,NQS - Calle 38A Sur B - 2 ó 5,4.593850972699348,-74.1235509090882
G30,PORTAL SUR,13,G. Santander B - 2 ó 5,4.593641581965194,-74.13006311907681
G30,PORTAL SUR,14,Venecia A - 1 ó 5,4.595537311898092,-74.14316857704716
G30,PORTAL SUR,15,Portal Sur T1,4.596890233499721,-74.16899310019406
G41,San Mateo,1,Bicentenario B - 4 ó 6,4.593590481099774,-74.08209743563474
G41,San Mateo,2,Tygua - San José A - 3 ó 6,4.5997226186151385,-74.0885439347036
G41,San Mateo,3,Guatoque - Veraguas B - 4 ó 6,4.604353196267933,-74.09502850119007
G41,San Mateo,4,NQS - Calle 30 Sur A - 2 ó 5,4.594721831750447,-74.11844214317095
G41,San Mateo,5,Alquería B - 2 ó 5,4.594270585687782,-74.13404676324265
G41,San Mateo,6,Bosa A - 2 ó 5,4.596932157024217,-74.18176677931108
G41,San Mateo,7,Terreros C - 1 ó 5,4.589448922919478,-74.19861575480908
G41,San Mateo,8,San Mateo B - 2 ó 5,4.58595145026725,-74.20558642342125
G42,San Mateo,1,7 de Agosto B - 2 ó 5,4.657320190408668,-74.07769085083771
G42,San Mateo,2,Campín-UAN B - 2 ó 5,4.645542258131606,-74.07871814240622
G42,San Mateo,3,U. Nacional C - 2 ó 5,4.637623660494667,-74.0793150886355
G42,San Mateo,4,Paloquemao B - 2 ó 5,4.616915658982485,-74.08959468160357
G42,San Mateo,5,Comuneros A - 2 ó 5,4.603873989275429,-74.10026051341454
G42,San Mateo,6,Bosa A - 2 ó 5,4.596932157024217,-74.18176677931108
G42,San Mateo,7,La Despensa A - 2 ó 5,4.594431617112703,-74.1885333535661
G42,San Mateo,8,León XIII B - 2 ó 5,4.592286327734372,-74.19296820460558
G42,San Mateo,9,Terreros A - 2 ó 5,4.58845943903698,-74.20056277099778
G42,San Mateo,10,San Mateo B - 2 ó 5,4.58595145026725,-74.20558642342125
G43,San Mateo,1,Portal Eldorado T-1,4.681553591844655,-74.1212314963056
G43,San Mateo,2,Modelia B -1 ó 5,4.67525396003637,-74.11736866985662
G43,San Mateo,3,Normandía A - 1 ó 5-nw,4.668518530504989,-74.11303167313075
G43,San Mateo,4,El Tiempo - Maloka B - 1 ó 5,4.657283814331424,-74.10586062104693
G43,San Mateo,5,Salitre - El Greco B - 1 ó 5,4.6510643655567865,-74.10184771617251
G43,San Mateo,6,Gobernación B - 1 ó 5,4.643079655190487,-74.09677334541563
G43,San Mateo,7,Quinta Paredes A - 2 ó 5-nw,4.637240410272162,-74.09300350479431
G43,San Mateo,8,Corferias B - 1 ó 5,4.634396285479752,-74.09004122865713
G43,San Mateo,9,CAD B - 2 ó 5,4.623506838745649,-74.08414146090114
G43,San Mateo,10,Ricaurte B - 2 ó 5,4.611401652723291,-74.09413141847786
G43,San Mateo,10,Ricaurte B - 2 ó 5,4.611401652723291,-74.09413141847786
G43,San Mateo,11,G. Santander C - 2 ó 5,4.593631765976351,-74.12943211731208
G43,San Mateo,11,G. Santander C - 2 ó 5,4.593631765976351,-74.12943211731208
G43,San Mateo,12,Venecia A - 1 ó 5,4.595537311898092,-74.14316857704716
G43,San Mateo,12,Venecia A - 1 ó 5,4.595537311898092,-74.14316857704716
G43,San Mateo,13,La Despensa A - 2 ó 5,4.594431617112703,-74.1885333535661
G43,San Mateo,13,La Despensa A - 2 ó 5,4.594431617112703,-74.1885333535661
G43,San Mateo,14,León XIII B - 2 ó 5,4.592286327734372,-74.19296820460558
G43,San Mateo,14,León XIII B - 2 ó 5,4.592286327734372,-74.19296820460558
G43,San Mateo,15,Terreros A - 2 ó 5,4.58845943903698,-74.20056277099778
G43,San Mateo,15,Terreros A - 2 ó 5,4.58845943903698,-74.20056277099778
G43,San Mateo,16,San Mateo C - 2 ó 5,4.586491794267863,-74.20445924791294
G43,San Mateo,16,San Mateo C - 2 ó 5,4.586491794267863,-74.20445924791294
G45,San Mateo,1,Portal Sur T4,4.597206782946038,-74.16894766038011
G45,Portal Sur,1,San Mateo A - 4 ó 6,4.585714419553129,-74.20598717329085
G45,San Mateo,2,Bosa B - 2 ó 5,4.596949492473324,-74.18110869069379
G45,Portal Sur,2,Terreros B - 3,4.589182797484585,-74.19899832152498
G45,San Mateo,3,La Despensa B - 1,4.59467094045438,-74.1880479824793
G45,Portal Sur,3,León XIII A - 4,4.5920486478137965,-74.19329211229967
G45,San Mateo,4,León XIII A - 1,4.592076508237848,-74.19339359656138
G45,Portal Sur,4,La Despensa B - 4,4.5946686716920855,-74.18789930258647
G45,San Mateo,5,Terreros B - 2,4.589207776745687,-74.19910471617999
G45,Portal Sur,5,Bosa A - 4 ó 6,4.596823213878182,-74.18142434724206
G45,San Mateo,6,San Mateo A - 1,4.585746850944754,-74.20600406589637
G45,Portal Sur,6,Portal Sur T4,4.597206782946038,-74.16894766038011
G46,San Mateo,1,Portal Norte T4,4.7551737125181255,-74.04613533881572
G46,San Mateo,2,Toberín B - 2 ó 5,4.745201188301381,-74.0475005785847
G46,San Mateo,3,Alcalá A - 2 ó 5,4.720277839765603,-74.05163962413236
G46,San Mateo,4,Calle 100 B - 2 ó 5,4.68368815148622,-74.05777452982296
G46,San Mateo,5,Bosa B - 2 ó 5,4.596949492473324,-74.18110869069379
G46,San Mateo,6,La Despensa A - 2 ó 5,4.594431617112703,-74.1885333535661
G46,San Mateo,7,León XIII B - 2 ó 5,4.592286327734372,-74.19296820460558
G46,San Mateo,8,Terreros C - 1 ó 5,4.589448922919478,-74.19861575480908
G46,San Mateo,9,San Mateo B - 2 ó 5,4.58595145026725,-74.20558642342125
G47,Portal Sur,1,Museo Nacional A - 2 ó 5,4.6146852333535024,-74.06945797151832
G47,Portal Sur,2,San Diego B - 1 ó 5,4.611174621945645,-74.0713958556642
G47,Portal Sur,3,Las Nieves A - 2 ó 5,4.605566174431233,-74.07461809151599
G47,Portal Sur,4,San Victorino A - 1 ó 5,4.600269704733655,-74.07795763025442
G47,Portal Sur,5,Tygua - San José A - 3 ó 6,4.5997226186151385,-74.0885439347036
G47,Portal Sur,6,Guatoque - Veraguas B - 4 ó 6,4.604353196267933,-74.09502850119007
G47,Portal Sur,7,Comuneros A - 2 ó 5,4.603873989275429,-74.10026051341454
G47,Portal Sur,8,NQS - Calle 38A Sur B - 2 ó 5,4.593850972699348,-74.1235509090882
G47,Portal Sur,9,Sevillana B - 1 ó 5,4.595136837645423,-74.14727904145894
G47,Portal Sur,10,Madelena A - 2 ó 5,4.596261462798635,-74.1573650051719
G47,Portal Sur,11,Perdomo A - 1 ó 5,4.595809593322575,-74.1654065430295
G47,Portal Sur,12,Portal Sur T9,4.597707050773704,-74.17019623219495
G48,San Mateo,1,CAD B - 2 ó 5,4.623506838745649,-74.08414146090114
G48,San Mateo,2,Ricaurte B - 2 ó 5,4.611401652723291,-74.09413141847786
G48,San Mateo,3,Santa Isabel B - 2 ó 5,4.601631141127822,-74.1027032852251
G48,San Mateo,4,G. Santander C - 2 ó 5,4.593631765976351,-74.12943211731208
G48,San Mateo,5,Venecia B - 1,4.595602765948029,-74.14263151658527
G48,San Mateo,6,Sevillana A - 1,4.595182680892634,-74.14779281588683
G48,San Mateo,7,Bosa B - 2 ó 5,4.596949492473324,-74.18110869069379
G48,San Mateo,8,La Despensa B - 1,4.59467094045438,-74.1880479824793
G48,San Mateo,9,León XIII A - 1,4.592076508237848,-74.19339359656138
G48,San Mateo,10,Terreros B - 2,4.589207776745687,-74.19910471617999
G48,San Mateo,11,San Mateo A - 1,4.585746850944754,-74.20600406589637
G52,Portal sur,1,Flores A - 4 ó 6,4.654740587233047,-74.06306894736096
G52,Portal sur,2,Calle 76 C - 3,4.663711143286005,-74.06112781753468
G52,Portal sur,3,Santa Isabel A - 2 ó 5,4.60132411299446,-74.10311833726632
G52,Portal sur,4,NQS - Calle 30 Sur B - 1,4.594802606880092,-74.11792821927507
G52,Portal sur,5,G. Santander A - 1 ó 5-nw,4.593660893677974,-74.13106370330476
G52,Portal sur,6,Alquería A - 1,4.594361655715253,-74.13455146540997
G52,Portal sur,7,Venecia B - 1,4.595602765948029,-74.14263151658527
G52,Portal sur,8,Madelena B - 1,4.59630607297383,-74.1568421072268
G52,Portal sur,9,Perdomo B - 1,4.595817910277007,-74.16478452660459
G52,Portal sur,10,Portal Sur T7,4.597583567325254,-74.16887167740586
H13,P. TUNAL,1,Portal Norte T5A,4.753855003794234,-74.04636097361029
H13,P. TUNAL,2,Calle 161 A - 2,4.742758216760854,-74.04788523192398
H13,P. TUNAL,3,Mazurén C - 1,4.736375049093966,-74.04893093099844
H13,P. TUNAL,4,Calle 146 C - 1,4.731346935632003,-74.04977628872975
H13,P. TUNAL,5,Calle 142 A - 2,4.727449226974589,-74.0504217367804
H13,P. TUNAL,6,Calle 127 A - 2 ó 5,4.704126314551956,-74.05434819337762
H13,P. TUNAL,7,Calle 106 A - 2 ó 5,4.693690168654378,-74.05607521608145
H13,P. TUNAL,8,Calle 85 A - 2 ó 5,4.670918767745574,-74.05990117435994
H13,P. TUNAL,9,Calle 76 B - 2 ó 5,4.662923998916379,-74.06130888444294
H13,P. TUNAL,10,Flores A - 2 ó 5,4.65446953436262,-74.0633036981087
H13,P. TUNAL,11,Calle 22 B - 2 ó 5-T,4.609773238349981,-74.07570468294843
H13,P. TUNAL,12,Hortúa B - 1,4.590941491070894,-74.09022274316344
H13,P. TUNAL,13,Restrepo B - 2 ó 5,4.581964173843831,-74.10129459057639
H13,P. TUNAL,14,Quiroga A - 2,4.576779634240483,-74.11468717382722
H13,P. TUNAL,15,Calle 40 S. B - 2 ó 5,4.575818531159827,-74.12018703380765
H13,P. TUNAL,16,Biblioteca A - 2 ó 5,4.570428951281382,-74.1304680231485
H13,P. TUNAL,17,Portal Tunal T1,4.567917168293446,-74.13946634715627
H15,Portal Tunal,1,Portal Suba T1,4.745707730476525,-74.09435120482338
H15,Portal Tunal,2,Campiña C - 1 ó 5,4.743135430294863,-74.09179392769245
H15,Portal Tunal,3,Suba - Tv. 91 D - 1 ó 5,4.740143290280497,-74.08819888068588
H15,Portal Tunal,4,Gratamira A - 2 ó 5,4.727156583485464,-74.07481046228989
H15,Portal Tunal,5,Niza - Calle 127 B - 1 ó 5,4.712146811752159,-74.07237802943811
H15,Portal Tunal,6,Humedal Córdoba B - 1 ó 5,4.706853710586159,-74.07127610205389
H15,Portal Tunal,7,Av. Suba - Calle 116 A - 2 ó 5,4.698859369014302,-74.06980476051143
H15,Portal Tunal,8,Rionegro A - 2 ó 5,4.680124861416081,-74.06499162464019
H15,Portal Tunal,9,Calle 76 B - 2 ó 5,4.662923998916379,-74.06130888444294
H15,Portal Tunal,10,Calle 57 B - 2 ó 5-T,4.645273096527527,-74.065452394619
H15,Portal Tunal,11,Marly A - 2 ó 5-T,4.635840812481861,-74.06711451954727
H15,Portal Tunal,12,Calle 45 B – 2 ó 5 T,4.6312494666669295,-74.06793239361834
H15,Portal Tunal,13,Calle 22 B - 2 ó 5-T,4.609773238349981,-74.07570468294843
H15,Portal Tunal,14,Av. Jiménez A - 2 ó 5-T,4.599556035824611,-74.08279700320485
H15,Portal Tunal,15,Nariño B - 2 ó 5,4.586504637427623,-74.09378900884649
H15,Portal Tunal,16,Olaya A - 2 ó 5-nw,4.578698035077762,-74.10798722876102
H15,Portal Tunal,17,Calle 40 S. A - 2 ó 5,4.575656440400747,-74.12078217110101
H15,Portal Tunal,18,Parque A - 2 ó 5,4.568383822018076,-74.13574552981741
H15,Portal Tunal,19,Portal Tunal T6,4.571462314178586,-74.13963031867758
H17,Portal Usme,1,Portal Suba T6,4.7475406184269415,-74.09414854109956
H17,Portal Usme,2,La Campiña A - 2,4.742392651591851,-74.09100146483885
H17,Portal Usme,3,Suba - Tv. 91 A - 2,4.738660348375128,-74.08680477852582
H17,Portal Usme,4,Niza - Calle 127 A - 2,4.711640131010069,-74.07227952688092
H17,Portal Usme,5,Av. Suba - Calle 116 B - 1,4.699371297380463,-74.06995169400237
H17,Portal Usme,6,Puentelargo A - 2,4.6930766351361175,-74.06710349510173
H17,Portal Usme,7,Suba - Calle 100 A - 2 ó 5,4.686549923171999,-74.06424051171092
H17,Portal Usme,8,Suba - Calle 95 A - 2,4.6843737583577285,-74.06312879601398
H17,Portal Usme,9,San Martín A - 2 ó 5,4.676157037505673,-74.06735891557628
H17,Portal Usme,10,7 de Agosto A - 2 ó 5,4.65669933479589,-74.07778419116312
H17,Portal Usme,11,U. Nacional A - 2 ó 5,4.636162389484685,-74.07941660920172
H17,Portal Usme,12,Av. El Dorado A - 1 ó 5,4.629790710966071,-74.08002357385384
H17,Portal Usme,13,Paloquemao A - 2 ó 5,4.616399546327427,-74.09001954323857
H17,Portal Usme,14,Guatoque - Veraguas B - 1 ó 5,4.604072645264606,-74.09492068136711
H17,Portal Usme,15,Hortúa B - 1,4.590941491070894,-74.09022274316344
H17,Portal Usme,16,Restrepo B - 2 ó 5,4.581964173843831,-74.10129459057639
H17,Portal Usme,17,Quiroga B - 1 ó 5,4.5768966140169,-74.11419124719495
H17,Portal Usme,18,Santa Lucía B - 2 ó 5,4.571047964560499,-74.12471797364397
H17,Portal Usme,19,Socorro A - 2 ó 5,4.564391260244157,-74.12547421504742
H17,Portal Usme,20,Consuelo B - 1,4.560219290739108,-74.12391081809048
H17,Portal Usme,21,Danubio  A - 2 ó 5,4.545326461368751,-74.12093623034013
H17,Portal Usme,22,Portal Usme T4,4.532299742455833,-74.11948904730554
H20,Portal Usme,1,Portal 80 T-1B,4.71003053797199,-74.11030929046093
H20,Portal Usme,2,Quirigua A - 2 ó 5,4.706676183532532,-74.10872168092783
H20,Portal Usme,3,Granja - Cra. 77 D - 2 ó 5,4.699687113550314,-74.09687220259106
H20,Portal Usme,4,Boyacá A - 2 ó 5,4.693247892602133,-74.08648118212086
H20,Portal Usme,5,Ferias A - 2 ó 5,4.69082451678491,-74.08457727914129
H20,Portal Usme,6,Av. 68 A - 2 ó 5,4.685672253413232,-74.08050896435542
H20,Portal Usme,7,Polo B -  2 ó 5,4.670109329700324,-74.0643169010692
H20,Portal Usme,8,Flores B - 2 ó 5,4.654921485183835,-74.0630596929937
H20,Portal Usme,9,Calle 45 B – 2 ó 5 T,4.6312494666669295,-74.06793239361834
H20,Portal Usme,10,Calle 34 A - 2 ó 5-T,4.6191652804912335,-74.07088524823573
H20,Portal Usme,11,Calle 26 B - 1 ó 5.,4.61692884259693,-74.07206010556196
H20,Portal Usme,12,Calle 22 A - 2 ó 5-T,4.609197819573274,-74.07600779230908
H20,Portal Usme,13,Restrepo B - 2 ó 5,4.581964173843831,-74.10129459057639
H20,Portal Usme,14,Olaya A - 2 ó 5-nw,4.578698035077762,-74.10798722876102
H20,Portal Usme,15,Quiroga B - 1 ó 5,4.5768966140169,-74.11419124719495
H20,Portal Usme,16,Calle 40 S. C - 2 ó 5,4.575971553530694,-74.11957387894284
H20,Portal Usme,17,Molinos A - 2 ó 5.,4.556494992217594,-74.12160000150638
H20,Portal Usme,18,Portal Usme T1B,4.532001377044599,-74.1196860524803
H21,PORTAL TUNAL,1,Portal 80 T-4,4.70950987643846,-74.11085412663051
H21,PORTAL TUNAL,2,Cra. 90 A - 2 ó 5,4.704617815169032,-74.10453831641144
H21,PORTAL TUNAL,3,Av. Cali B - 2 ó 5,4.702296439039023,-74.10011452584821
H21,PORTAL TUNAL,4,Granja - Cra. 77 C - 2 ó 5,4.698943962310191,-74.09578225484934
H21,PORTAL TUNAL,5,Minuto de Dios A - 2 ó 5,4.696595463842016,-74.09149982216817
H21,PORTAL TUNAL,6,Av. 68 B - 2 ó 5,4.686264036260084,-74.08093904351149
H21,PORTAL TUNAL,7,7 de Agosto A - 2 ó 5,4.65669933479589,-74.07778419116312
H21,PORTAL TUNAL,8,Movistar Arena A - 2 ó 5,4.649382457345261,-74.07843961875301
H21,PORTAL TUNAL,9,Campín-UAN A - 2 ó 5,4.644854951184509,-74.07876855789782
H21,PORTAL TUNAL,10,Ricaurte A - 2 ó 5,4.61092874200755,-74.09453581265294
H21,PORTAL TUNAL,11,Guatoque - Veraguas A - 2 ó 5,4.603710224994061,-74.09445238417527
H21,PORTAL TUNAL,12,Fucha B - 1 ó 5,4.58301109289646,-74.09940929923684
H21,PORTAL TUNAL,13,Calle 40 S. B - 2 ó 5,4.575818531159827,-74.12018703380765
H21,PORTAL TUNAL,14,Santa Lucía A - 2 ó 5,4.570460237984843,-74.12491699863381
H21,PORTAL TUNAL,15,Portal Tunal T7,4.572061216606671,-74.13976147128692
H27,Portal Tunal,1,Portal Norte T5A,4.753855003794234,-74.04636097361029
H27,Portal Tunal,2,Toberín C - 2 ó 5-nw,4.745897732183721,-74.04734908409057
H27,Portal Tunal,3,Calle 100 A - 2 ó 5,4.683036998618037,-74.05786555568301
H27,Portal Tunal,4,Virrey A - 2 ó 5,4.674964672643404,-74.05920300503954
H27,Portal Tunal,5,Calle 85 C - 2 ó 5,4.673550399063199,-74.05944690254749
H27,Portal Tunal,6,Héroes A - 1 ó 5,4.667500126477928,-74.06053577350387
H27,Portal Tunal,7,Calle 34 A - 2 ó 5-T,4.6191652804912335,-74.07088524823573
H27,Portal Tunal,8,Calle 26 B - 1 ó 5.,4.61692884259693,-74.07206010556196
H27,Portal Tunal,9,Av. Jiménez A - 2 ó 5-T,4.599556035824611,-74.08279700320485
H27,Portal Tunal,10,Calle 40 S. A - 2 ó 5,4.575656440400747,-74.12078217110101
H27,Portal Tunal,11,Portal Tunal T2,4.568343961584406,-74.13932841456305
H54,Portal Usme,1,Portal Eldorado T-4,4.681753862695162,-74.1216610483592
H54,Portal Usme,2,Modelia A - 2 ó 5,4.674765087087243,-74.1170447244117
H54,Portal Usme,3,Av. Rojas B - 1 ó 5-nw,4.661765043195574,-74.10873083595598
H54,Portal Usme,4,El Tiempo - Maloka A - 2 ó 5,4.65678590478294,-74.10554571708512
H54,Portal Usme,5,Salitre - El Greco A - 2 ó 5,4.650575523805934,-74.10155083607462
H54,Portal Usme,6,CAN A - 2 ó 5,4.646574066961598,-74.09896857698286
H54,Portal Usme,7,Quinta Paredes B -1 ó 5,4.63771120870647,-74.09333645732049
H54,Portal Usme,8,Corferias A - 2 ó 5,4.634237005260459,-74.08968748077787
H54,Portal Usme,9,Ciudad Universitaria A - 2 ó 5,4.630507050338291,-74.08332112918909
H54,Portal Usme,10,Concejo de Bogotá A - 2 ó 5-nw,4.625545805727582,-74.08002810813043
H54,Portal Usme,11,Av. Jiménez B - 2 ó 5-T,4.600062285724891,-74.08244298014041
H54,Portal Usme,12,Hortúa A - 2 ó 5,4.59048064904571,-74.09060192938728
H54,Portal Usme,13,Restrepo A - 2 ó 5,4.581657314176504,-74.101844843786
H54,Portal Usme,14,Calle 40 S. C - 2 ó 5,4.575971553530694,-74.11957387894284
H54,Portal Usme,15,Molinos A - 2 ó 5.,4.556494992217594,-74.12160000150638
H54,Portal Usme,16,Danubio  A - 2 ó 5,4.545326461368751,-74.12093623034013
H54,Portal Usme,17,Portal Usme T2A,4.53079348340322,-74.11955823667172
H72,P. Usme,1,Toberín E - 1,4.748097675765084,-74.0470042978469
H72,P. Usme,2,Mazurén C - 1,4.736375049093966,-74.04893093099844
H72,P. Usme,3,Alcalá B - 2 ó 5,4.720960900764654,-74.05152095537947
H72,P. Usme,4,Pepe Sierra A - 2 ó 5,4.697587911143484,-74.05543888294193
H72,P. Usme,5,Castellana B - 1 ó 5,4.675294878873166,-74.0652324309306
H72,P. Usme,6,Av. Chile A - 1,4.66573797103245,-74.0752339798975
H72,P. Usme,7,Movistar Arena A - 2 ó 5,4.649382457345261,-74.07843961875301
H72,P. Usme,8,Paloquemao A - 2 ó 5,4.616399546327427,-74.09001954323857
H72,P. Usme,9,Tygua - San José B - 1 ó 5,4.599804490351247,-74.08890440895728
H72,P. Usme,10,Nariño A - 2,4.586116145853549,-74.09415908480082
H72,P. Usme,11,Fucha A - 2 ó 5,4.582812600644695,-74.09981518993645
H72,P. Usme,12,Olaya B - 1,4.578941536046361,-74.10740100132078
H72,P. Usme,13,Socorro A - 2 ó 5,4.564391260244157,-74.12547421504742
H72,P. Usme,14,Molinos B - 2 ó 5.,4.557139999265589,-74.12195900357594
H72,P. Usme,15,Portal Usme T5,4.531728077526245,-74.11942410309422
H75,P.USME,1,Portal Norte T5B,4.754144111384893,-74.0463065682634
H75,P.USME,2,Toberín C - 2 ó 5-nw,4.745897732183721,-74.04734908409057
H75,P.USME,3,Calle 146 A - 2 ó 5,4.729785147071058,-74.05008317386789
H75,P.USME,4,Calle 142 B - 2 ó 5,4.727955673078606,-74.05034891920631
H75,P.USME,5,Prado C - 2 ó 5,4.714788505308685,-74.05256668767672
H75,P.USME,6,Calle 100 B - 2 ó 5,4.68368815148622,-74.05777452982296
H75,P.USME,7,Héroes A - 1 ó 5,4.667500126477928,-74.06053577350387
H75,P.USME,8,Calle 76 B - 2 ó 5,4.662923998916379,-74.06130888444294
H75,P.USME,9,Calle 57 B - 2 ó 5-T,4.645273096527527,-74.065452394619
H75,P.USME,10,Marly A - 2 ó 5-T,4.635840812481861,-74.06711451954727
H75,P.USME,11,Av. Jiménez B - 2 ó 5-T,4.600062285724891,-74.08244298014041
H75,P.USME,11,Av. Jiménez B - 2 ó 5-T,4.600062285724891,-74.08244298014041
H75,P.USME,12,Hortúa A - 2 ó 5,4.59048064904571,-74.09060192938728
H75,P.USME,12,Hortúa A - 2 ó 5,4.59048064904571,-74.09060192938728
H75,P.USME,13,Nariño B - 2 ó 5,4.586504637427623,-74.09378900884649
H75,P.USME,13,Nariño B - 2 ó 5,4.586504637427623,-74.09378900884649
H75,P.USME,14,Fucha B - 1 ó 5,4.58301109289646,-74.09940929923684
H75,P.USME,14,Fucha B - 1 ó 5,4.58301109289646,-74.09940929923684
H75,P.USME,15,Santa Lucía B - 2 ó 5,4.571047964560499,-74.12471797364397
H75,P.USME,15,Santa Lucía B - 2 ó 5,4.571047964560499,-74.12471797364397
H75,P.USME,16,Socorro B - 2 ó 5,4.564807647090501,-74.12570807784667
H75,P.USME,16,Socorro B - 2 ó 5,4.564807647090501,-74.12570807784667
H75,P.USME,17,Consuelo A - 2 ó 5,4.559819149786635,-74.1237385419789
H75,P.USME,17,Consuelo A - 2 ó 5,4.559819149786635,-74.1237385419789
H75,P.USME,18,Molinos B - 2 ó 5.,4.557139999265589,-74.12195900357594
H75,P.USME,18,Molinos B - 2 ó 5.,4.557139999265589,-74.12195900357594
H75,P.USME,19,Danubio B - 1 ó 5,4.546149694453938,-74.12099832981805
H75,P.USME,19,Danubio B - 1 ó 5,4.546149694453938,-74.12099832981805
H75,P.USME,20,Portal Usme T6,4.531283969732928,-74.11942545831441
H75,P.USME,20,Portal Usme T6,4.531283969732928,-74.11942545831441
H76,Portal Usme,1,Universidades B - 2 ó 5,4.604891488561815,-74.06721031613462
H76,Portal Usme,2,Av. Jiménez B - 2 ó 5-T,4.600062285724891,-74.08244298014041
H76,Portal Usme,3,Restrepo A - 2 ó 5,4.581657314176504,-74.101844843786
H76,Portal Usme,4,Calle 40 S. C - 2 ó 5,4.575971553530694,-74.11957387894284
H76,Portal Usme,5,Santa Lucía B - 2 ó 5,4.571047964560499,-74.12471797364397
H76,Portal Usme,6,Socorro B - 2 ó 5,4.564807647090501,-74.12570807784667
H76,Portal Usme,7,Consuelo A - 2 ó 5,4.559819149786635,-74.1237385419789
H76,Portal Usme,8,Molinos B - 2 ó 5.,4.557139999265589,-74.12195900357594
H76,Portal Usme,9,Danubio B - 1 ó 5,4.546149694453938,-74.12099832981805
H76,Portal Usme,10,Portal Usme T2D,4.531267850352023,-74.11961019993475
H83,Portal Usme,1,Museo Nacional B - 1 ó 5,4.615474466826878,-74.06920293540331
H83,Portal Usme,2,San Diego B - 1 ó 5,4.611174621945645,-74.0713958556642
H83,Portal Usme,3,San Victorino C - 2 ó 5,4.601327233467811,-74.07725578606036
H83,Portal Usme,4,Bicentenario A - 1 ó 5,4.592851245496218,-74.0827046774817
H83,Portal Usme,5,Policarpa B - 1 ó 5,4.5864866585781305,-74.08678973155378
H83,Portal Usme,6,Av. 1  de Mayo B - 2 ó 5,4.576862021781255,-74.09379213600087
H83,Portal Usme,7,Quiroga A - 2,4.576779634240483,-74.11468717382722
H83,Portal Usme,8,Consuelo B - 1,4.560219290739108,-74.12391081809048
H83,Portal Usme,9,Danubio B - 1 ó 5,4.546149694453938,-74.12099832981805
H83,Portal Usme,10,Portal Usme T2D,4.531267850352023,-74.11961019993475
J23,Aguas,1,Portal Américas T6,4.629748437343482,-74.17234454877178
J23,Aguas,1,Banderas T4,4.631163274140957,-74.14503640325907
J23,Aguas,2,Biblioteca Tintal B - 2 ó 5.,4.638682478228063,-74.15844107997906
J23,Aguas,2,Av. Américas - Av. Boyacá A - 2 ó 5,4.629964432657291,-74.13365194591954
J23,Aguas,3,Banderas T4,4.631163274140957,-74.14503640325907
J23,Aguas,3,Pradera A - 2 ó 5,4.628389465714526,-74.1181842758647
J23,Aguas,4,Av. Américas - Av. Boyacá A - 2 ó 5,4.629964432657291,-74.13365194591954
J23,Aguas,4,Puente Aranda B - 2 ó 5,4.625885272042076,-74.10492653939758
J23,Aguas,5,Pradera A - 2 ó 5,4.628389465714526,-74.1181842758647
J23,Aguas,5,Ricaurte E - 2 ó 5,4.612587381196055,-74.09005102580232
J23,Aguas,6,Puente Aranda B - 2 ó 5,4.625885272042076,-74.10492653939758
J23,Aguas,6,San Façon - Cra. 22 B - 2 ó 5,4.609721851022305,-74.08679915244248
J23,Aguas,7,Ricaurte E - 2 ó 5,4.612587381196055,-74.09005102580232
J23,Aguas,7,De la Sabana A - 2 ó 5,4.60515919478993,-74.08164992724424
J23,Aguas,8,San Façon - Cra. 22 B - 2 ó 5,4.609721851022305,-74.08679915244248
J23,Aguas,8,Av. Jiménez E - 2 ó 5,4.602586340306624,-74.0786243635092
J23,Aguas,9,De la Sabana A - 2 ó 5,4.60515919478993,-74.08164992724424
J23,Aguas,9,Museo del Oro A - 2 ó 5,4.601077216375662,-74.07280297440826
J23,Aguas,10,Av. Jiménez E - 2 ó 5,4.602586340306624,-74.0786243635092
J23,Aguas,10,Aguas A - 2 ó 5,4.602638332669694,-74.06831673900403
J23,Aguas,11,Museo del Oro A - 2 ó 5,4.601077216375662,-74.07280297440826
J23,Aguas,12,Aguas A - 2 ó 5,4.602638332669694,-74.06831673900403
J24,Universidades,1,Portal 80 T-1A,4.7099981866757945,-74.11053093427664
J24,Universidades,2,Cra. 90 B - 2 ó 5,4.704880925595844,-74.10515105703729
J24,Universidades,3,Av. Cali A - 2 ó 5,4.7017612002010924,-74.0994270470382
J24,Universidades,4,Granja - Cra. 77 D - 2 ó 5,4.699687113550314,-74.09687220259106
J24,Universidades,5,Minuto de Dios B - 2 ó 5,4.696931965850589,-74.09206086441888
J24,Universidades,6,Cra. 47 A - 2 ó 5,4.677329366025294,-74.07268173251451
J24,Universidades,7,Escuela Militar B - 2 ó 5,4.675626900673885,-74.07002816633627
J24,Universidades,8,Calle 76 A - 2 ó 5,4.662228104456353,-74.0614453179874
J24,Universidades,9,Calle 57 A - 2 ó 5-T,4.644612929867956,-74.06557045831563
J24,Universidades,10,Marly B - 1 ó 5-T,4.63641958243908,-74.06700558198354
J24,Universidades,11,Universidades A - 2 ó 5,4.6043538753396485,-74.06754329794401
J70,Aguas,1,Portal Norte T1,4.754123559276055,-74.0460009007484
J70,Aguas,2,Toberín D - 2,4.74756713287892,-74.04708936987588
J70,Aguas,3,Mazurén B - 2,4.735868628438988,-74.0490217838364
J70,Aguas,4,Calle 146 B - 2 ó 5,4.730831469093798,-74.04986715191882
J70,Aguas,5,Calle 142 A - 2,4.727449226974589,-74.0504217367804
J70,Aguas,6,Alcalá B - 2 ó 5,4.720960900764654,-74.05152095537947
J70,Aguas,7,Prado B - 1,4.714453884948113,-74.05261222015808
J70,Aguas,8,Calle 127 A - 2 ó 5,4.704126314551956,-74.05434819337762
J70,Aguas,9,CAD A - 2 ó 5,4.622982732266083,-74.08455681197638
J70,Aguas,10,Av. Jiménez D - 2,4.603039318135547,-74.0791646494056
J70,Aguas,11,Museo del Oro A - 2 ó 5,4.601077216375662,-74.07280297440826
J70,Aguas,12,Aguas A - 1,4.60248572140495,-74.06839789329322
J73,UNIVERSIDADES,1,Portal Suba T3,4.7469565020021625,-74.094719247213
J73,UNIVERSIDADES,2,La Campiña B - 1 ó 5,4.742718753972549,-74.09135267378618
J73,UNIVERSIDADES,3,Suba - Tv. 91 D - 1 ó 5,4.740143290280497,-74.08819888068588
J73,UNIVERSIDADES,4,Niza - Calle 127 B - 1 ó 5,4.712146811752159,-74.07237802943811
J73,UNIVERSIDADES,5,Puentelargo B 2 ó 5,4.693659983663278,-74.06746500407117
J73,UNIVERSIDADES,6,Suba - Calle 100 A - 2 ó 5,4.686549923171999,-74.06424051171092
J73,UNIVERSIDADES,7,San Martín B - 1 ó 5,4.6765999069469215,-74.0670878683918
J73,UNIVERSIDADES,8,Ciudad Universitaria B - 4 ó 6,4.631348952981512,-74.08383389140455
J73,UNIVERSIDADES,9,Centro Memoria B - 2 ó 5,4.62062040758746,-74.07648267137252
J73,UNIVERSIDADES,10,Universidades A - 2 ó 5,4.6043538753396485,-74.06754329794401
J74,Universidades,1,Portal Norte T1,4.754123559276055,-74.0460009007484
J74,Universidades,2,Toberín D - 2,4.74756713287892,-74.04708936987588
J74,Universidades,3,Mazurén B - 2,4.735868628438988,-74.0490217838364
J74,Universidades,4,Calle 146 C - 1,4.731346935632003,-74.04977628872975
J74,Universidades,5,Calle 142 A - 2,4.727449226974589,-74.0504217367804
J74,Universidades,6,Prado B - 1,4.714453884948113,-74.05261222015808
J74,Universidades,7,Virrey A - 2 ó 5,4.674964672643404,-74.05920300503954
J74,Universidades,8,Héroes A - 1 ó 5,4.667500126477928,-74.06053577350387
J74,Universidades,9,Calle 57 A - 2 ó 5-T,4.644612929867956,-74.06557045831563
J74,Universidades,10,Calle 45 C - 2,4.632024509382341,-74.06780464864546
J74,Universidades,11,Av. 39 A -2 ó 5-T,4.6258667213325655,-74.0688931773758
J74,Universidades,12,Universidades A - 2 ó 5,4.6043538753396485,-74.06754329794401
J76,Universidades,1,Portal Usme T2D,4.531267850352023,-74.11961019993475
J76,Universidades,2,Danubio A - 3 ó 6,4.546023011054921,-74.12096242787302
J76,Universidades,3,Molinos A - 3 ó 6.,4.556670998961736,-74.12171500480997
J76,Universidades,4,Consuelo A - 3 ó 6,4.5599647729532125,-74.1237404383558
J76,Universidades,5,Socorro B - 4 ó 6,4.564954171639019,-74.1257583915706
J76,Universidades,6,Santa Lucía A - 4 ó 6,4.570749501366515,-74.12475439249359
J76,Universidades,7,Calle 40 S. C - 3 ó 6,4.57591705774236,-74.11939366083953
J76,Universidades,8,Restrepo A - 4 ó 6,4.581702259022253,-74.10161943110774
J76,Universidades,9,Av. Jiménez A - 4 ó 6-T,4.599690704886349,-74.08264138586188
J76,Universidades,10,Universidades B - 2 ó 5,4.604891488561815,-74.06721031613462
K10,P. ELDORADO,1,PORTAL 20 DE JULIO T3,4.565687363755739,-74.09688940497756
K10,P. ELDORADO,2,Av. 1 de Mayo B - 4 ó 6,4.577087853361643,-74.09354846892101
K10,P. ELDORADO,3,Ciudad Jardín-UAN A - 3 ó 6,4.581272162342533,-74.09055047596738
K10,P. ELDORADO,4,San Bernardo B - 4 ó 6,4.590472357236909,-74.08412063081917
K10,P. ELDORADO,5,Bicentenario C - 4 ó 6,4.594141784368102,-74.08172714143822
K10,P. ELDORADO,6,San Victorino B - 4 ó 6,4.601010826259234,-74.07740042459085
K10,P. ELDORADO,7,Las Nieves A - 4 ó 6,4.605855373573283,-74.07441939872504
K10,P. ELDORADO,8,Centro Memoria B - 4 ó 6,4.620932694617921,-74.07665862140232
K10,P. ELDORADO,9,Ciudad Universitaria B - 4 ó 6,4.631348952981512,-74.08383389140455
K10,P. ELDORADO,10,Gobernación A - 3 ó 6,4.642819140610239,-74.09649338181805
K10,P. ELDORADO,11,CAN A - 3 ó 6,4.646845423178273,-74.09895921733815
K10,P. ELDORADO,12,Salitre - El Greco B - 4 ó 6,4.651305979281178,-74.10188749805754
K10,P. ELDORADO,13,Normandía B - 4 ó 6,4.669401858532795,-74.11344851484152
K10,P. ELDORADO,14,Modelia A - 3 ó 6,4.675063604202876,-74.11705336618073
K10,P. ELDORADO,15,Portal Eldorado T-5,4.68130173794832,-74.12135454179052
K16,PElDorado,1,Terminal A - 2 ó 5,4.768660130977133,-74.04375627090793
K16,PElDorado,2,Calle 187 A - 2 ó 5,4.763080360952661,-74.04466562761519
K16,PElDorado,3,Toberín A - 2 ó 5,4.7443848650991605,-74.04763573192878
K16,PElDorado,4,Mazurén A - 2 ó 5,4.732842285843332,-74.049514836111
K16,PElDorado,5,Alcalá C - 2 ó 5,4.721598179748041,-74.05142144916405
K16,PElDorado,6,Pepe Sierra B - 2 ó 5,4.698094335129674,-74.05534804512271
K16,PElDorado,7,Av. Chile B - 2 ó 5,4.666153637567176,-74.07490888637776
K16,PElDorado,8,Av. El Dorado A - 1 ó 5,4.629790710966071,-74.08002357385384
K16,PElDorado,9,Corferias B - 4 ó 6,4.634517710969252,-74.09021248584357
K16,PElDorado,10,Quinta Paredes A - 3 ó 6,4.637423231459732,-74.09304154769897
K16,PElDorado,11,CAN B - 4 ó 6,4.6473433225364245,-74.09926509796082
K16,PElDorado,12,Salitre - El Greco A - 3 ó 6,4.650803110613984,-74.10157555311206
K16,PElDorado,13,El Tiempo - Maloka A - 3 ó 6,4.657039170261315,-74.10553638190983
K16,PElDorado,14,Av. Rojas A - 3 ó 6,4.661619386366851,-74.10847899634393
K16,PElDorado,15,Modelia B - 4 ó 6,4.6755615114411215,-74.11736828493342
K16,PElDorado,16,Portal Eldorado T-2,4.681971239922844,-74.1215250927344
K23,Portal Eldorado,1,Alcalá C - 2 ó 5,4.721598179748041,-74.05142144916405
K23,Portal Eldorado,2,Prado A - 2,4.713992665074451,-74.05268497150975
K23,Portal Eldorado,3,Calle 127 A - 2 ó 5,4.704126314551956,-74.05434819337762
K23,Portal Eldorado,4,Calle 85 A - 2 ó 5,4.670918767745574,-74.05990117435994
K23,Portal Eldorado,5,Calle 57 A - 2 ó 5-T,4.644612929867956,-74.06557045831563
K23,Portal Eldorado,6,Marly B - 1 ó 5-T,4.63641958243908,-74.06700558198354
K23,Portal Eldorado,7,Calle 34 B - 1 ó 5-T,4.619751187745883,-74.07056808886925
K23,Portal Eldorado,8,Concejo de Bogotá B - 4 ó 6,4.626423915005486,-74.08055884641043
K23,Portal Eldorado,9,Ciudad Universitaria B - 4 ó 6,4.631348952981512,-74.08383389140455
K23,Portal Eldorado,10,Gobernación B - 4 ó 6,4.643325802768454,-74.09680845667106
K23,Portal Eldorado,11,CAN B - 4 ó 6,4.6473433225364245,-74.09926509796082
K23,Portal Eldorado,12,Salitre - El Greco A - 3 ó 6,4.650803110613984,-74.10157555311206
K23,Portal Eldorado,13,El Tiempo - Maloka A - 3 ó 6,4.657039170261315,-74.10553638190983
K23,Portal Eldorado,14,Av. Rojas A - 3 ó 6,4.661619386366851,-74.10847899634393
K23,Portal Eldorado,15,Portal Eldorado T-3B,4.682363018128492,-74.1218189373036
K43,Portal Eldorado,1,San Mateo C - 4 ó 6,4.586645061386308,-74.20399933563044
K43,Portal Eldorado,2,Terreros A - 4 ó 6,4.588549533899444,-74.20023814596405
K43,Portal Eldorado,3,León XIII B - 3 ó 6,4.592303855482743,-74.19281794508
K43,Portal Eldorado,4,La Despensa A - 3 ó 6,4.594460960296369,-74.18834337085049
K43,Portal Eldorado,5,Venecia A - 3 ó 6,4.595510382387152,-74.14299696062378
K43,Portal Eldorado,6,G. Santander B - 4 ó 6,4.593523570020519,-74.12972071185939
K43,Portal Eldorado,7,Ricaurte C - 4 ó 6,4.612157563681356,-74.0934681145884
K43,Portal Eldorado,8,CAD B - 4 ó 6,4.623746620757064,-74.08388105593039
K43,Portal Eldorado,9,Corferias B - 4 ó 6,4.634517710969252,-74.09021248584357
K43,Portal Eldorado,10,Quinta Paredes B - 4 ó 6,4.637956881653418,-74.09335128932148
K43,Portal Eldorado,11,Gobernación B - 4 ó 6,4.643325802768454,-74.09680845667106
K43,Portal Eldorado,12,Salitre - El Greco B - 4 ó 6,4.651305979281178,-74.10188749805754
K43,Portal Eldorado,13,El Tiempo - Maloka A - 3 ó 6,4.657039170261315,-74.10553638190983
K43,Portal Eldorado,14,Normandía A - 3 ó 6,4.668804591361625,-74.11307673432412
K43,Portal Eldorado,15,Modelia B - 4 ó 6,4.6755615114411215,-74.11736828493342
K43,Portal Eldorado,16,Portal Eldorado T-1,4.681553591844655,-74.1212314963056
K54,Portal Eldorado,1,Portal Usme T2A,4.53079348340322,-74.11955823667172
K54,Portal Eldorado,2,Danubio B - 4 ó 6,4.546918532492432,-74.12096134254351
K54,Portal Eldorado,3,Molinos B - 4 ó 6,4.557410884415921,-74.1220277493281
K54,Portal Eldorado,4,Calle 40 S. A - 4 ó 6,4.5756650540773816,-74.12043060547498
K54,Portal Eldorado,5,Restrepo A - 4 ó 6,4.581702259022253,-74.10161943110774
K54,Portal Eldorado,6,Hortúa A - 3 ó 6-NW,4.590643205226275,-74.090394393582
K54,Portal Eldorado,7,Av. Jiménez A - 4 ó 6-T,4.599690704886349,-74.08264138586188
K54,Portal Eldorado,7,Av. Jiménez A - 4 ó 6-T,4.599690704886349,-74.08264138586188
K54,Portal Eldorado,8,Concejo de Bogotá A - 4 ó 6,4.625862610782159,-74.08018996504886
K54,Portal Eldorado,8,Concejo de Bogotá A - 4 ó 6,4.625862610782159,-74.08018996504886
K54,Portal Eldorado,9,Ciudad Universitaria A - 4 ó 6,4.630762662713255,-74.08346438453961
K54,Portal Eldorado,9,Ciudad Universitaria A - 4 ó 6,4.630762662713255,-74.08346438453961
K54,Portal Eldorado,10,Corferias A - 3 ó 6,4.634350604811764,-74.08968970606547
K54,Portal Eldorado,10,Corferias A - 3 ó 6,4.634350604811764,-74.08968970606547
K54,Portal Eldorado,11,Quinta Paredes A - 3 ó 6,4.637423231459732,-74.09304154769897
K54,Portal Eldorado,11,Quinta Paredes A - 3 ó 6,4.637423231459732,-74.09304154769897
K54,Portal Eldorado,12,CAN A - 3 ó 6,4.646845423178273,-74.09895921733815
K54,Portal Eldorado,12,CAN A - 3 ó 6,4.646845423178273,-74.09895921733815
K54,Portal Eldorado,13,Salitre - El Greco A - 3 ó 6,4.650803110613984,-74.10157555311206
K54,Portal Eldorado,13,Salitre - El Greco A - 3 ó 6,4.650803110613984,-74.10157555311206
K54,Portal Eldorado,14,El Tiempo - Maloka B - 4 ó 6,4.65757326225394,-74.10585124024279
K54,Portal Eldorado,14,El Tiempo - Maloka B - 4 ó 6,4.65757326225394,-74.10585124024279
K54,Portal Eldorado,15,Av. Rojas B - 4 ó 6,4.662058264724831,-74.10878731058243
K54,Portal Eldorado,15,Av. Rojas B - 4 ó 6,4.662058264724831,-74.10878731058243
K54,Portal Eldorado,16,Modelia A - 3 ó 6,4.675063604202876,-74.11705336618073
K54,Portal Eldorado,16,Modelia A - 3 ó 6,4.675063604202876,-74.11705336618073
K54,Portal Eldorado,17,Portal Eldorado T-4,4.681753862695162,-74.1216610483592
K54,Portal Eldorado,17,Portal Eldorado T-4,4.681753862695162,-74.1216610483592
L10,P. 20 DE JULIO,1,Portal Eldorado T-5,4.68130173794832,-74.12135454179052
L10,P. 20 DE JULIO,2,Modelia A - 2 ó 5,4.674765087087243,-74.1170447244117
L10,P. 20 DE JULIO,3,Normandía B - 2 ó 5,4.669043598200979,-74.11336458334891
L10,P. 20 DE JULIO,4,Salitre - El Greco B - 1 ó 5,4.6510643655567865,-74.10184771617251
L10,P. 20 DE JULIO,5,CAN A - 2 ó 5,4.646574066961598,-74.09896857698286
L10,P. 20 DE JULIO,6,Gobernación A - 2 ó 5,4.642683099610752,-74.09655451692585
L10,P. 20 DE JULIO,7,Ciudad Universitaria B - 2 ó 5,4.63109554890156,-74.08373505422946
L10,P. 20 DE JULIO,8,Centro Memoria B - 2 ó 5,4.62062040758746,-74.07648267137252
L10,P. 20 DE JULIO,9,Las Nieves B - 2 ó 5,4.606208525259109,-74.0742812928331
L10,P. 20 DE JULIO,10,San Victorino C - 2 ó 5,4.601327233467811,-74.07725578606036
L10,P. 20 DE JULIO,11,Bicentenario C - 2 ó 5,4.593897867701564,-74.08197084141159
L10,P. 20 DE JULIO,12,San Bernardo A - 2 ó 5,4.589837454899792,-74.08460729449608
L10,P. 20 DE JULIO,13,Ciudad Jardín-UAN A - 2 ó 5,4.581082399967928,-74.09070395761567
L10,P. 20 DE JULIO,14,Av. 1  de Mayo B - 2 ó 5,4.576862021781255,-74.09379213600087
L10,P. 20 DE JULIO,15,PORTAL 20 DE JULIO T3,4.565687363755739,-74.09688940497756
L18,PORTAL 20 DE JULIO,1,Terminal A - 2 ó 5,4.768660130977133,-74.04375627090793
L18,PORTAL 20 DE JULIO,2,Calle 187 A - 2 ó 5,4.763080360952661,-74.04466562761519
L18,PORTAL 20 DE JULIO,3,Alcalá A - 2 ó 5,4.720277839765603,-74.05163962413236
L18,PORTAL 20 DE JULIO,4,Calle 127 B - 2 ó 5,4.704623717004507,-74.05427539658952
L18,PORTAL 20 DE JULIO,5,Pepe Sierra B - 2 ó 5,4.698094335129674,-74.05534804512271
L18,PORTAL 20 DE JULIO,6,Virrey A - 2 ó 5,4.674964672643404,-74.05920300503954
L18,PORTAL 20 DE JULIO,7,Calle 76 A - 2 ó 5,4.662228104456353,-74.0614453179874
L18,PORTAL 20 DE JULIO,8,Calle 45 B – 2 ó 5 T,4.6312494666669295,-74.06793239361834
L18,PORTAL 20 DE JULIO,9,Calle 34 A - 2 ó 5-T,4.6191652804912335,-74.07088524823573
L18,PORTAL 20 DE JULIO,10,Av. Jiménez A - 2 ó 5-T,4.599556035824611,-74.08279700320485
L18,PORTAL 20 DE JULIO,10,Av. Jiménez A - 2 ó 5-T,4.599556035824611,-74.08279700320485
L18,PORTAL 20 DE JULIO,11,Bicentenario B - 2 ó 5,4.593045462752469,-74.08256858267178
L18,PORTAL 20 DE JULIO,11,Bicentenario B - 2 ó 5,4.593045462752469,-74.08256858267178
L18,PORTAL 20 DE JULIO,12,San Bernardo A - 2 ó 5,4.589837454899792,-74.08460729449608
L18,PORTAL 20 DE JULIO,12,San Bernardo A - 2 ó 5,4.589837454899792,-74.08460729449608
L18,PORTAL 20 DE JULIO,13,Av. 1 de Mayo C - 1 ó 5,4.577422346207492,-74.09339480682041
L18,PORTAL 20 DE JULIO,13,Av. 1 de Mayo C - 1 ó 5,4.577422346207492,-74.09339480682041
L18,PORTAL 20 DE JULIO,14,Country Sur A - 2 ó 5,4.571118249394583,-74.09897523667935
L18,PORTAL 20 DE JULIO,14,Country Sur A - 2 ó 5,4.571118249394583,-74.09897523667935
L18,PORTAL 20 DE JULIO,15,PORTAL 20 DE JULIO T-9,4.565468233994628,-74.09746858027495
L18,PORTAL 20 DE JULIO,15,PORTAL 20 DE JULIO T-9,4.565468233994628,-74.09746858027495
L25,Portal 20 de Julio,1,Portal Suba T7,4.746955507995601,-74.09396187478949
L25,Portal 20 de Julio,2,La Campiña B - 1 ó 5,4.742718753972549,-74.09135267378618
L25,Portal 20 de Julio,3,Suba - Tv. 91 B - 1 ó 5,4.739031691777073,-74.08716494042011
L25,Portal 20 de Julio,4,21 Ángeles B - 1 ó 5,4.73557736720927,-74.08114666234104
L25,Portal 20 de Julio,5,Suba - Av. Boyacá B - 1 ó 5,4.721490114944005,-74.074827474296
L25,Portal 20 de Julio,6,Niza - Calle 127 B - 1 ó 5,4.712146811752159,-74.07237802943811
L25,Portal 20 de Julio,7,Suba - Calle 95 B - 1 ó 5,4.684844413773529,-74.06334454089584
L25,Portal 20 de Julio,8,San Martín B - 1 ó 5,4.6765999069469215,-74.0670878683918
L25,Portal 20 de Julio,9,NQS - Calle 75 A - 2 ó 5,4.669460572335146,-74.07208276542883
L25,Portal 20 de Julio,10,Av. Chile B - 2 ó 5,4.666153637567176,-74.07490888637776
L25,Portal 20 de Julio,11,Movistar Arena B - 2 ó 5,4.650043838290884,-74.07837147985931
L25,Portal 20 de Julio,12,Campín-UAN A - 2 ó 5,4.644854951184509,-74.07876855789782
L25,Portal 20 de Julio,13,Ricaurte A - 2 ó 5,4.61092874200755,-74.09453581265294
L25,Portal 20 de Julio,14,Guatoque - Veraguas B - 1 ó 5,4.604072645264606,-74.09492068136711
L25,Portal 20 de Julio,15,Tygua - San José B - 1 ó 5,4.599804490351247,-74.08890440895728
L25,Portal 20 de Julio,16,Bicentenario C - 2 ó 5,4.593897867701564,-74.08197084141159
L25,Portal 20 de Julio,17,San Bernardo B - 1 ó 5,4.590282643307516,-74.08431017358953
L25,Portal 20 de Julio,18,Av. 1 de Mayo C - 1 ó 5,4.577422346207492,-74.09339480682041
L25,Portal 20 de Julio,19,Country Sur B - 1 ó 5,4.571567296189614,-74.09854923470047
L25,Portal 20 de Julio,20,PORTAL 20 DE JULIO T4,4.565933511780125,-74.09660315484835
L41,Bicentenario,1,San Mateo A - 4 ó 6,4.585714419553129,-74.20598717329085
L41,Bicentenario,2,Terreros A - 4 ó 6,4.588549533899444,-74.20023814596405
L41,Bicentenario,3,Bosa B - 4 ó 6,4.596840549027372,-74.18076625877313
L41,Bicentenario,4,Alquería B - 4 ó 6,4.594170885947602,-74.13388462257328
L41,Bicentenario,5,NQS - Calle 30 Sur A - 4 ó 6,4.594685426118681,-74.11826189855356
L41,Bicentenario,6,Guatoque - Veraguas A - 2 ó 5,4.603710224994061,-74.09445238417527
L41,Bicentenario,7,Tygua - San José A - 2 ó 5,4.599460146847385,-74.08842708051121
L41,Bicentenario,8,Bicentenario C - 2 ó 5,4.593897867701564,-74.08197084141159
L81,Portal 20 de Julio,1,AC80 - K119,4.726316793222287,-74.12521804893149
L81,Portal 20 de Julio,2,AC 80 - KR 114,4.72327423602246,-74.1226088226545
L81,Portal 20 de Julio,3,AC 80 - K112A,4.719528940936822,-74.1197228664728
L81,Portal 20 de Julio,4,AC 80 - K110,4.716807351922156,-74.11779312972611
L81,Portal 20 de Julio,5,AC 80 - K106,4.715117488778159,-74.11656795576711
L81,Portal 20 de Julio,6,Av. 68 B - 1,4.686391646502361,-74.08103888618963
L81,Portal 20 de Julio,7,Cra. 47 A - 2 ó 5,4.677329366025294,-74.07268173251451
L81,Portal 20 de Julio,8,Polo C - 2 ó 5,4.670626812502079,-74.06479686570215
L81,Portal 20 de Julio,9,AC85 - KR13,4.669301342677652,-74.05406200791803
L81,Portal 20 de Julio,10,K11 - CL78,4.663233117444011,-74.05463850271184
L81,Portal 20 de Julio,11,CL72 - K10,4.656873950822581,-74.05855516907883
L81,Portal 20 de Julio,12,K7 - CL71 N/S A,4.653057283856033,-74.05645400268472
L81,Portal 20 de Julio,13,K7- CL66 N/S A,4.650477283788543,-74.05856933598567
L81,Portal 20 de Julio,14,K7 - CL61 N/S B,4.646380783689952,-74.06070216928453
L81,Portal 20 de Julio,15,K7 - CL56 N/S B,4.642737672838088,-74.06213993245015
L81,Portal 20 de Julio,16,K7 - CL51,4.6379231168044885,-74.06336666899271
L81,Portal 20 de Julio,17,K7 - CL45,4.632097616981824,-74.06409900300518
L81,Portal 20 de Julio,18,K7 - CL40 N/S A,4.628040959818517,-74.06534531797166
L81,Portal 20 de Julio,19,K7 - CL36,4.624314783551081,-74.06622233597437
L81,Portal 20 de Julio,20,K7 - CL33,4.620516283443729,-74.06752783601526
L81,Portal 20 de Julio,21,Museo Nacional B - 7,4.615569586160107,-74.06916989190914
L81,Portal 20 de Julio,22,San Victorino B - 2 ó 5,4.600703500804951,-74.07764832011681
L81,Portal 20 de Julio,23,Bicentenario A - 1 ó 5,4.592851245496218,-74.0827046774817
L81,Portal 20 de Julio,24,Av. 1  de Mayo B - 2 ó 5,4.576862021781255,-74.09379213600087
L81,Portal 20 de Julio,25,Country Sur A - 2 ó 5,4.571118249394583,-74.09897523667935
L81,Portal 20 de Julio,26,PORTAL 20 DE JULIO T10,4.565115243992572,-74.09791161606276
M47,Museo Nacional,1,Portal Sur T9,4.597707050773704,-74.17019623219495
M47,Museo Nacional,2,Perdomo A - 3 ó 6,4.595745977293628,-74.16515420850475
M47,Museo Nacional,3,Madelena A - 4 ó 6,4.596197950661392,-74.15720281737384
M47,Museo Nacional,4,Sevillana B - 3 ó 6,4.595047439128108,-74.14713197569306
M47,Museo Nacional,5,NQS - Calle 38A Sur B - 4 ó 6,4.593796232420673,-74.1233922196025
M47,Museo Nacional,6,Comuneros A - 4 ó 6,4.604079096574452,-74.10000487048318
M47,Museo Nacional,7,Guatoque - Veraguas A - 2 ó 5,4.603710224994061,-74.09445238417527
M47,Museo Nacional,8,Tygua - San José A - 2 ó 5,4.599460146847385,-74.08842708051121
M47,Museo Nacional,9,San Victorino C - 4 ó 6,4.601589227043529,-74.07700304403657
M47,Museo Nacional,10,Las Nieves B - 4 ó 6,4.606406681936218,-74.07405810568761
M47,Museo Nacional,11,San Diego B - 4 ó 6,4.611327782816532,-74.07116866913886
M47,Museo Nacional,12,Museo Nacional A - 2 ó 5,4.6146852333535024,-74.06945797151832
M51,Museo Nacional,1,Portal Américas T4,4.629225121085764,-74.17349006565718
M51,Museo Nacional,2,Biblioteca Tintal B - 2 ó 5.,4.638682478228063,-74.15844107997906
M51,Museo Nacional,3,Banderas T4,4.631163274140957,-74.14503640325907
M51,Museo Nacional,4,Mandalay A - 2 ó 5,4.630660713070713,-74.1408720863745
M51,Museo Nacional,5,Av. Américas - Av. Boyacá A - 2 ó 5,4.629964432657291,-74.13365194591954
M51,Museo Nacional,6,Marsella A - 2 ó 5,4.629516070279247,-74.12947857513382
M51,Museo Nacional,7,Pradera A - 2 ó 5,4.628389465714526,-74.1181842758647
M51,Museo Nacional,8,Distrito Grafiti A - 2 ó 5,4.627774622013719,-74.111162449002
M51,Museo Nacional,9,Ricaurte D - 2 ó 5,4.613029890914125,-74.09051725619697
M51,Museo Nacional,10,Av. Jiménez E - 2 ó 5,4.602586340306624,-74.0786243635092
M51,Museo Nacional,11,Las Nieves A - 4 ó 6,4.605855373573283,-74.07441939872504
M51,Museo Nacional,12,San Diego A - 3 ó 6,4.610410831430541,-74.07173618388343
M51,Museo Nacional,13,Museo Nacional A - 3 ó 6,4.615027176445573,-74.06926758852401
M82,CLL134 KR 7,1,PORTAL 20 DE JULIO T8,4.565786373614909,-74.09713488998055
M82,CLL134 KR 7,2,Country Sur B - 4 ó 6,4.571729856202213,-74.09834170653173
M82,CLL134 KR 7,3,AV. 1 de mayo A - 4 ó 6,4.5764461983118965,-74.09400899928579
M82,CLL134 KR 7,4,Bicentenario A - 3 ó 6,4.593030189955038,-74.08251281249292
M82,CLL134 KR 7,5,San Diego A - 3 ó 6,4.610410831430541,-74.07173618388343
M82,CLL134 KR 7,6,K7 - CL78,4.660114117366391,-74.05142733609004
M82,CLL134 KR 7,7,K7 - CL92,4.670699117632069,-74.04406950286572
M82,CLL134 KR 7,8,K7 - CL94,4.674555951062894,-74.0413055029119
M82,CLL134 KR 7,9,K7 - CL100,4.680410451207153,-74.03768066963927
M82,CLL134 KR 7,10,K7 - CL106,4.685684101598129,-74.03528408730003
M82,CLL134 KR 7,11,K7 - CL110,4.688957118086073,-74.03456566968896
M82,CLL134 KR 7,12,K7 - CL116,4.693363784859276,-74.03313366970664
M82,CLL134 KR 7,13,K7 - CL119B,4.696859451617383,-74.03125933640669
M82,CLL134 KR 7,14,K7 - CL124,4.700087285022862,-74.02867883644801
M82,CLL134 KR 7,15,K7 - CL127B,4.705220118488735,-74.0284621697829
M82,CLL134 KR 7,16,K7 - CL130B,4.708917778181631,-74.02848275163686
M82,CLL134 KR 7,17,CL134 - K7,4.711922118658236,-74.02983250309642
M83,Museo Nacional,1,Portal Usme T2D,4.531267850352023,-74.11961019993475
M83,Museo Nacional,2,Danubio A - 3 ó 6,4.546023011054921,-74.12096242787302
M83,Museo Nacional,3,Consuelo B - 4,4.560382101887167,-74.12390160678157
M83,Museo Nacional,4,Quiroga A - 3,4.5767432508620605,-74.11452496234341
M83,Museo Nacional,5,Av. 1 de Mayo B - 4 ó 6,4.577087853361643,-74.09354846892101
M83,Museo Nacional,6,Policarpa B - 4 ó 6,4.586574773881539,-74.08670496752889
M83,Museo Nacional,7,Bicentenario B - 4 ó 6,4.593590481099774,-74.08209743563474
M83,Museo Nacional,8,San Victorino C - 4 ó 6,4.601589227043529,-74.07700304403657
M83,Museo Nacional,9,San Diego B - 4 ó 6,4.611327782816532,-74.07116866913886
M83,Museo Nacional,10,Museo Nacional A - 3 ó 6,4.615027176445573,-74.06926758852401
M86,KR 7 CLL 116,1,Portal Eldorado T-6A,4.680786104589232,-74.12098149698342
M86,KR 7 CLL 116,2,Av. Rojas C - 1,4.662326362862427,-74.10911778649837
M86,KR 7 CLL 116,3,El Tiempo - Maloka A - 2 ó 5,4.65678590478294,-74.10554571708512
M86,KR 7 CLL 116,4,CAN A - 2 ó 5,4.646574066961598,-74.09896857698286
M86,KR 7 CLL 116,5,Gobernación A - 2 ó 5,4.642683099610752,-74.09655451692585
M86,KR 7 CLL 116,6,Corferias A - 2 ó 5,4.634237005260459,-74.08968748077787
M86,KR 7 CLL 116,7,Concejo de Bogotá B - 2 ó 5,4.6261162257922575,-74.08045106609191
M86,KR 7 CLL 116,8,San Diego B - 4 ó 6,4.611327782816532,-74.07116866913886
M86,KR 7 CLL 116,9,Museo Nacional B - 8,4.615586579668531,-74.06903561449593
M86,KR 7 CLL 116,10,K7 - CL40 S/N B,4.628191642607346,-74.06509722226748
M86,KR 7 CLL 116,11,K7 - CL50,4.637046783508128,-74.06339750216085
M86,KR 7 CLL 116,12,K7 - CL57,4.643012784019693,-74.06188300268019
M86,KR 7 CLL 116,13,K7 - CL61,4.6465466169868845,-74.06039833616002
M86,KR 7 CLL 116,14,K7 - CL66,4.650352616730342,-74.05846050308004
M86,KR 7 CLL 116,15,K7 - CL70A S/N B,4.653803285372547,-74.05575684376569
M86,KR 7 CLL 116,16,K7-CL82,4.662353617425288,-74.04932100279018
M86,KR 7 CLL 116,17,K7 - CL87,4.665827450838227,-74.04639766949569
M86,KR 7 CLL 116,18,K7 - CL92,4.670699117632069,-74.04406950286572
M86,KR 7 CLL 116,19,K7 - CL94,4.674555951062894,-74.0413055029119
M86,KR 7 CLL 116,20,K7 - CL100,4.680410451207153,-74.03768066963927
M86,KR 7 CLL 116,21,K7 - CL116,4.693363784859276,-74.03313366970664
M86,KR 7 CLL 116,22,K7 - CL118 N/S A,4.695214765831796,-74.03259162294904
MC84,M84 KR 7 CLL 73 || C84 Av. Suba K114 D,1,Av Suba - K114D,4.750387829705257,-74.10367403650692
MC84,M84 KR 7 CLL 73 || C84 Av. Suba K114 D,2,Av Suba - K110A.,4.748639119130909,-74.09997150235448
MC84,M84 KR 7 CLL 73 || C84 Av. Suba K114 D,3,21 Ángeles A - 2,4.73526022285404,-74.0807323371285
MC84,M84 KR 7 CLL 73 || C84 Av. Suba K114 D,4,Puentelargo A - 2,4.6930766351361175,-74.06710349510173
MC84,M84 KR 7 CLL 73 || C84 Av. Suba K114 D,5,Polo C - 2 ó 5,4.670626812502079,-74.06479686570215
MC84,M84 KR 7 CLL 73 || C84 Av. Suba K114 D,6,AC85 - KR16A,4.670645976599075,-74.05685200193209
MC84,M84 KR 7 CLL 73 || C84 Av. Suba K114 D,7,AC85 - AK11,4.667983222970256,-74.05187564132554
MC84,M84 KR 7 CLL 73 || C84 Av. Suba K114 D,8,K11 - CL78,4.663233117444011,-74.05463850271184
MC84,M84 KR 7 CLL 73 || C84 Av. Suba K114 D,9,CL72 - K10,4.656873950822581,-74.05855516907883
MC84,M84 KR 7 CLL 73 || C84 Av. Suba K114 D,10,K7 - CL73 S/N A,4.656534159918974,-74.05436307962125
MC84,M84 KR 7 CLL 73 || C84 Av. Suba K114 D,11,CL76 - K11,4.661881451080635,-74.05747883600125
MC84,M84 KR 7 CLL 73 || C84 Av. Suba K114 D,12,Polo B -7,4.670210142376835,-74.06436468372605
MC84,M84 KR 7 CLL 73 || C84 Av. Suba K114 D,13,Puentelargo A - 3,4.693279906191651,-74.0671378819712
MC84,M84 KR 7 CLL 73 || C84 Av. Suba K114 D,14,21 Ángeles A - 3,4.73542317405416,-74.08083129985589
MC84,M84 KR 7 CLL 73 || C84 Av. Suba K114 D,15,Av Suba - K110A,4.749060619991502,-74.10033083543233
MC84,M84 KR 7 CLL 73 || C84 Av. Suba K114 D,16,Av Suba - K114D,4.750387829705257,-74.10367403650692
MK86,M86 KR 7 CLL 116 || K86  Portal ElDorado,1,Portal Eldorado T-6A,4.680786104589232,-74.12098149698342
MK86,M86 KR 7 CLL 116 || K86  Portal ElDorado,2,Av. Rojas C - 1,4.662326362862427,-74.10911778649837
MK86,M86 KR 7 CLL 116 || K86  Portal ElDorado,3,El Tiempo - Maloka A - 2 ó 5,4.65678590478294,-74.10554571708512
MK86,M86 KR 7 CLL 116 || K86  Portal ElDorado,4,CAN A - 2 ó 5,4.646574066961598,-74.09896857698286
MK86,M86 KR 7 CLL 116 || K86  Portal ElDorado,5,Gobernación A - 2 ó 5,4.642683099610752,-74.09655451692585
MK86,M86 KR 7 CLL 116 || K86  Portal ElDorado,6,Corferias A - 2 ó 5,4.634237005260459,-74.08968748077787
MK86,M86 KR 7 CLL 116 || K86  Portal ElDorado,7,Concejo de Bogotá B - 2 ó 5,4.6261162257922575,-74.08045106609191
MK86,M86 KR 7 CLL 116 || K86  Portal ElDorado,8,San Diego B - 4 ó 6,4.611327782816532,-74.07116866913886
MK86,M86 KR 7 CLL 116 || K86  Portal ElDorado,9,Museo Nacional B - 8,4.615586579668531,-74.06903561449593
MK86,M86 KR 7 CLL 116 || K86  Portal ElDorado,10,K7 - CL40 S/N B,4.628191642607346,-74.06509722226748
MK86,M86 KR 7 CLL 116 || K86  Portal ElDorado,11,K7 - CL50,4.637046783508128,-74.06339750216085
MK86,M86 KR 7 CLL 116 || K86  Portal ElDorado,12,K7 - CL57,4.643012784019693,-74.06188300268019
MK86,M86 KR 7 CLL 116 || K86  Portal ElDorado,13,K7 - CL61,4.6465466169868845,-74.06039833616002
MK86,M86 KR 7 CLL 116 || K86  Portal ElDorado,14,K7 - CL66,4.650352616730342,-74.05846050308004
MK86,M86 KR 7 CLL 116 || K86  Portal ElDorado,15,K7 - CL70A S/N B,4.653803285372547,-74.05575684376569
MK86,M86 KR 7 CLL 116 || K86  Portal ElDorado,16,K7-CL82,4.662353617425288,-74.04932100279018
MK86,M86 KR 7 CLL 116 || K86  Portal ElDorado,17,K7 - CL87,4.665827450838227,-74.04639766949569
MK86,M86 KR 7 CLL 116 || K86  Portal ElDorado,18,K7 - CL92,4.670699117632069,-74.04406950286572
MK86,M86 KR 7 CLL 116 || K86  Portal ElDorado,19,K7 - CL94,4.674555951062894,-74.0413055029119
MK86,M86 KR 7 CLL 116 || K86  Portal ElDorado,20,K7 - CL100,4.680410451207153,-74.03768066963927
MK86,M86 KR 7 CLL 116 || K86  Portal ElDorado,21,K7 - CL116,4.693363784859276,-74.03313366970664
MK86,M86 KR 7 CLL 116 || K86  Portal ElDorado,22,K7 - CL118 N/S A,4.695214765831796,-74.03259162294904
MK86,M86 KR 7 CLL 116 || K86  Portal ElDorado,23,K7 - CL116 N/S B,4.692730618177442,-74.0336581697009
MK86,M86 KR 7 CLL 116 || K86  Portal ElDorado,24,K7  -  CL101,4.6809787845483415,-74.03772850296502
MK86,M86 KR 7 CLL 116 || K86  Portal ElDorado,25,K7  -  CL94,4.675055451072214,-74.04107216958623
MK86,M86 KR 7 CLL 116 || K86  Portal ElDorado,26,K7 - CL90,4.66926428425997,-74.04495716952394
MK86,M86 KR 7 CLL 116 || K86  Portal ElDorado,27,K7  -  CL86,4.666823284198843,-74.04609066950002
MK86,M86 KR 7 CLL 116 || K86  Portal ElDorado,28,K7  -  CL81,4.662821117431929,-74.04905066946336
MK86,M86 KR 7 CLL 116 || K86  Portal ElDorado,29,K7 - CL74 N/S B,4.657318283963781,-74.05403666938807
MK86,M86 KR 7 CLL 116 || K86  Portal ElDorado,30,K7 - CL71 N/S B,4.653684121295216,-74.05606110408887
MK86,M86 KR 7 CLL 116 || K86  Portal ElDorado,31,K7- CL66 N/S B,4.650527390560002,-74.05850953002867
MK86,M86 KR 7 CLL 116 || K86  Portal ElDorado,32,K7 - CL60 N/S A,4.6461246170145385,-74.0609470026173
MK86,M86 KR 7 CLL 116 || K86  Portal ElDorado,33,K7 - CL55 N/S A,4.641840116911928,-74.06240666926443
MK86,M86 KR 7 CLL 116 || K86  Portal ElDorado,34,K7 - CL51,4.6379231168044885,-74.06336666899271
MK86,M86 KR 7 CLL 116 || K86  Portal ElDorado,35,K7 - CL40 N/S B,4.628472449910774,-74.06523466922657
MK86,M86 KR 7 CLL 116 || K86 Portal ElDorado,36,Museo Nacional A - 7,4.614851963317698,-74.06940474853323
MK86,M86 KR 7 CLL 116 || K86  Portal ElDorado,36,Museo Nacional A - 7,4.614851963317698,-74.06940474853323
MK86,M86 KR 7 CLL 116 || K86 Portal ElDorado,37,Concejo de Bogotá B - 4 ó 6,4.626423915005486,-74.08055884641043
MK86,M86 KR 7 CLL 116 || K86  Portal ElDorado,37,Concejo de Bogotá B - 4 ó 6,4.626423915005486,-74.08055884641043
MK86,M86 KR 7 CLL 116 || K86 Portal ElDorado,38,Corferias A - 3 ó 6,4.634350604811764,-74.08968970606547
MK86,M86 KR 7 CLL 116 || K86  Portal ElDorado,38,Corferias A - 3 ó 6,4.634350604811764,-74.08968970606547
MK86,M86 KR 7 CLL 116 || K86 Portal ElDorado,39,Gobernación A - 3 ó 6,4.642819140610239,-74.09649338181805
MK86,M86 KR 7 CLL 116 || K86  Portal ElDorado,39,Gobernación A - 3 ó 6,4.642819140610239,-74.09649338181805
MK86,M86 KR 7 CLL 116 || K86 Portal ElDorado,40,CAN A - 3 ó 6,4.646845423178273,-74.09895921733815
MK86,M86 KR 7 CLL 116 || K86  Portal ElDorado,40,CAN A - 3 ó 6,4.646845423178273,-74.09895921733815
MK86,M86 KR 7 CLL 116 || K86 Portal ElDorado,41,El Tiempo - Maloka B - 4 ó 6,4.65757326225394,-74.10585124024279
MK86,M86 KR 7 CLL 116 || K86  Portal ElDorado,41,El Tiempo - Maloka B - 4 ó 6,4.65757326225394,-74.10585124024279
MK86,M86 KR 7 CLL 116 || K86 Portal ElDorado,42,Av. Rojas C - 3,4.662663938033735,-74.10917085196753
MK86,M86 KR 7 CLL 116 || K86  Portal ElDorado,42,Av. Rojas C - 3,4.662663938033735,-74.10917085196753
MK86,M86 KR 7 CLL 116 || K86 Portal ElDorado,43,Portal Eldorado T-3A,4.682450106114308,-74.12187682454318
MK86,M86 KR 7 CLL 116 || K86  Portal ElDorado,43,Portal Eldorado T-6A,4.680786104589232,-74.12098149698342
MK86,M86 KR 7 CLL 116 || K86 Portal ElDorado,44,CL26 - KR103,4.690376618127565,-74.13143166839201
MK86,M86 KR 7 CLL 116 || K86 Portal ElDorado,45,Puente Aéreo,4.691855784830081,-74.13338366837795
MK86,M86 KR 7 CLL 116 || K86 Portal ElDorado,46,CL26 - KR106,4.6942217848844034,-74.13606416834985
MK86,M86 KR 7 CLL 116 || K86 Portal ElDorado,47,Aeropuerto Eldorado,4.697482958464917,-74.14044097103844
MK86,M86 KR 7 CLL 116 || K86 Portal ElDorado,48,CAC,4.692797784850628,-74.13598883500987
MK86,M86 KR 7 CLL 116 || K86 Portal ElDorado,49,Aeronáutica Civil,4.69034795145516,-74.13275616837875
MK86,M86 KR 7 CLL 116 || K86 Portal ElDorado,50,Portal Eldorado T-6A,4.680786104589232,-74.12098149698342
ML82,M82 CLL134 KR 7 || L82  Portal 20 de Julio,1,PORTAL 20 DE JULIO T8,4.565786373614909,-74.09713488998055
ML82,M82 CLL134 KR 7 || L82  Portal 20 de Julio,2,Country Sur B - 4 ó 6,4.571729856202213,-74.09834170653173
ML82,M82 CLL134 KR 7 || L82  Portal 20 de Julio,3,AV. 1 de mayo A - 4 ó 6,4.5764461983118965,-74.09400899928579
ML82,M82 CLL134 KR 7 || L82  Portal 20 de Julio,4,Bicentenario A - 3 ó 6,4.593030189955038,-74.08251281249292
ML82,M82 CLL134 KR 7 || L82  Portal 20 de Julio,5,San Diego A - 3 ó 6,4.610410831430541,-74.07173618388343
ML82,M82 CLL134 KR 7 || L82  Portal 20 de Julio,6,K7 - CL78,4.660114117366391,-74.05142733609004
ML82,M82 CLL134 KR 7 || L82  Portal 20 de Julio,7,K7 - CL92,4.670699117632069,-74.04406950286572
ML82,M82 CLL134 KR 7 || L82  Portal 20 de Julio,8,K7 - CL94,4.674555951062894,-74.0413055029119
ML82,M82 CLL134 KR 7 || L82  Portal 20 de Julio,9,K7 - CL100,4.680410451207153,-74.03768066963927
ML82,M82 CLL134 KR 7 || L82  Portal 20 de Julio,10,K7 - CL106,4.685684101598129,-74.03528408730003
ML82,M82 CLL134 KR 7 || L82  Portal 20 de Julio,11,K7 - CL110,4.688957118086073,-74.03456566968896
ML82,M82 CLL134 KR 7 || L82  Portal 20 de Julio,12,K7 - CL116,4.693363784859276,-74.03313366970664
ML82,M82 CLL134 KR 7 || L82  Portal 20 de Julio,13,K7 - CL119B,4.696859451617383,-74.03125933640669
ML82,M82 CLL134 KR 7 || L82  Portal 20 de Julio,14,K7 - CL124,4.700087285022862,-74.02867883644801
ML82,M82 CLL134 KR 7 || L82  Portal 20 de Julio,15,K7 - CL127B,4.705220118488735,-74.0284621697829
ML82,M82 CLL134 KR 7 || L82  Portal 20 de Julio,16,K7 - CL130B,4.708917778181631,-74.02848275163686
ML82,M82 CLL134 KR 7 || L82  Portal 20 de Julio,17,CL134 - K7,4.711922118658236,-74.02983250309642
ML82,M82 CLL134 KR 7 || L82  Portal 20 de Julio,18,K7 - CL132,4.7111927853021465,-74.02918433643318
ML82,M82 CLL134 KR 7 || L82  Portal 20 de Julio,19,K7  -  CL127B,4.705250578973576,-74.02872994760875
ML82,M82 CLL134 KR 7 || L82  Portal 20 de Julio,20,K7  -  CL124,4.700940785049188,-74.02875750311391
ML82,M82 CLL134 KR 7 || L82  Portal 20 de Julio,21,K7 - CL118 N/S B,4.695446451578122,-74.0324150030565
ML82,M82 CLL134 KR 7 || L82  Portal 20 de Julio,22,K7 - CL116 N/S A,4.692582855776641,-74.03375814782953
ML82,M82 CLL134 KR 7 || L82  Portal 20 de Julio,23,K7  -  CL110,4.689506784764011,-74.03484800301528
ML82,M82 CLL134 KR 7 || L82  Portal 20 de Julio,24,K7  - CL106,4.684453784636305,-74.03613733632237
ML82,M82 CLL134 KR 7 || L82  Portal 20 de Julio,25,K7  -  CL101,4.6809787845483415,-74.03772850296502
ML82,M82 CLL134 KR 7 || L82  Portal 20 de Julio,26,K7 - CL97A,4.6781556178112815,-74.03976683626541
ML82,M82 CLL134 KR 7 || L82  Portal 20 de Julio,27,K7  -  CL94,4.675055451072214,-74.04107216958623
ML82,M82 CLL134 KR 7 || L82  Portal 20 de Julio,28,K7 - CL90,4.66926428425997,-74.04495716952394
ML82,M82 CLL134 KR 7 || L82  Portal 20 de Julio,29,K7 - CL79,4.660545950711182,-74.05120833609062
ML82,M82 CLL134 KR 7 || L82  Portal 20 de Julio,30,K7 - CL74 N/S A,4.657069306618066,-74.05435179010095
ML82,M82 CLL134 KR 7 || L82  Portal 20 de Julio,31,San Diego A - 2 ó 5,4.610138232625112,-74.07196554583403
ML82,M82 CLL134 KR 7 || L82  Portal 20 de Julio,32,Bicentenario B - 2 ó 5,4.593045462752469,-74.08256858267178
ML82,M82 CLL134 KR 7 || L82  Portal 20 de Julio,33,Av. 1 de Mayo A - 2 ó 5,4.576184241156317,-74.09429778228511
ML82,M82 CLL134 KR 7 || L82  Portal 20 de Julio,34,Country Sur B - 1 ó 5,4.571567296189614,-74.09854923470047
ML82,M82 CLL134 KR 7 || L82  Portal 20 de Julio,35,PORTAL 20 DE JULIO T8,4.565786373614909,-74.09713488998055
P85-M85,P85 AV 68 Calle 9 || M85 Museo Nacional,1,Museo Nacional A - 3 ó 6,4.615027176445573,-74.06926758852401
P85-M85,P85 AV 68 Calle 9 || M85 Museo Nacional,2,Centro Memoria A - 4 ó 6,4.620361628361522,-74.07626790889582
P85-M85,P85 AV 68 Calle 9 || M85 Museo Nacional,3,Quinta Paredes B - 4 ó 6,4.637956881653418,-74.09335128932148
P85-M85,P85 AV 68 Calle 9 || M85 Museo Nacional,4,CAN B - 4 ó 6,4.6473433225364245,-74.09926509796082
P85-M85,P85 AV 68 Calle 9 || M85 Museo Nacional,5,Salitre - El Greco B - 4 ó 6,4.651305979281178,-74.10188749805754
P85-M85,P85 AV 68 Calle 9 || M85 Museo Nacional,6,AK 68 - Cl 23,4.648055000000001,-74.10797800000033
P85-M85,P85 AV 68 Calle 9 || M85 Museo Nacional,7,AK 68 - Cl 20,4.644296,-74.11126300000033
P85-M85,P85 AV 68 Calle 9 || M85 Museo Nacional,8,AK 68 - CL 12A,4.634852,-74.1200280000003
P85-M85,P85 AV 68 Calle 9 || M85 Museo Nacional,9,V2,4.632049999999996,-74.12131500000027
P85-M85,P85 AV 68 Calle 9 || M85 Museo Nacional,10,AK 68 - CL 9A,4.630689000000001,-74.1215200000003
P85-M85,P85 AV 68 Calle 9 || M85 Museo Nacional,11,AK68- CL12,4.635076196564611,-74.11978065919604
P85-M85,P85 AV 68 Calle 9 || M85 Museo Nacional,12,AK 68 - Cl 13,4.638464999999994,-74.11682999999994
P85-M85,P85 AV 68 Calle 9 || M85 Museo Nacional,13,AK 68 - Cl 19,4.642993,-74.11222200000032
P85-M85,P85 AV 68 Calle 9 || M85 Museo Nacional,14,Salitre - El Greco B - 1 ó 5,4.6510643655567865,-74.10184771617251
P85-M85,P85 AV 68 Calle 9 || M85 Museo Nacional,15,CAN B - 1 ó 5,4.647044864086693,-74.0993015371845
P85-M85,P85 AV 68 Calle 9 || M85 Museo Nacional,16,Quinta Paredes B -1 ó 5,4.63771120870647,-74.09333645732049
P85-M85,P85 AV 68 Calle 9 || M85 Museo Nacional,17,Centro Memoria A - 2 ó 5-nw,4.6201139999999965,-74.07612500000045
P85-M85,P85 AV 68 Calle 9 || M85 Museo Nacional,18,Museo Nacional A - 3 ó 6,4.615027176445573,-74.06926758852401
